:020000040000FA
:1000000088100120315E0100FFF602001D5E010034
:100010001D5E01001D5E01001D5E01001D5E0100F0
:10002000000000000000000000000000C55F0100AB
:100030001D5E0100000000002D5F01001D5E01003B
:10004000F9610100F9610100F9610100F961010044
:10005000F9610100F9610100F9610100F961010034
:10006000F9610100F9610100F9610100F961010024
:10007000F9610100F9610100F9610100F961010014
:10008000F9610100F9610100F9610100F961010004
:10009000F9610100F9610100F9610100F9610100F4
:1000A000F9610100F9610100F9610100F9610100E4
:1000B000F9610100F9610100F9610100F9610100D4
:1000C000F9610100F9610100F9610100F9610100C4
:1000D000F9610100F9610100F9610100F9610100B4
:1000E000F9610100F9610100F9610100F9610100A4
:1000F000F9610100F9610100F9610100F961010094
:10010000F9610100F9610100F9610100F961010083
:10011000F9610100F9610100F9610100F961010073
:10012000F9610100F9610100F9610100F961010063
:10013000F9610100F9610100F9610100F961010053
:10014000F9610100F9610100F9610100F961010043
:10015000F9610100F9610100F9610100F961010033
:10016000F9610100F9610100F9610100F961010023
:10017000F9610100F9610100F9610100F961010013
:10018000F9610100F9610100F9610100F961010003
:10019000F9610100F9610100F9610100F9610100F3
:1001A000F9610100F9610100F9610100F9610100E3
:1001B000F9610100F9610100F9610100F9610100D3
:1001C000F9610100F9610100F9610100F9610100C3
:1001D000F9610100F9610100F9610100F9610100B3
:1001E000F9610100F9610100F9610100F9610100A3
:1001F000F9610100F9610100F9610100F961010093
:10020000F9610100F9610100F9610100F961010082
:10021000F9610100F9610100F9610100F961010072
:10022000F9610100F9610100F9610100F961010062
:10023000F9610100F9610100F9610100F961010052
:10024000F9610100F9610100F9610100F961010042
:10025000F9610100EB1A0300F9610100F961010085
:10026000F9610100F96101001B1B0300F961010044
:10027000F9610100F9610100F9610100F961010012
:10028000F9610100F9610100F9610100F961010002
:10029000F9610100F9610100F9610100F9610100F2
:1002A000F9610100F9610100F9610100F9610100E2
:1002B000F9610100F9610100F9610100F9610100D2
:1002C000F9610100F9610100F9610100F9610100C2
:1002D000F9610100F9610100F9610100F9610100B2
:1002E000F9610100F9610100F9610100F9610100A2
:1002F000F9610100F9610100F9610100F961010092
:10030000F9610100F9610100F9610100F961010081
:10031000F9610100F9610100F9610100F961010071
:10032000F9610100F9610100F9610100F961010061
:10033000F9610100F9610100F9610100F961010051
:10034000F9610100F9610100F9610100F961010041
:10035000F9610100F9610100F9610100F961010031
:10036000F9610100F9610100F9610100F961010021
:10037000F9610100F9610100F9610100F961010011
:10038000F9610100F9610100F9610100F961010001
:10039000F9610100F9610100F9610100F9610100F1
:1003A000F9610100F9610100F9610100F9610100E1
:1003B000F9610100F9610100F9610100F9610100D1
:1003C000F9610100F9610100F9610100F9610100C1
:1003D000F9610100051B0300F9610100F9610100E9
:1003E000F9610100F9610100F9610100F9610100A1
:1003F000F9610100F9610100F9610100F961010091
:10040000F9610100F9610100F9610100F961010080
:10041000F9610100F9610100F9610100F961010070
:10042000F9610100F9610100F9610100F961010060
:10043000F9610100F9610100F9610100F961010050
:10044000F9610100F9610100F9610100F961010040
:10045000F9610100F9610100F9610100F961010030
:10046000F9610100F9610100F9610100F961010020
:0C047000F9610100F9610100F96101006F
:10048000064A074BDB7802604FF43472C3710023D5
:100490008280082203728271704700BFEB0701005F
:1004A000180F0020064A074B1B7902604FF4B47204
:1004B000C371FF238280082203728271704700BFDC
:1004C0009B030100180F00202DE9F743C41D0028ED
:1004D000064624F007040CBF0020204600F034FD3F
:1004E000071E04DA6FF00B0003B0BDE8F0830EB90D
:1004F000FC42F7D4374D6989288903316B7B03307F
:100500002A7B89B280B20CF073FF011EEADB3C4407
:10051000AB78EA78002E04F10304134408BF0020EE
:1005200024F0030403FB01F118BF204600F096FEFF
:1005300020440EB90028D5DB2B790446B3B1697D80
:1005400019446B791944FF29CCDC0330002E2A8A28
:10055000C9B220F003070CBF0020384600F0EEFEC1
:10056000041EBFDB3C440EB9002CBBDB012000F0B5
:10057000E1FCC8B1A97BB9B195F82C300734002B48
:1005800024F0070715BF402325234FF4817228224A
:10059000002E14BF3846002002F0AEFC041EA1DB82
:1005A0003C440EB9002C9DDBAB7CE3B12B799BB1B5
:1005B0000734002EA97C24F007070CBF0020384622
:1005C00005F0CEF9041E8DDB3C4466B9002C0ADA36
:1005D00088E700BF180F0020012000F0ABFC10B12D
:1005E000AB7B002BE4D1744B1B6893B1A97981B12B
:1005F0000334002EEA7C24F003070CBF00203846A9
:100600009847041EFFF66EAF3C4416B9002CFFF667
:1006100069AF6A4B1B688BB1297D79B10334002E19
:1006200024F003070CBF002038469847041EFFF64D
:1006300059AF3C4416B9002CFFF654AF604BD3F8C9
:100640000080B8F1000F16D0697DA1B10334002EEF
:100650002B7E24F0030708BF0020009318BF384604
:10066000EB7DAA7DC047041EFFF63CAF3C4416B9A3
:10067000002CFFF637AF072000F05CFC98B1A97999
:1006800089B10334002EAA7E24F003070CBF00209A
:10069000384600F041FF041EFFF624AF3C4416B973
:1006A000002CFFF61FAFB6FA86F895F825004FEA42
:1006B0005818A0B1E71CEB7F297F27F007071944E2
:1006C000434647F00407C9B23A4600F067FF041EEC
:1006D000FFF608AF3C4416B9002CFFF603AF95F8BF
:1006E0002610002959D00734002E2A8D24F0070740
:1006F0000CBF002038460CF090FE041EFFF6F2AE50
:100700003C4416B9002CFFF6EDAE1EB1298D3846DB
:1007100009F074F895F82010002940D095F824309D
:10072000002B3CD06A8C0734002E02F1240224F006
:1007300007090CBF0020484692B20CF06EFE071E5F
:10074000FFF6D0AE4F4416B9002FFFF6CBAE0337FD
:10075000AB7F297F27F0070795F82400194443460B
:1007600047F00407C9B23A4600F00AFF041EFFF63C
:10077000B9AE3C4416B9002CFFF6B4AE3EB16A8C5B
:10078000484695F82010083292B209F03DF82B6BDC
:100790005BB176B12C630020A6E60F46B5E7002ECC
:1007A000F5D0002211461046EFE7002EF3D1204687
:1007B0009AE62834FBD595E6A4000020AC00002082
:1007C000A80000201FB572B6194B5D6BE5B9BFF3E9
:1007D0004F8F1849184BCA6802F4E0621343CB608C
:1007E000BFF34F8F00BFFDE7B4FBF6F4D3B2013285
:1007F000002CF9D103F110026A4402F80C4C0A22D1
:1008000033B901A8A847E2E7044600220A26EDE72B
:10081000013BDBB203F110040DEB0406B0FBF2F474
:1008200002FB1400303006F80C0C2046E8E700BF4D
:10083000180F002000ED00E00400FA0513B5114C7C
:100840006846637B8DF80130237B8DF80030638927
:10085000ADF804302389ADF8023003F037F918B150
:10086000DB210320FFF7AEFF207E03F05FF908B124
:10087000DE21F6E7E07D03F053F908B1DF21F0E770
:1008800002B010BD180F002070B50546002850D0EA
:100890000BF042F818B94FF0FF34204670BD09F054
:1008A000FFFBB0F5FA7FF6D8234C03262348656397
:1008B000002500F0B9FA2A222946A01C84F83850F5
:1008C000257084F82C50256310F0C2FC40F201130F
:1008D00001212A46A67363801B23084621712381C8
:1008E000638140F20323A176A3811F2323824FF467
:1008F0000273638244F60113E382F7236384FB23CC
:10090000238502F057FB20B140F24F313046FFF70C
:1009100059FF02F06BFB044610B140F25231F5E78B
:10092000EFF3108572B600F063FE002DB5D162B60C
:10093000B3E76FF01504B0E7180F00203D08000082
:1009400038B51446002840F0D080694D95F838300D
:10095000032B00F0C780B9B112B96FF0150038BD94
:100960000139162900F2C180DFE801F00C1D2035A5
:100970005F68863B6B6E804147555A8C8F9DA0A364
:1009800095A6AA001378AB700020FFF79DFD002804
:10099000B7BF012302236FF00B0085F83830A8BFE2
:1009A00085F83830DBE71378EB70EDE71379002B2F
:1009B000D3D05379002BD0D01288FB2ACDD81A2A55
:1009C0006388CAD91B3BE02BC7D82368A288AB60D9
:1009D000484B9A80D8E713786A799342BDD32B713C
:1009E000D2E713782A799342B7D86B71CCE71378A2
:1009F0002A799342B1D86B75C6E71378002BACD037
:100A00005378013BDBB2F82BA7D813889278EB829E
:100A1000394B9A70B8E71078687607F08BFBB3E72C
:100A20001378002B99D0AB76AEE7012000F082FA64
:100A3000237808B1012B90D9AB73A5E713882B82DB
:100A4000A2E71378AB719FE7072000F073FA10B9A3
:100A50002378012B81D9072000F06CFA18B1237894
:100A6000002B3FF47AAF2378EB748DE71378082BD3
:100A70003FF673AF2B7587E71388FF2B3FF66DAFFB
:100A8000AB7481E71378EB767EE713780E2B3FF695
:100A900064AF2B7778E72368184A2B62636853604A
:100AA0002389138170E713786B776DE71378EB7701
:100AB0006AE71378AB7767E7137885F82A3063E73E
:100AC00092786178207802F075FA00287FF447AFB9
:100AD0006378012B7FF658AF08F088FE00287FF47A
:100AE00053AF3AE74FF0FF3039E76FF02C0036E7AD
:100AF000180F0020200F00202E0F0020380F00209C
:100B0000F8B50D46064630B329B311F0070422D1DB
:100B1000124F97F83830012B02D16FF00B00F8BD5F
:100B2000032B02D14FF0FF30F9E700F0ADF80028B9
:100B3000F8D02846FFF7C8FC0028EEDB0FF022FFB4
:100B40003046396B03F074F8FFF778FE0323204634
:100B500087F83830E3E76FF01500E0E7180F002062
:100B600010B5074C94F83830032B03D103F07CF810
:100B700003F0BCFF0CF078FD002084F8380010BDB5
:100B8000180F002050B1074B03F1140253F8041B57
:100B9000934240F8041BF9D1002070476FF0150014
:100BA000704700BF51FE0300074B10B593F8384063
:100BB0003CB903F007F80320044900F0B3F92046DC
:100BC00010BD4FF0FF30FBE7180F0020A504000018
:100BD000074B10B593F838403CB903F007F80220F2
:100BE000044900F09FF9204610BD4FF0FF30FBE7AD
:100BF000180F002081040000054B10B593F8384011
:100C00001CB902F0A1FF204610BD4FF0FF30FBE7FA
:100C1000180F0020054B10B593F838401CB90DF0A3
:100C20009BFE204610BD4FF0FF30FBE7180F002061
:100C3000054B10B593F838401CB90DF090FE2046D6
:100C400010BD4FF0FF30FBE7180F002008B5064B32
:100C500093F83830032B03D002F0C2FC002008BD0B
:100C60004FF0FF30FBE700BF180F002002680020A4
:100C7000014B1A60704700BF540F0020014B1B68E6
:100C8000184700BF540F0020024B1868003818BFE7
:100C900001207047540F0020F7B504462D4E071D64
:100CA0002C48376003F03AFF0228054606D129494F
:100CB00020460BF024FD284603B0F0BD042842D1A5
:100CC0003378092B0AD0262B1ED0314620460BF054
:100CD00092FDB0F5817F2DD3722112E005213E20D7
:100CE0000BF0E0FC0028F0D1F37801A932796846D6
:100CF00043EA0223ADF800300CF04AF90028CFD0C7
:100D000053210820FFF75EFD1A213E200BF0CAFC9C
:100D10000028DAD17368694601A8C3F30F23ADF840
:100D2000043011238DF806300CF046F90028B7D0B6
:100D30006521E6E70028B3D0A17820780BF0B2FC5B
:100D40000028B8D1ACE70828B5D1024920460BF0FD
:100D50000EFDB0E7580F0020074B4FF0FF3141F672
:100D6000FF72C3E9001205490022C1E900221F21D8
:100D7000C3E90212704700BF400000205C10002051
:100D80003F280CD801380B4BC0F3421200F01F0073
:100D900053F8223023FA00F000F001007047FF28DA
:100DA00006D04038044BC0F3421200F01F00EFE7BA
:100DB00001207047400000205C100020074B0146D6
:100DC000006849681A4603C240F48C221A6041F058
:100DD000107242F4FF625A60704700BF400000206A
:100DE0000246024B0068516803C370475C10002044
:100DF0000246024B0068516803C370474800002058
:100E0000FD28084B16BF00F1FF303F20C0B2420959
:100E100000F01F0003EB82039B6823FA00F000F050
:100E20000100704740000020014B1860704700BF70
:100E30006410002007B5FFF78FFF0DF0D5F8044BC5
:100E40001B6813B101909847019803B05DF804FB4B
:100E50006410002070B50C88C27CA6B2C4F30E04E6
:100E6000931C058804F118021D44825AADB21A443D
:100E700043882A44013AB2FBF5F202FB054292B2E2
:100E80009342044B8BBF3340B34313439BB20B805D
:100E900070BD00BF0080FFFF08B54B1E062B04D8B5
:100EA0004FF4D1711520FFF78DFC0A4B994202D9FE
:100EB00040F2A311F6E719B900B10160084608BD78
:100EC00028B103680022C3E901211A1D1A60043108
:100ED000F4E700BFFAFFFF7F10B5114B00EB4104B0
:100EE0001A786389B3FBF2F303FB0223013A1A4435
:100EF000B2F5706F027928BF00231A448378B2FBE1
:100F0000F3F0194403FB1020091AB1FBF3F003FBC3
:100F1000101313446FEA43436FEA5343638110BDD8
:100F200068100020024B03EB80004160704700BF57
:100F300068100020034B03EB80004068003818BFA6
:100F400001207047681000202DE9F04F10F0070ACB
:100F500085B0054604D040F261111720FFF732FC3E
:100F6000544F04464FF0010B07F14806B146B04616
:100F700057F8043B8DF80BA03BB101A898479DF8AA
:100F80000A30082B01D9E821E7E79DF80B1081BB57
:100F900005B13160B94506F10406E9D12DB300234E
:100FA000DFF814E111221E468EF8003058F82200B6
:100FB000013A60B190F804A08178BAF1FF0F64D1D2
:100FC0004FF000078E4207713CBFCEB20123511C87
:100FD000ECD10BB18EF80060112640F6FF6A58F88C
:100FE0002670002F63D1013EF9D2601B05B0BDE829
:100FF000F08F9DF80AC04A1DBCF1020FE64604EBD3
:10100000420438BF4FF0020E53000EF1FF3004448B
:10101000CEF100002040BDF808406444CCF1000C43
:10102000013C04EA0C04B4F5803F01D3F82194E7B5
:1010300075B1C31A336099701C8083F803B09DF8B2
:101040000C201A71019A4FEA124C1A81A3F806C0BB
:1010500004FB01049EE758F82C90B9F1000F06D06C
:1010600099F804B0D34504BF99F802904F440CF1AD
:10107000FF3CBCF1000FEEDA3944FF29A2D90BB1D5
:101080008EF8006040F2271167E794460027F0E7EA
:1010900007EB410309F101093846A3F80AA0FFF75D
:1010A0001BFF5FFA89F1BB788B42F1D89BE74FF0C9
:1010B0000009F6E76C10002068100020F8B54FF624
:1010C000FF7305460380184B03EB8101C86CB8B170
:1010D00086780379B3FBF6F206FB1233DBB21946CE
:1010E0000A1D00EB4202B2F902705488002F09DB9E
:1010F0000131B1FBF6F206FB1211C9B28B42EFD1FE
:101100000020F8BDFF29FBD0C4F30E03C4782B8068
:1011100024B94FF4D5711720FFF754FB5380BDE875
:10112000F8400CF044B900BF681000201D4B03EBE1
:10113000810170B5CC6C054644B3030404D54FF46B
:10114000DC711720FFF73EFB014620460CF012F938
:10115000FF28014604D02046BDE870400CF027B9B6
:10116000A078B5FBF0F300FB1353DBB219460A1D60
:1011700004EB4206B6F90260002E09DB0131B1FB37
:10118000F0F200FB1211C9B28B42F0D1002070BD09
:10119000FF29FBD08B4204EB42021CBF0023E3700B
:1011A0005580D8E768100020094B03EB810110B58A
:1011B000CC6C014620460CF0DDF8FF28014604D037
:1011C0002046BDE810400CF0F2B8002010BD00BF72
:1011D00068100020F8B5104B074603EB8101CC6C7A
:1011E000014620460CF0C6F8FF28054611D0E688D7
:1011F000238953EA064606D0014620460CF0D7F86C
:1012000001463846B04720462946FFF765FE0020D4
:10121000F8BD0520FCE700BF6810002038B50E4B74
:101220000446827903EB8203D86C08B9052038BDE7
:101230008278E1799142F9D24B1CE37100EB4103D2
:101240005D89B3F90A30002BF3DBA5800CF0AFF811
:1012500020600020EBE700BF6810002070B5044656
:1012600010F003000E4603D04F211820FFF7AAFA12
:10127000FFF712FE054624B1034831460460FFF72C
:101280000BFE284670BD00BFFC1000202DE9F3477F
:101290001C4C90461E46074622680D469DF8283095
:1012A0009DF82CA01AB961211820FFF78BFA1A4675
:1012B0000921404601930BF0CEFE52461FFA80F9F9
:1012C000092130460BF0C7FE80B209EB000120680F
:1012D0000CF025F8019B386018B9286002B0BDE811
:1012E000F08700EB0904414609222C6038680BF0B6
:1012F0006BFE534609223146286802B0BDE8F0472C
:101300000BF062BEFC10002070B50E4604460BF0D8
:10131000B5FE054630460BF0B1FE044B2A182146B7
:101320001868BDE870400CF01EB800BFFC1000202B
:10133000014B18680BF0E7BFFC1000201F2AF8B51E
:1013400004460ED89200033222F00303B3F5803F27
:101350002ED2194DB4B1A00711D05F210920FFF79B
:1013600031FAFF2A4FEA420304D9FF329A42A8BF5A
:101370001A46E8E77C2BB8BF7C231A46E3E72970BE
:101380006C602B8122F0030228230127120403FB47
:1013900001F06B680025120CEEB28E4200D3F8BD4E
:1013A00014B126181F705E60104401352833F3E72E
:1013B0004FF0FF30F3E700BF00110020144A002176
:1013C00038B553681478C8B2844203D8AB210920D9
:1013D000FFF7F8F91846013128330578002DF2D0CF
:1013E00000218170012412898161051D44709208D9
:1013F000C16100F12001446821F8022B994245F8AF
:10140000044B1444F8D100234361037038BD00BF7E
:10141000001100200A4B1B89B3F5FF7F4FEA9300B0
:1014200006D25A089B1A9BB2984238BF184670479A
:10143000B3F5EE6F01D8FF22F4E740F27263F3E7F1
:10144000001100202DE9F8434B7880460C4602F04D
:10145000040602F0FB07D3B1DFB12E4BD4F80490A1
:101460001D89B7BB0123AD084A46211D637004F1F5
:10147000280004F12003A761E76123F8025B98428A
:1014800041F8042B2A44F8D10023636101E0002FC6
:10149000E3D0FF23A370002E18BF0226A3191B7DE3
:1014A000032B03D1022F1CBF0136F6B2A319012270
:1014B0001A7506F10C02002304EB860624F812309C
:1014C0007268A3704046C8F80020A8F80430BDE850
:1014D000F883002114226170A0180FF0B9FEB5F551
:1014E000FF7F0FD26B08ED1AADB209EB0502C4F80D
:1014F00004902584A2606384C4F80C90A5842261C2
:10150000E384C6E7B5F5EE6F4FF0FF03EBD940F289
:101510007265EAE7001100202DE9F84305460C4604
:10152000F720052191460BF096FD061E22DB1DB922
:1015300006FB04F0BDE8F88315F0030703D09821FB
:101540001920FFF73FF9DFF83480C8F81050A5B232
:10155000A8F81460BBB29D42EAD9B8F814C04B4653
:10156000D8F810000522F72107FB0C0001370BF01B
:101570002BFDEFE74FF0FF30DCE700BF1411002038
:1015800007B5CDE900230B4603490246081D0CF0C0
:1015900045F803B05DF804FB2C11002013B5064C90
:1015A000CDE900230B46024604F1080104F10C00CA
:1015B0000CF034F802B010BD2C11002008B54B1E01
:1015C000032B03D923219020FFF7FCF8002801F119
:1015D000010114BF0C230523C9B203EB8101034BA6
:1015E000013121F00101197008BD00BF3C1100203C
:1015F000124B01224FF0FF3000211B685A60C3F8E4
:101600000803C3F80015C3F804250D4B1B685A6086
:1016100040F6FE72C3F808034020C3F80015094BDA
:101620000949C3F80825C1F88800BFF34F8FBFF3FD
:101630006F8FC1F88801C3F80825704794200020F7
:10164000902000200020085000E100E00A460648F3
:101650003A2302F8033BC368C1F8033003695360BF
:1016600043699360704700BF40110020024B5A8CC1
:1016700002435A845B6A184740110020014B002145
:101680005B6A18474011002010B5154C07F092FC1A
:1016900006F096FF208DFFF7F1FF237E63B122460F
:1016A000104904F1190052F80C3BE3606368536081
:1016B000A36893600DF09EFF0B4B228D93E803000F
:1016C00004F0D6F9236B188804F0FEF8A36B94F8A5
:1016D000341094F835009847002384F83C3010BD4E
:1016E000401100204D1600006C110020034B93F8B0
:1016F0003C300BB1FFF7C8BF704700BF401100205E
:1017000070B5224C0646636C256B236495F88C30CB
:1017100094F848000BB1031DD8B295F86D102EB99E
:10172000FF2803D195F86C308B4201D007F0DEFA28
:1017300095F88C3023B3E06C07F01EFD94F82C3044
:10174000E16C003B206C18BF012384F87030D5E9B0
:101750003A23C4E9182306F04DFE46B995F86D30DA
:10176000033B012B94BF2820002007F04BFD95F888
:101770006C10002007F0A6FD022384F83C3070BDF9
:10178000206C07F0F9FC06F01BFFE6E74011002093
:101790000138C0B2032808B504D940F267410620D9
:1017A000FFF710F8014B185C08BD00BF504F030055
:1017B00008B5094B93F83C20022A04D040F22D21B1
:1017C0002720FEF7FFFFDA7A42F00102DA72BDE865
:1017D0000840FFF759BF00BF4011002010B50E4C64
:1017E000A26F137803F00303032B04D1D378022BE9
:1017F00001D1002010BDE06F0BF0C8FC0028F9D12A
:10180000A36F1B7803F00303032BF2D002F052FC0A
:1018100080F00100C0B2EDE74011002038B51E4C49
:101820000546D4F88030984708B9012038BD94F8AF
:101830003430002BF9D194F82C301BB9012D03D092
:101840000020F3E7002DFBD194F88430DD06C3F3CC
:10185000001001D5FFF7C2FF636CD4F888201B7815
:10186000C3F300132AB9B4F88C2013B1B2FA82F38F
:101870005B0994F82C10628C39B1910705D5A36FE0
:10188000D878023818BF0120D0E7002ACDD100282F
:10189000D6D183F00100C9E7401100202DE9F043C3
:1018A000334C85B006460F4694F83C30256B012B2F
:1018B0005FFA83F804D040F29D412720FEF782FFB3
:1018C00095F87C3053B10021042085F87C10FFF797
:1018D000CDFE94F82C300BB185F87E80A16F0B788B
:1018E00003F00303032B05D195F8823013B90220CE
:1018F000FFF7BCFEA26F137803F00303032B02D0A3
:10190000537833BB012385F8823095F88C30D3B1FE
:1019100094F82C30216B003B94F8482091F86D002E
:1019200018BF01230392D5E93A8984F87030C4E9DD
:101930001889FFF72DFF00210346039A009102202A
:101940000C4906F0EFFC36B105B0BDE8F043FFF7F7
:101950009BBE0223D7E7002FF6D03046FFF75EFF8D
:101960000028F1D105B0BDE8F043FFF7C9BE00BFC4
:10197000401100209011002037B5724C0023256BD8
:101980008DF8053095F88C2094F848300AB104336E
:10199000DBB295F86C1028B9FF2B03D195F86D30A8
:1019A0008B4202D0FF2007F0A1F995F88230032B7B
:1019B00000F2B680DFE803F0023B94A794F88E3083
:1019C0006148ADF80630A5F85C3002F049FB80B103
:1019D000A16F4FF48070FFF749FE0121A36F85F8D6
:1019E0007D10DB781B2B1ED105F1100007F0AEF93E
:1019F00019E00DF105020DF10601E06F0BF066FB39
:101A0000A067A0B195F8C7308BB99DF805302BB908
:101A1000038001218370A06F0DF086FCBDF80610D5
:101A2000A06F0DF08EFD012384F88F3001E0474B4D
:101A3000A36795F88330A16FDB0003F008020B78F1
:101A400003F0F303134395F88420920002F004029C
:101A5000134323F010030B70FFF7C0FE0028A06FA4
:101A600014BF1023002302781343037095F88B30C2
:101A7000002B58D04378002B55D0E06C07F07CFB4E
:101A800094F82C30A06FB3FA83F35B0984F87030BC
:101A9000D5E93823C4E918230DF05BFC021EE16C84
:101AA00018BF0122A06F07F07FFD18B9A16FE06C8D
:101AB00006F0A0FCA06F0BF0E9FD95F86D10012079
:101AC00007F000FCA26F0123118884F8E030A4F82D
:101AD000841091781E4A84F83C30917003B030BD78
:101AE000B5F85C300DF105020DF10601E06FADF8BF
:101AF00006300BF0EBFAA067002894D140F2CD211C
:101B00002720FEF75FFE104802F0AAFA10B940F253
:101B1000D721F5E7A36FDB781B2B84D1012163E785
:101B200040F2E521ECE707F027FB06F049FDA06F46
:101B30000DF00FFC011EA06F18BF01210EF049FF30
:101B4000B8E700BF40110020B8110020D0110020DC
:101B5000C4110020064B10B593F83C2002F0FF049E
:101B600022B91C7603F07CFF204610BD0C24FBE755
:101B7000401100200A4B0B4A70B506460D461A600C
:101B8000FFF7E8FF18B1DE212720FEF71BFE064C09
:101B9000012104F190000DF0C7FB6664E56470BD9F
:101BA000C0000020B000002040110020024B0122A4
:101BB00083F8E120704700BF40110020F0B585B0E8
:101BC0009A4C02AE0A9F86E8030094F83C1001F09C
:101BD000FF0511B90AB103B127B940F26D112720F1
:101BE000FEF7F0FD96E8030004F12C0C84F8E150B8
:101BF00084F8345084F8E25084F8355084F8E0508A
:101C000084F88F5065842585C4F880306262A763AC
:101C10008CE80300256B07F0BBF806F0D1FC95F9C2
:101C2000740007F019F9A86A07F08AFA286A07F021
:101C300019F995F89C0007F03BF995F87630002BE0
:101C400000F0AB804D2006F0F1FF94F82C00002846
:101C500040F0A58095F86C20754B03EB8203596822
:101C60004FF47A7301F5FA71B1FBF3F16E3107F0BD
:101C70008DF9704B704E05F58077186807F066FA9D
:101C80006B69E367AB69C4F8E43005F1F0031868E9
:101C9000083353F8041C3246BB4203C21646F6D141
:101CA0005968D5F80001236B644A03C293F8862073
:101CB00093F86C00A2F12601012903D993F887104B
:101CC000262974D194F82C20002A6DD193F80212A1
:101CD0000BF0CCFC064605F13407314638460DF0D2
:101CE00045FD31460DF069F8B5F8403095F86D10B6
:101CF000984228BF184684F88E0038460DF0FCFC48
:101D000095F86D1095F88C700429B5F8486008BFF7
:101D100003210DF052F80FB9043080B2B04228BF51
:101D20003046C6B284F8E86002F0F4FF28B102F051
:101D3000F7FFB04238BF3046C6B294F82C7084F832
:101D40004860002F57D195F88B308BB1012395F85F
:101D50006C0084F87030D5E93823C4E91823FFF704
:101D600017FDFB22034634490420009706F0DAFAF7
:101D70000120FFF701FE002323606360A360B5F834
:101D8000803063802B88238095F89C3023712B6FE3
:101D90000BB101221A6005B0F0BD962053E795F80B
:101DA0006D20C421012062E793F89A1290E7213A4E
:101DB000012A0ED824290ED094F82C20B2B193F821
:101DC00026315A0710D413F0010181D103F002012A
:101DD0007EE724290AD194F82C203AB193F82621E1
:101DE00093F865301340ECE7042171E7032814BF32
:101DF000064604266FE795F88C3093B1012395F8D9
:101E00006D0084F87030D5E93A23C4E91823FFF750
:101E1000BFFC00220346084900920220324606F029
:101E200081FA0120FFF76CFCA5E700BF40110020FC
:101E3000504F0300C000002090110020A811002086
:101E400008B5114B93F83C201AB9BDE80840FFF7DC
:101E50001BBC93F82C2042B993F83C30012B12D0D4
:101E600040F20B212720FEF7ADFC93F83C20022A1C
:101E700002D040F20F21F5E71B6BD3F8D801BDE883
:101E8000084007F093B908BD40110020014B1876B7
:101E9000704700BF40110020014B93F8E0007047ED
:101EA00040110020044B93F88F201AB9188DC0F30D
:101EB000003070470120704740110020024B188D00
:101EC000C0F3C020704700BF40110020014B93F8C1
:101ED000E2007047401100202DE9F34182071E4DBA
:101EE00006460F462C6B22D5D5F8883023B940F230
:101EF0008E412720FEF766FCB5F88C201846296C29
:101F0000033291F8018009F0C3FE0DF1020201A92C
:101F10002864D5F8E4000BF0ECF901980BF0D3F944
:101F2000012238604146D5F8E4000BF079F9F30757
:101F30000ED5D4E93A32013342F10002C4E93A3213
:101F400094F88430012B0CBF0023012384F88430E3
:101F500002B0BDE8F08100BF401100202DE9FF472D
:101F6000B44C002380468946276BCDE9023394F8B0
:101F70003C30022B04D040F211512720FEF722FC06
:101F8000238D590606D44020FFF778FB238D43F0BC
:101F90004003238597F88C30B8F1000F00F0508192
:101FA000A3B106F01BFB88B9236C5A7872B11B7879
:101FB00097F88420C3F3C0039A4207D1012384F821
:101FC0003530FFF761FB04B0BDE8F087236C59782A
:101FD000A4F88C1009B3D4F8E4000BF0F8F8C4F8B6
:101FE0008800238D97F8832043F400732385236CA6
:101FF0001B78C3F380039A4200F0C280256B95F8EA
:102000008230002B40D0022B11D102A9E06F0BF0DF
:102010007FF828B940F20541AFE7C4F88810E0E73F
:10202000D5E93832013342F10002C5E938320021E6
:1020300094F82C3085F882103BB195F87E3023B1AE
:10204000102085F87E10FFF711FB95F87D309BB1CD
:10205000002685F87D6002F015F810B940F21C41A9
:102060008BE731460820FFF701FBD5E93832013311
:1020700042F10002C5E9383295F88330012B0CBFDC
:102080000023012385F88330238D4FF0000A43F4A9
:1020900000632385216C97F884200D78C5F3C00375
:1020A0009A426FD00025206C0BF0F0FA97F88B3035
:1020B000B3B194F82C3097F86C00B3FA83F35B0952
:1020C00084F87030D7E93823C4E91823FFF760FBA0
:1020D00000220346584900920420FB2206F022F910
:1020E000B9F1000F00F0CA80012607F01FF91DB1F9
:1020F00003A90220FFF7F0FEBAF1000F10D094F808
:102100002C3043B1B4F80720B4F805301343B7F8C6
:102110008020134304D0B4F809300133A4F8093007
:10212000B8F1000F00F0C480B4F805300133A4F812
:102130000530002384F8E230404803F0B3FB0298F6
:1021400030B10BF0C0F8216B0022027202F02AFDC0
:10215000039B33B1216B00221A720C22039802F008
:10216000EFFC002E7FF42DAF238D1B063FF52BAF28
:102170008020FFF783FA238D43F08003238522E735
:10218000C24687E705F00305266B032D14D0F5B989
:1021900096F88430013B18BF012386F88430236C05
:1021A0005B78002B3FF47FAFD6E93A32013342F13E
:1021B0000002C6E93A3276E7238D0120002543F478
:1021C000805386F87C002385FFF750FAE0E74D78CE
:1021D000002DDDD0238D96F88C5043F48053238559
:1021E00006F03AFD042894F8E83006D1002D14BF1B
:1021F0001B221F22934228BF1346226C52789A4218
:102200000BD8D4F88830002B3FF44CAF94F8E13071
:102210006BB12020FFF732FA44E794F83430012004
:1022200043F0100384F8343008F066F83AE7454686
:10223000AEE700BF40110020901100206C1100207B
:102240000BB106F0DFF994F8E230013384F8E230A4
:10225000238D43F48063238597F86D30033B012B76
:1022600005D80025012008F047F8AA461EE702F02D
:1022700051FD82460028F4D1054617E794F82C203A
:1022800094F8E2303AB1628C120704D5A26FD2788A
:10229000022A3FF429AF012B3FF626AF0120FFF7BA
:1022A000BDFA064600287FF41FAFFFF765FB1EE767
:1022B000B4F807300133A4F807303DE72DE9F04FBB
:1022C00004461E4600230D4690462DED028B8BB032
:1022D00090F86D7006930CF09EFB94F8C0310B2BB8
:1022E00004D940F2F2310620FEF76CFA7C4A32F84B
:1022F00013B094F887308344442B1FFA8BFB3DD0F6
:102300000E2B94F8862039D0443A5342534103931C
:1023100088F001030493B8F1000F58D194F8043207
:10232000032B54D1039B002B51D0B4F89832AB420D
:102330004DD1D4F80C322046B4F8DC2141F64B598B
:10234000C4F8F831E369C4F8FC31B4F852321344EC
:10235000C4F8003205F060FED4F8A03294F8AC2244
:102360004B458CBF4FF000094FF0010942B9E269BB
:1023700093421BD020880EF0E1FA17E00123C6E754
:1023800020880EF0D8FA18B940F232713020ABE74D
:10239000B4F8A832C1466386B4F8AA328381B4F88F
:1023A0009832A0F80E804381013B0382D4F89C321E
:1023B00084F87690E362B4F89A322386D4F8A03297
:1023C000E361D4F8A4326362022384F80432B4F8DF
:1023D00050A204F50873B4F88090A5EB0A0A08EE41
:1023E000103AA5EB0909DFF8FC800FFA8AF30FFA1F
:1023F00089F9002BB8BFD4E98E2394F804A2ACBFAE
:102400003246C4E992235FFA8AFABFBF0023012251
:1024100084F81B324B46BAF1030F00F2BF81DFE8AC
:102420001AF0040020016300400194F86D1094F844
:10243000D6010CF0E9FC0746E06A5946384407F03B
:10244000E5FD5946C4F80802E06907F0DFFD94F89D
:10245000763007A9002B18BF4FF0020A5044C4F889
:102460000C0208A806F06AFF079BD4E992010093CA
:10247000DDE908230EF0C4FD814620460BF02BF960
:10248000D4F8543294F86D00D4F82CA0069307F0D9
:1024900083F8069B00F52240D4F80812BB3BB1300C
:1024A0009A444FF47A73AAEB010A3031B0FBF3F08F
:1024B0005744238EA7EB090703EB41013F1A94F819
:1024C0006D0006970BF013F9D4F85422069BC8F858
:1024D00000009B1ACC2B66D840F2D24156E700BFD1
:1024E000684F03002C120020E36A5946D4F8FC011F
:1024F000184407F08BFD5946C4F80802E06907F05C
:1025000085FD94F87630002B08BF4FF0000A504448
:10251000C4F80C0220460BF0DEF8B4F8DC31E76AB0
:10252000D4F8FCA1002B40F09780002E00F094809E
:1025300094F86D00574407F02FF800F52240D4F8C6
:1025400008324FF47A7BB130BB3FB0FBFBF9FF1A86
:1025500094F86D00D4F840321F44C31ED4E98E12A3
:10256000012BA7EB010774D907F016F800F2E7304A
:10257000B0FBFBFBA7EB09075F44D4F80812D4F8C3
:10258000F831D4F80022303194F86D0002FB0311C9
:10259000238E069703EB41010BF0A9F80123C8F83D
:1025A000000084F80432E7694FF00009D4F80C32D7
:1025B00004F13400A7F5A277069984F82092FF1A57
:1025C000D8F800309F4228BF1F46D4E99232C4F8A1
:1025D000D8715B1842F10002C4E98C320DF08AF820
:1025E0003844A4F85052C4F82402D4E98C23C4E936
:1025F000922304F045FF20B1D4F824321E33C4F8EE
:102600002432B4F8C81184F828924D1B2DB2002D45
:10261000C4BF022384F82832039B002B40F0C18002
:10262000002E40F0BF8094F80432002B00F0D780D9
:10263000E16918EE100AD4F80C32C91A0CF08CFBC0
:1026400080B2002800F0CB80169B03B118800120D7
:10265000D5E04FF03E0B8DE75744D4F80832FF1A0F
:102660008BE7D4F80C22E169D4F80072891AD4F807
:10267000F8014B43218E0693B4F8DC319944FB43B7
:102680009944D4F80832303300FB073394F86D00D6
:1026900002FB093301EB43010BF029F8C8F80000F5
:1026A00081E7E0695843069056B3B4F8DC1139BBB2
:1026B00084F81B12D4F80C1201FB130A94F886302C
:1026C000262BCDF818A003D094F88730262B09D1FB
:1026D000B4F89832EB1A1B0404D494F89B32002B04
:1026E00018BF1F46D2B3B4F8DC31BBBBD4E98E238C
:1026F000D4E9900182428B4108D340F2265145E64D
:1027000094F81B1200297FF44EAFD3E794F86D00C4
:10271000C31E012B3DD906F03FFF00F522404FF4C8
:102720007A7BB130B0FBFBF000F1AB0BD4F8403258
:1027300094F86D00103BD4E98E125A1AC31E012B77
:10274000924429D906F028FF4FF47A7300F2E7305B
:10275000B0FBF3F0AAEB0B0A50440690B4F8DC117E
:102760003846D4F80C324944594330314900059178
:102770000AF0BDFF244A94F8763005991060002BCA
:102780003FF411AF06ABE0690CF05BFB84F81B0271
:1027900009E74FF4897BC9E73E20DBE740F23E5171
:1027A000F4E5E6B1B4F8F01119B3B4F8F22194F8F5
:1027B000F431501CA4F8F22102FB033399420EDDE0
:1027C00094F828325BB10023A4F8F20184F828328F
:1027D00002F0ACFA00F00700013084F8F40118EEC2
:1027E000101A94F81C0208F005FC20B940F2875139
:1027F000CCE50A46DBE7049B84F8183200200BB0D6
:10280000BDEC028BBDE8F08F2C120020F0B5044621
:1028100085B018B9A8213020FDF7D4FF072900F2B0
:102820000681DFE811F00800450045004000040182
:10283000F000F800020190F8183253B3B0F81632E5
:10284000B0F8802093421ED1B0F8CC21D31AA0F862
:102850008020A0F8CE312046D4E98C23C4E98E2311
:1028600005F0FAFA94F8D331002B00F0CA800DF08D
:10287000E1FF704B1B68002B00F0C380204605B0C1
:10288000BDE8F04018479A1AA0F8CE21A4F880308D
:10289000E1E7B0F81432B0F880209B1AA0F8CE31EE
:1028A000B0F81432F2E705B0BDE8F04006F052BDD2
:1028B0000EF037FBD4E98E23801A61EB0301012867
:1028C00071F1000302DA40F21261A4E76FF0010334
:1028D00083424FF000038B4102DA40F213619AE722
:1028E000E5690DB1B0FBF5F594F88730442B14D0B1
:1028F00094F88620442A0AD00E2B08D0A2F1430671
:1029000072427241B4F81612B4F880303AB1B4F899
:1029100016320133A4F8163214E00122F2E72B44F8
:102920009BB2CA1A150454BF4B1C01339BB2A4F8C6
:10293000163294F819322BB9B4F81622B4F8CC3107
:102940009342E6D0B4F8523202AEB4F8805001336C
:10295000394FA4F85232B4F8BA301D44B4F8B83044
:10296000013DED1AADB23B685BB1B4F8161200221E
:102970002046013989B29847B4F816321844A4F8B1
:102980001602B4F816126B1A18041ED4002320463F
:1029900000961A46FFF792FC98B3012812D1B4F8BA
:1029A0001622B4F8C811BDF808301344521A1204A4
:1029B0009BB204D5EA1A12F4004F18BF0B46A4F8D4
:1029C0001632D0E740F26A6125E794F88A30304643
:1029D0000394002B0CBF3E23082384F8A930012365
:1029E0008DF8083002F0FCFC20460DF025FF002396
:1029F00094F81C0284F8043208F084FA202384F846
:102A00001C3205B0F0BD012007F076FC05B0BDE832
:102A1000F0400AF04BBE90F80432042B01D0CE21D6
:102A2000F9E6002380F80432EBE7D421F3E6D8215D
:102A3000F1E600BFC8000020D00000202DE9F041E1
:102A400004460E46154690F8383103F0FF071BB1D7
:102A50000C273846BDE8F08101464B4808F02CFAB7
:102A600020288046F4D05822394604F588700EF0AC
:102A7000EFFB84F81081C4F81461FF2384F8383127
:102A800036B102F06BF900F00700013086F8F4016E
:102A900002234FF00008A4F8483184F8408107F081
:102AA00009FB493086B220460DF0FFFC0146D8B341
:102AB0000BF0B1FF00F5CD6081B2284607F0A6FA11
:102AC0002844C4F844010EF02CFA30184FF00106E7
:102AD000A4F8268041F1000184F81861C4E954018A
:102AE00020460DF0F8FCD0B1A5F2AA4531462046AB
:102AF0000DF05DFC2D1AC4F81C514FF0FF326FF041
:102B00000043C4E9562304F5A07194F8100108F0BD
:102B100071FA70BB4FF4E5713020FDF753FE30467B
:102B2000AE3D0DF0ABFDE5E72046DFF860800DF02F
:102B30003EFCAE30C4F84401B8F8040048B1E08C63
:102B400038B102F00BF9B8F80430B0FBF3F202FB35
:102B5000130006440EF0E5F9361841F10001C4E90E
:102B60005461002DC9D0AE1941F10001C4E956618C
:102B7000C9E7D4E9542300212046C4E94A23C4E923
:102B80004C230DF0DEFC64E7BDD700002C120020C2
:102B9000F0B5002385B0CDE9003303238DF806306E
:102BA0006846FEF73BFB88B11D4E01230027B37139
:102BB0000223CDE902778DF80E3002A8FEF72EFB36
:102BC0000546A8B10023B37105B0F0BD00980AF026
:102BD000DCFEE5E790F81C0208F01CFD94F81C02EE
:102BE00084F8045208F08EF9202384F81C32DFE7C1
:102BF000029B002BE1D093F81C22202ADDD01888FC
:102C00004FF6FF739842DDD00221FEF7CDFA04465D
:102C10000028DFD14FF49A713020FDF7D3FD00BFBB
:102C20002C120020044B0022DA719A7142F21072C9
:102C30009A80FFF7ADBF00BF2C120020014BD87166
:102C4000704700BF2C12002008B506F00BF8044BAB
:102C50009A6882422ABF9879002080F0010008BD5E
:102C60002C120020F0B5044685B090F8D33103F063
:102C7000FF05002B6ED190F80432032B6AD10EF0C1
:102C800050F9D4E98E23801A61EB0301012871F118
:102C900000035FDB6FF00103834275EB010304DA8D
:102CA00040F2BB513020FDF78DFDE269B4F8803071
:102CB0000AB1B0FBF2F2013313449BB2A4F8143210
:102CC000B4F8CC31B4F814229B1A1BB2002B41DDAE
:102CD00094F81C0208F092FA00283BD0FF2384F8F5
:102CE0001932B4F8BA300DF10E07B4F880501A4E0C
:102CF0001D44B4F8B830013DED1AADB2336863B18C
:102D0000B4F8141200222046013989B29847B4F869
:102D10001432184480B2A4F81402B4F81432EB1A36
:102D20001B0417D4B4F8141200230122204689B2E0
:102D30000097FFF7C3FA68B1012808D1B4F814323C
:102D4000BDF80E2013449BB2A4F81432D6E740F22B
:102D50000261A7E705B0F0BDD00000202DE9FF41DA
:102D60000446062900F28280DFE801F004281525D8
:102D70002C317B003F4B9B7903F0FF025BB9009243
:102D80000123B0F8CC11FFF799FA38B14FF4DA61AA
:102D90003020FDF717FD042384F8043206F066F9AD
:102DA00007F084FF0023B4F88020A4F85232A4F87E
:102DB000162284F8193204B0BDE8F081032380F8AC
:102DC0000432F8E70DF0FBFDC4E99001F3E72A4B6C
:102DD0001B681BB10246D0E99001984794F86D300A
:102DE000E569033BDFF88C80012BD4F80C3294BFEB
:102DF000282200229D4202F5807288BFED1A98F8C1
:102E0000073098BF00251BB9636B9D4228BF1D4644
:102E1000D4F8D87104F1340003920CF06BFC074431
:102E2000022008F049FB0221EE1B26EAE6768642E4
:102E300028BF0646304608F085FB039A00B93744A0
:102E4000394620460CF0E2FCD4F8D831C8F8080026
:102E5000E069184408F002FB0028ACD140F27E3152
:102E600096E704B0BDE8F0410AF035BC40F2847149
:102E70008EE700BF2C120020C4000020012A70B58C
:102E800005460C46164615D0022A18D042BB05F05E
:102E9000E9FE3246014620460AF047FD2A4612491D
:102EA00094F8100107F018FA40B940F297713020F9
:102EB000FDF788FC05F0D6FEC5F8540270BDD0F8C9
:102EC0005412012220460AF030FD2A46064994F8A1
:102ED000100107F001FA0028F0D14FF4F561E6E7A0
:102EE00040F2AE71E3E700BF0D280000014B98806F
:102EF000704700BF2C120020343270B5054692B2E4
:102F00000C461E460AF089FA25B1034A556014742E
:102F10005674147070BD00BF50120020014B187021
:102F2000704700BF51000020014B5870704700BF30
:102F3000681200200138C0B2032808B504D94FF444
:102F400050710620FDF73EFC014B185C08BD00BF28
:102F5000F04F03000138C0B2032808B504D94FF47C
:102F600050710620FDF72EFC014B185C08BD00BF18
:102F7000725003000138C0B2032808B504D94FF4D9
:102F800050710620FDF71EFC014B185C08BD00BF08
:102F9000E85003000138C0B2032808B504D94FF443
:102FA00050710620FDF70EFC014B185C08BD00BFF8
:102FB000C051030008B503460138032811D8481E44
:102FC00003280ED808480129417014BF0A210021A6
:102FD00083700271817210461946FEF7EFFA0020E5
:102FE00008BD6FF01500FBE786040020054A537A00
:102FF00020B143F0040300205372704703F0FB0339
:10300000F9E700BF860400202DE9F0410F4606399C
:1030100040F67A45BDF8188089B2BDF82460A9420F
:103020003ED8941FA4B2AC428CBF00240124254694
:10303000002837D11E49097969B15CB96FF4506035
:103040003918062906D86FF450615418062C8CBF25
:1030500000240124254605B3974226D803FB0666C3
:10306000B6F5FA7F21DCA8F10A0340F676409BB260
:1030700083421AD810460AF062FD42F21073704380
:1030800003FB08F8B8EB400F0FD9BDF81C50BDF892
:10309000200085428CBF002501252846BDE8F0812F
:1030A0000024C4E790F87510C6E70025F5E700BFD7
:1030B00030130020304BF0B5B0F860700C4611466C
:1030C0001A88B0F85E6085B097425D8828BF1746C1
:1030D000964228BF16461B2E2ED0B5F5A47F2DD0C4
:1030E00040F6480301AA9D4228BF1D460AF050FD44
:1030F000BDF80A309F4228BF1F46BDF80C30AB42D6
:10310000E78028BF2B462381BDF806309E4228BFAA
:103110001E46BDF808309D42668028BF1D46A5802A
:10312000FF232370E3881B3B9BB2E02B08D940F2BE
:1031300019613920FDF746FB1B2FCED105B0F0BD3C
:1031400063881B3B9BB2E02B02D940F21B61F0E786
:10315000238940F64812A3F5A4739BB2934202D987
:1031600040F21D61E5E7A388A3F5A4739BB29342E7
:10317000E4D940F21F61DCE7301300202DE9F34170
:10318000002304460E46174600F10A08CDE9003335
:103190006846FEF743F808B1002015E0009DA542FF
:1031A000F6D03046EB1C0AF0C4FC3946AA780BF086
:1031B0007CFD0028ECD005F10A036A7A4146607A6A
:1031C0000BF073FD0028E3D002B0BDE8F0810000F1
:1031D000054A134692F8202053F8211B11F8030BDF
:1031E000C0F380100BF061BD9C180020114BF7B5A7
:1031F0009C7E0646DD7E9F8B14B900F081FD04465F
:10320000A5B900F07DFD054614B9092003B0F0BD55
:103210000028FAD0304601A98DF804408DF80550F9
:10322000ADF806700BF0ECFD0020EFE7002CF1D1BB
:10323000EBE700BFF417002010B503210020FDF7D5
:10324000B3FF044670B90321FDF770FF044620B9AF
:1032500040F24D313920FDF7B5FA034B93F9601078
:103260000DF05FF8204610BD3013002038B50BF08C
:103270001BFD002501F068F8234C00F04FFD0CF019
:1032800091F901F0FBF902F07DFB01F01FFA01203A
:1032900000F008FD1D4B1E4A29465D831A601B2263
:1032A0009D839A80F9229D771D761A4B2283586858
:1032B000194A1B8922601422E06104F1240023844E
:1032C00084F86150A4F85450A576A580A5750DF03A
:1032D000BFFF012342F2107204F13A0084F8565005
:1032E00084F8243084F83930C4E90A220DF019FB3F
:1032F00004F144000DF03AFB0022002384F87050E2
:10330000C4E91A2338BD00BF30130020F417002091
:1033100003021B00725003001B004801044B41F6DE
:103320004C521B215A611974C3E90222FFF79EBF58
:10333000F417002073B5394D0446AB6840F8343FAC
:103340000AF05AFB064600F0D5FC2B7C10F0200F4B
:10335000E68784F83C30324B0EBF1B22AA8869886E
:103360001B6814BFA4F85E10A4F85E20A4F86020C7
:103370001BB194F97410208898472A490B79003BB7
:1033800018BF012384F87530274B1B6813B108312F
:103390002088984794F875302046002B41F64C530E
:1033A00018BF4FF47A73E361FFF720FF064648B178
:1033B00002212088FDF70EFF60B340F2D35139207F
:1033C000FDF700FA01236386184B1B6813B1014611
:1033D00020889847164B1B6813B100212088984716
:1033E000697804F11400AB886A8801910333297865
:1033F00003329BB2009192B204F11801FDF746FF2F
:10340000636913B94FF4BE61D9E7A3691BB940F2F0
:10341000F151D4E70926304602B070BDF417002000
:10342000D800002030130020EC000020E80000202D
:10343000E40000202DE9F34105460E460CF0B2FFF2
:10344000002800F0AF8028460DF02FF830B1B6F814
:103450000130013B7F2B01D9122404E028460DF0F6
:1034600028F820B90C24204602B0BDE8F081284697
:103470000AF00EFB0028F5D128460CF03CFF8046F0
:103480000028EFD1284603F02FF80028E4D042F2BC
:103490001073B6F80170F17828465F430CF0F1FF25
:1034A00004213078FDF780FE044606213078FDF7D0
:1034B0007BFE002C78D038B141F6F3113920FDF7AE
:1034C00081F9044690F8BD80414E3368002B6DD0E1
:1034D000403420460DF009FA002867D020460DF050
:1034E000F8F9002862D1B8F1000F08D0394B204616
:1034F0001B689847002859D041F60721DEE7364976
:103500004246336820464969984700284ED041F624
:103510000C21D3E728460CF0C8FF40B902210DF179
:103520000600FDF7CBFD064658B90D249BE728465B
:103530000CF0CDFF0028F1D1284B1B79002BEDD1E9
:103540008AE7002100F0F4FFBDF806302846314636
:1035500033800CF0E7FF28460CF0B9FFA8B9296AC0
:1035600028460CF0BEFF01463046FFF7E3FE044656
:1035700000287FF478AF3A4631462846FFF75EFAD6
:10358000044620B141F6382198E70121ECE7134BBE
:10359000DB6D002B3FF467AF024606F58D713046B8
:1035A000984760E742245EE700288AD128460CF05D
:1035B00074FF01460028ADD13A462846FFF73EFA8F
:1035C000044600283FF44FAF41F6152176E700BFCF
:1035D000E0000020DC000020F41700203013002061
:1035E00008B501F015F80AF064FB024B83F860009F
:1035F00008BD00BF30130020034B5A8802801B789F
:1036000083700020704700BFF41700207FB58378D7
:1036100006461A2B09D8042B05D9012202FA03F316
:10362000314A134205D112251AE0292B01D03B2B38
:10363000F9D13088B0F5706FF5D269460BF074FBA4
:1036400088B9019B93F8182102F0FF05C2B9B2783E
:1036500083F81921FF2283F8182168460BF07BFFBD
:10366000284604B070BD09213088FDF79DFD044651
:10367000002837D002A9B0F8AC010BF055FB08B117
:103680000C25EDE70821B4F8AE01FDF78DFD20B95A
:1036900040F628113920FDF795F803781BB994F806
:1036A000C831032BECD1039B93F82E21002AE7D1DC
:1036B00094F8F02102F0FF05002AE1D1B4F8B0211E
:1036C000A3F8302194F8B42183F83221027D83F8E5
:1036D0003321B27883F8342184F8F021FF2283F873
:1036E0002E21BDE70225BBE7200038040188A1F1A7
:1036F0001B039BB2E02B0CD8428844F24810A2F581
:10370000A4739BB2834204D8034B002019805A80D3
:1037100070471220704700BF30130020034B1A88F7
:103720005B88028043800020704700BF3013002078
:1037300038B50478427804F00103857804F0020477
:1037400052EA030101D1112038BDBCB9002DFAD0D5
:10375000002B08BF144601E00024254620460AF04D
:10376000B2FA0028EFD028460AF0ADFA0028EAD0D5
:10377000054B00209C76DD769883E5E7002BEBD1A6
:1037800014461D46EAE700BFF417002013B5008871
:1037900069460BF0C9FA18B10224204602B010BDE8
:1037A00068460AF0E8FA0028F6D0019890F82A3125
:1037B0000BB13A24F1E790F8D23003F0FF04002B6C
:1037C000F7D190F8C9309B0706D1FF2380F82A3142
:1037D00068460BF0C0FEE0E70249CA300BF00AFF72
:1037E000DBE700BFCDFD00002DE9FF41077804466F
:1037F0000E46EF2F04D91226304604B0BDE8F08102
:10380000B0F80130ADF80C309DF90C209DF80C306B
:10381000002AF0DB9DF80D209507ECD1D80660D486
:10382000990603F0030259D5002AE4D11D0703D5F8
:1038300003F06703012BDED16378180711D42179D7
:10384000E278E07942EA0122617942EA0142A17913
:1038500041EA0021207A41EA00418A42CBD81F2A5E
:10386000C9D9627A013A062AC5D8A27A032AC2D8EF
:1038700013F0040102D1023A012A03D8E27A012AA4
:10388000B9D811B9A27C032AB5D813F01001227D52
:1038900037D0012AAFD1237E012BACD8002940D0EC
:1038A0006378D90703D500F0BDF9002840D06378CC
:1038B000227D03F01803082B4AD1022A38D11FFABF
:1038C00087F803214046FDF76FFC0546002845D0E8
:1038D0000AF0DEF800284DD00C268DE7032AA5D18A
:1038E00089E713F0600F86D103F00F0203F007039E
:1038F000052BA1D0931E012B9ED9002A7FF47BAF0C
:103900009AE7022A04D103F06F03092B7FF473AF07
:10391000A37D013B022B3FF66EAFE37D0F2BBAD99F
:1039200069E700F0EDF9820707D4237D022B01D16E
:10393000112661E7A37D022BFAD000F0E1F94307DD
:10394000AED4237D032BF3D0A37D032BA8D1EFE7C7
:10395000022AB4D0237F002BB1D0E9E703214046EF
:10396000FDF7E4FB0546002843D0234B93F9601094
:103970000CF0D7FC002138460CF097FF28BB2846F6
:103980000CF088FD21463070E074284602F004FEF9
:10399000E37E0646002B3FF42FAF00287FF42CAFC8
:1039A0000246E96C6846FDF74DFD3246E86C0121A0
:1039B00009F088FDE96C68460422FDF743FD3246B4
:1039C0003146E86C09F07EFD16E740300CF08DFFC3
:1039D0000028D4D0637813F0330F7FF40CAFA77DA9
:1039E0002846296A0CF07DFDFFF7B4FA8742C6D05D
:1039F00072E7072600E700BF3013002030B50279D8
:103A00008BB00346042A5CD84488B4F5804F58D85C
:103A10002D4800211044ADF800108DF80810827C6C
:103A2000457B42F010028DF81D1042EA4502C57D2B
:103A3000007F42EA850242EAC00202F01F028DF8CE
:103A40000020BDF80020ADF809201A888DF80E403E
:103A5000240A8DF80B20120A8DF80D108DF8101025
:103A60008DF80C208DF80F405A7BD3F807008DF8A5
:103A700011205A79059002A88DF812209A798DF8B4
:103A80001320B3F80B209B7BADF818208DF81A306B
:103A90007F238DF81B3001238DF81C308DF81E30EC
:103AA0008DF81F108DF820108DF823108DF824103C
:103AB0008DF821108DF822106946FFF795FE0BB0A6
:103AC00030BD1220FBE700BF7250030002780346AE
:103AD00072B1427862B142881A2A09D982881A2AB8
:103AE00006D90068034A106000209B8893807047C5
:103AF00012207047F417002002680020014B9A60E2
:103B0000704700BFF41700200378A3F10A02112ABE
:103B10009BBF024A0020122013747047F417002044
:103B2000014B18760020704730130020014B587667
:103B30000020704730130020024B1B6803B1184768
:103B400011207047D400002008B5052000F0B6F819
:103B500004F0E4FA014B024ADA6508BD3013002094
:103B6000B530000008B502F0A1FCFFF75BF8024891
:103B7000BDE8084002F084BCA413002008B50BF097
:103B800091F8064800F58471FDF7F4FF022009F072
:103B900016FC0020BDE8084009F011BCA413002069
:103BA00008B50122064B83F80A2202F087FC03F0D5
:103BB00059FCFFF7E3FFBDE8084000F0A7BF00BFD6
:103BC000A413002010B5064C064904F503700AF052
:103BD000E2FE04F504700449BDE810400AF0DBBEC3
:103BE000A4130020F0000020F800002010B5094CBC
:103BF000094904F503700AF0CEFE04F50470074984
:103C00000AF0C9FE04F505700549BDE810400AF048
:103C1000C2BE00BFA4130020080100201001002034
:103C200000010020014B93F80A027047A413002002
:103C300038B5094C0D4600F045FFD4F80C02C4F825
:103C400004510AF0A0FEFFF769FB01F09FF8012381
:103C500084F8183238BD00BFA4130020014B93F83C
:103C600018027047A413002010B50D4CD4F81002B0
:103C70000AF089FED4F814020AF085FEFFF7F6FA7E
:103C8000202000F029F82F2000F026F8262000F050
:103C900023F8292000F020F8002384F8183210BD02
:103CA000A4130020014B83F819027047A4130020CD
:103CB000014B93F819027047A4130020C20805496C
:103CC000012300F0070003FA00F08B5C18438854CE
:103CD000704700BF58000020C208054900F00700E7
:103CE00001238340885C20EA03008854704700BFAA
:103CF00058000020014BD3E9000170475800002014
:103D0000054B1868C0F3C022C0F30020400040EA11
:103D1000820040F0010070475800002008B506F00E
:103D2000BFF90023074A32F82310814205D302EB82
:103D300083039B78044A137008BD01330C2BF2D126
:103D40000023F7E7B8500300BE150020024B187897
:103D5000072828BF07207047BE15002010B544680B
:103D6000238884F87B11A4F87C3194F86C00FFF769
:103D700001F984F87E0194F86D00FFF7FBF805491E
:103D800084F87F0104F5B9700BF034FC002384F84B
:103D9000243110BD1BEA0000406807490388A0F8E1
:103DA0006E3190F8643080F8703190F8653000F230
:103DB000651003730BF018BC31EA00002DE9F04FD9
:103DC0000C4685B0054608460BF0A4FB834620460A
:103DD0000BF098FB804620460BF098FB06462046E9
:103DE0000BF096FB6C68074694F8873094F886A031
:103DF000242B2FD104F18709BBF1000F49D006F025
:103E0000070210460AF063FE78B394F86C309842CB
:103E10002BD094F8241101290CBF94F8261194F8A2
:103E200068100A4235D0BAF1220F1ED094F86510FE
:103E30000A421AD1461EF6B2032E06D8013B5E494D
:103E4000DBB20E44032B30790BD940F21F21062040
:103E5000FCF7B8FCBAF1220F40F0A98004F1860902
:103E6000CAE70B441B79834213D808F007010846C0
:103E70000AF02DFEC0B394F86D30834234D094F82C
:103E80002431012B0CBF94F8273194F86930194282
:103E90002AD194F82431012B15D11E212846FFF791
:103EA0005DFFBAF1220F12D16B68182283F8092145
:103EB0000A2283F8862093F8C230002B43D140F2C7
:103EC000B3217E20C4E7002384F82431E9E70023EE
:103ED000284689F800300BF0E7FC1821284605B089
:103EE000BDE8F04F0BF00CBD03AB204600933B4602
:103EF0000AF0F7FD6C6880BB94F82431012B29D1BE
:103F0000B4F8803004F5267294F86C10B4F82801E7
:103F10000AF047FE0446C0B901462846FFF71EFFD7
:103F200089F800406B6803F18702914502D10022B5
:103F300083F887206B68002403F18702914533D111
:103F400028460BF0B1FC002032E06B68282283F891
:103F50008620E7E784F82401E4E7B4F8800047F618
:103F6000FD73A4F89872C0430744BFB29F4206D9BC
:103F70002823284684F8A93001F032FADAE794F8C9
:103F800087300E2B02D00B3B012B01D82A23F0E700
:103F90009DF80C3084F89A329DF80D3084F89B32ED
:103FA000262389F80030C5E783F8C240CBE702201A
:103FB00005B0BDE8F08F00BFE8500300064B0022BB
:103FC00083F850204FF6FF72A3F85220A3F8542034
:103FD000A3F85620704700BFC0150020064BB3F869
:103FE0005220824201BF002283F850204FF6FF7218
:103FF000A3F85220704700BFC0150020014BA3F862
:1040000054007047C0150020084B4FF6FF72B3F8FC
:104010005210914206D193F85020012A04D0036037
:10402000012070470023036000207047C015002066
:10403000074B93F85020012A1BBF0120B3F85420EE
:10404000002083F8500018BFA3F85220704700BF2B
:10405000C0150020014BA3F856007047C015002082
:10406000074AB2F85210B2F85630994205D192F888
:10407000503013B10260012070470020704700BF2C
:10408000C01500200A4BB3F85210B3F856209142E5
:1040900001D0002070474FF6FF72A3F8522093F82A
:1040A0005020002AF5D00022012083F850207047CC
:1040B000C0150020064BB3F85210B3F856209142B9
:1040C00003BF93F85000B0FA80F040090120704718
:1040D000C015002050B90A4A0120134603F8010B0D
:1040E0000868C2F801008A889A807047012805D1C3
:1040F000034B0A68D8719A608A889A81704700BF1A
:104100001816002048B90A4B187880B1D3F801205E
:10411000B3F805300A608B807047012806D1044B44
:10412000D87920B19A689B890A60F4E7002070472B
:104130001816002020B9054B187800F001007047D0
:1041400001280ABF014B0020D879F6E71816002095
:10415000F7B58B8800228DF80600ADF804300868AA
:104160000B4B8DF8072001461C7803F5AC73019DBD
:10417000D0B2844201D8082007E0D3E900760132AA
:104180000833AE4208BF8F42F2D103B0F0BD00BF8A
:1041900028160020084B0146002230B55C7803F554
:1041A0008173D0B2844201D8082004E013F8015B87
:1041B00001328D42F5D130BD28160020F0B5254DD5
:1041C00089B095F8984105F299116846224607F0A2
:1041D0005FFD214668460AF086FD0446B8B300EB51
:1041E000400102A8C9B2FCF749FD601E95F8A16123
:1041F0000124C0B295F8982105E0731CB3FBF2F1DD
:1042000002FB1133DEB206F120030DEB030111F8BE
:10421000203C002BF1D100EB400201F8204C06EBD2
:10422000460320322B446A4412F8187C83F8A271AA
:1042300012F8177C12F8162C83F8A37183F8A421C6
:104240000138AB19C0B283F89941FF28D2D109B027
:10425000F0BD00BF2816002070B5064688B00C4699
:10426000002A4FD02A4A92F8A131D01890F899111B
:1042700021B94FF480712820FCF7A4FA03EB430125
:104280000133114491F8A251E57091F8A35191F8CE
:10429000A41125716171002180F8991192F898118B
:1042A000B3FBF1F001FB103382F8A13192F8C23177
:1042B00023B9184902F5DD700BF099F965790D22E3
:1042C0000021684605F03F0545F0400565710CF09A
:1042D000BFFFE37804AA69468DF80F303046237992
:1042E0008DF80D508DF80E3004230CF0F5FE9DF87E
:1042F0001F3023709DF81E3063709DF81D30A37031
:1043000008B070BD03216018FCF7B8FCD6E700BF09
:1043100028160020BD410000044B5A78824286BF17
:104320001B1893F84A010020704700BF2816002090
:10433000044B5A78824286BF1B1893F84201002032
:10434000704700BF28160020064B00224FF4617111
:104350001A8083F8C32183F8C421A3F8C61183F817
:10436000C221704728160020014B83F8C401704712
:1043700028160020014BB3F8C6017047281600200C
:104380000A4B30B55C7884420ED9184490F802018B
:104390002B3003EBC004A5790D7053F8300010608A
:1043A0000120A388938030BD0020FCE72816002060
:1043B0000246074810B590F8C34124B1417821B1B5
:1043C000023003F0D7FE204610BD0C46FBE700BFCD
:1043D000281600202DE9F74F2F4C804600921A46F0
:1043E00063788946834254D9231893F8425185F063
:1043F0000105E9B193F84A31D3B945F00207013517
:10440000C2B9F9070BD5062104EB0810009201FB95
:104410000841823001F58571FFF71EFF009ABB0746
:1044200033D504EB081049460230FFF715FF2CE0A6
:104430002F46E5E794F8A1614FF0010A002DE0D086
:1044400004EB060B9BF8991199B9009B0192D3B12B
:1044500000F06CFC019A06EB46018BF899A14FEA3B
:10446000102C214481F8A201000C81F8A3C181F82D
:10447000A401013694F89811013DB6FBF1F001FB5F
:104480001066F6B2DAE747F00407384603B0BDE835
:10449000F08F0027F9E700BF28160020074B5A7855
:1044A000824209D91A1892F842212AB9062202FB3F
:1044B000003000F5857070470020704728160020F6
:1044C000064B5A78824281BF1B1893F83A01B0FA22
:1044D00080F0400998BF0020704700BF28160020D8
:1044E00030B5002442F21075A0F84040B0F84440C6
:1044F0004C43B4FBF2F4A0F84440541E05FB0343C4
:10450000B3FBF2F3A0F84230084BB3FBF2F30133F4
:10451000A0F84830838F05FB0344436B5943B4FB39
:10452000F2F4B1FBF2F28463426330BD005A6202DE
:1045300070B504460D4651BB4FF434720CF088FE42
:10454000012384F8DE5084F88E306FF0360384F84F
:10455000D930042384F8DA306FF03B0384F8DB3081
:104560006F2384F8DC306FF03C0384F8DD300623E1
:1045700084F8DF302B2384F8D830FE2384F80E3102
:104580007F2384F88530202384F81C3270BD0129F4
:1045900017D10023A0F8DC3180F8D3310D4BC2696C
:1045A00013441146B3FBF2F3C0F8B03040F6B83311
:1045B000A0F8B430C38C04F17800BDE87040FFF778
:1045C0008FBF0229E2D1B0F8A632D0F8A022C1698B
:1045D000F1E700BF7FC3C901034B80F874101B686B
:1045E0000BB100881847704718010020074B93F95A
:1045F00000301844142804DC10F17F0F03DB40B2B4
:104600007047142070476FF07E007047F01700204D
:10461000084B1B785B425BB21844142804DC10F191
:104620007F0F03DB40B27047142070476FF07E00AD
:10463000704700BFF01700207F2307B50DF107007A
:104640008DF8073004F032FE9DF9073068B10A4A50
:104650005078404240B21844142808DC10F17F0F13
:1046600007DB40B203B05DF804FB1846FAE71420FC
:10467000F8E76FF07E00F5E7F0170020024B00220C
:104680001A705A70704700BFF0170020054B1B7856
:1046900033B9054B1A681B7902600371012070471A
:1046A00000207047F217002060000020054BFF2219
:1046B0001A70054A016811600179117100221A709F
:1046C000704700BFF217002060000020064B07B5BE
:1046D00018681B79009068468DF80430FFF7E6FFF4
:1046E00003B05DF804FB00BF66FE0300437893B19E
:1046F000C2783C2A05D80A49885CC31A58425841F6
:10470000704702F11601C9B2042906D804490A44C7
:1047100012F8AD0CF1E7184670470120704700BF52
:10472000F05003003C2908B5C17003D80B4B5B5C0B
:10473000437008BD01F11603DBB2042B04D8074B0C
:10474000194411F8AD3CF3E7FF2904D040F2594178
:104750002A20FCF737F80123EAE700BFF0500300F6
:104760002DE9FF478A4602A9154699460AF0DCFA68
:104770000646002840D1039F35B9012487F88D40B3
:10478000204604B0BDE8F087D7F81480294640469B
:1047900008F03BFC04460028F2D0194B5B88AB4282
:1047A0002CD3014601AA404608F087FD97F88D30CA
:1047B0000198002B0CBF514602210AF0B5FD01986B
:1047C0002A464946033007F063FA2946404608F076
:1047D00061FC044618B97D212B20FBF7F3FF9DF8FF
:1047E00008302BB102A80AF0B6FE039BA3F8CA61F9
:1047F000002387F88D30C3E70124C1E73446BFE7C3
:10480000F4170020024B987FC04300F0010070476E
:10481000F4170020034B987F80F00200C0F34000A3
:10482000704700BFF417002083230B70014B1B78E7
:10483000CB707047141800202DE9F7438769814633
:104840000D46384608F02BFD014618B9FC21102012
:10485000FBF7B8FF01AA384608F02FFD064610B94D
:104860004FF48071F3E7204B01991B6801F10308B5
:10487000B9F800007BB9B9F800300198AB8000238B
:10488000EE806B720AF058FD01280ED002280CD081
:104890004FF48D71DBE732464146984704460028C5
:1048A000E9D1204603B0BDE8F0832872384608F00D
:1048B0000CFD044610B940F22311C8E7FB2E02D9C3
:1048C0004FF49671C3E7286810B940F22D11BEE786
:1048D0003246414607F0DCF9384608F03EFC002835
:1048E000DFD140F23111B2E7200100202DE9F3477A
:1048F00006460D460527DFF86C81DFF86C912B69C1
:104900004BB11B7A1BB97E211020FBF75BFF2C6992
:1049100094B9002365E06C68237A012BF9D0EFF39A
:10492000108372B66A6812686A6003B962B62C6155
:10493000237A0BB9A421E7E794F808A05FFA8AFA72
:1049400027720AF1FF330B2B76D8DFE803F07206EB
:1049500010266F3C4E3C3C3C3C61636813B94FF4FD
:10496000D471D1E731462046984704231DE063689F
:1049700013B940F2B111C7E7314620469847ADF868
:104980000400C3B2C0F30720012859D002280CD17B
:1049900000222A61002BB2D023E0636813B940F2F1
:1049A000B911B1E7204698470023EFF3108272B6A1
:1049B000217A0529C8B24BD1002121722961002A30
:1049C000E8D162B6E6E7D9F80030002BEDD05246C8
:1049D000314660689847BAF10A0FC6D100232B61AF
:1049E0000423184602B0BDE8F08763680BB9B32111
:1049F0008AE70D2200243270012219885869B270AA
:104A0000A6F803107271B47108F0A7FB2C61E7E7F8
:104A1000606810B940F2E11176E7D8F8003031460D
:104A2000984760B100232B610223DAE74FF4F97154
:104A30006AE740F2F51167E74FF4FC7164E703465B
:104A400084F808A0002BCCD100287FF458AF60E791
:104A500010B940F2192157E7002A7FF450AF62B62F
:104A60004DE700BF1C0100202401002038B5134C85
:104A700014220021231D18460CF0EAFB03460125F1
:104A8000257404331422002104F11800C4E9013311
:104A90000CF0DEFB84F8245004F11C03084AC4E93E
:104AA00006330023E362236384F83430C4F83530DE
:104AB000C4F8393084F83D30136038BD1418002034
:104AC0002001002010B5084C2378FF2B04D04FF4B0
:104AD0009D711020FBF776FE06F0F2FF2070BDE816
:104AE0001040FFF7C3BF00BF6500002010B5034CA6
:104AF000207807F001F8FF23237010BD6500002027
:104B0000014B187807F008B865000020014B024AF5
:104B10001A6070471C0100203948000010B5064992
:104B20000446FFF7E3FE28B920460449BDE81040DB
:104B3000FFF7DCBE10BD00BF2C18002018180020A5
:104B4000134610B5027A22B140F295211020FBF7EE
:104B500039FE0A4601460248BDE810400AF024BD6D
:104B600018180020044890F834301BB903492C3041
:104B70000AF037BD704700BF141800209BF50000F5
:104B80000346064890F83E203AB190F83D2022B9FD
:104B9000034900F8353B0AF024BD70471418002083
:104BA000294800000A4610B5037A23B140F29D213E
:104BB0001020FBF707FE014607230248BDE810401E
:104BC0000AF0F2BC2C1800201346027A0AB10372D4
:104BD00070470A46014601480AF0E6BC1818002052
:104BE0001B234FF01B128384038482618382C26083
:104BF000038541B94FF4A473094AC3844384C26155
:104C0000C382026170474FF429634FF4A472C384D6
:104C1000438403F12963C282C3610361704700BF0B
:104C20004801480103460846B3F85820B3F84C1031
:104C3000B3F842C08A42F0B493F86D4028BF0A46E8
:104C4000B3F85060B3F85A10033CB3F84870B1425F
:104C5000E4B2B3F8465028BF3146012CA3F84220F5
:104C60008BBFB3F84A604FF429660C464FF42964B1
:104C70009742A3F8464038BF17468E4238BF0E46CB
:104C80009445A3F84870A3F84A6026D12C1B18BF9E
:104C90000124B3F85420B3F84E50B3F84060954265
:104CA000B3F8441028BF154693F86C20033A012A44
:104CB00015D9B3F85220B3F85670BA4228BF3A4615
:104CC000AE42A3F84050A3F8442002D1914200D153
:104CD00044B10549F0BC0AF08DBC0124D9E74FF47A
:104CE0002962EDE7F0BC7047FBF500000B8BA2F8E2
:104CF00009001046A2F80B304B8BA2F80D308B8BBD
:104D0000A2F80F30CB8B0249A2F811300AF06CBC2C
:104D10005DF60000014B1878704700BF5318002063
:104D2000014B1878704700BF66000020094AD2E99D
:104D30000003434083EAB01181EA43214FEAF34381
:104D400011605360044B58434FEAF06000EB800061
:104D5000704700BF54180020BB79379E094AD2E93A
:104D60000003434083EAB01181EA43214FEAF34351
:104D700011605360044B58434FEAF06000EB800031
:104D8000704700BF68000020BB79379E10B50A4C01
:104D900008210948FBF772FFD4E900231343F7D039
:104DA000064CFFF7DBFF2060FFF7D8FF2368606049
:104DB0000343F6D010BD00BF680000205418002047
:104DC000174B184A9A60184A5A60184A1A60184ACB
:104DD0009A62184ADA62184ADA60184A9A61184ADE
:104DE0001A63184A1A62184ADA64184A9A64184A06
:104DF0005A62184B184A9A60184A5A62184ADA627C
:104E0000184A1A61184A5A61184A9A61184A1A636C
:104E1000184A9A64184ADA64184A9A63704700BFBD
:104E20002801002053F9000089F9000001FA000070
:104E3000DBFB00004DFC00000955000063FC000096
:104E4000ED570000615600001DFD000045FD00000B
:104E5000BD5600003002002075F90000E1FC0000A2
:104E600085FC000029FC0000A9FC0000B1550000F1
:104E7000EBFD00008BFD000079FD0000C7FC000089
:104E8000044B054A5A65054B054A1A65054A5A6599
:104E9000704700BF2801002059FB000030020020AD
:104EA0003FFB000087FB0000054B064A9A65064A57
:104EB0001A66064B064A9A65064ADA65704700BFCD
:104EC00028010020DDEB0000BD3D00003002002085
:104ED000B5EA000085EC00003A2A73B505460C4699
:104EE0003ED83A2A45D8DFE812F049008D009700F5
:104EF000A300BB00A100A100CA00CC00D200A10009
:104F0000A100D700E200CC0044004400E600A1006C
:104F1000A1000101010108010F011B01440044002F
:104F20003A01570164016A0170017B017D017F0133
:104F300081018C019401C301C501440044009C011E
:104F400044004400B501AB01AD01AF01B101B701AF
:104F5000BB01B901BF01A1004400BD01B301C10102
:104F6000EB2A00F08B81FF2A00F08A81EA2A00F008
:104F7000838140F266415120FBF724FC416841F2F5
:104F80007070D1F80C32B1F80622A3F57A7585421B
:104F90000CD84FF47A70B3FBF0F303F550639BB277
:104FA0006420B2FBF0F20120D2B20DE040F2E24008
:104FB0006FF45065B3FBF0F39BB25D19062DEFD98A
:104FC000B2FBF0F20020D2B22271D1F80822B0B1C7
:104FD0006420E3711B0AB2FBF0F292B22372204606
:104FE0006271120AA271B1F8103263721B0AA372C5
:104FF000B1F8121202B0BDE870400AF0C5B940F233
:10500000E240E6E743682046D3F8F811013102B0E8
:10501000BDE870400AF0ECB902784368012A02D179
:1050200093F8103101E093F81931237102B070BD8B
:105030004568204605F510710AF0E9F905F5127189
:1050400020460AF0EEF905F5087120460AF0EFF95E
:10505000D5F80011204602B0BDE870400AF0F5B95D
:105060004168204601F5F3710AF0F5F96B682046B6
:10507000D3F8041102B0BDE870400AF0EEB94368FD
:10508000CEE7084602B0BDE8704000F069BB02B050
:10509000BDE8704000F074BB0E230B7159234B71B7
:1050A00000238B71E823CB7130230B72BEE743687A
:1050B00093F80A31B9E7037846687BB996F810315E
:1050C00063B196F80D1120460AF033FA96F80C11E8
:1050D000204602B0BDE870400AF02FBA96F80B11D6
:1050E00020460AF026FA96F80A11F1E741682046B0
:1050F00002B0BDE870400AF014BC436893F8262162
:10510000227193F8273109E0436893F82421012A9A
:10511000F4D093F868200A7193F86930637185E7D9
:10512000456895F8030209F04FFD014620460AF054
:10513000EBF995F80202C31E012B07D895F86C30E5
:10514000DA1E012A02D8984218BF002009F03CFD5F
:105150000146204602B0BDE870400AF0D1B945686A
:105160000023204601218DF804300AF0E9F82A7C5A
:1051700001A96B7C2046032A03F01F0308BF00220D
:1051800043EA82139DF8042002F0200213438DF8B5
:1051900004300AF0E2F849E7436811211888FCF767
:1051A00003F800F15B01204602B0BDE870400AF050
:1051B00083B9084602B0BDE870400BF0A2BB0846B8
:1051C00002B0BDE870400BF0A4BB334B1B68002B52
:1051D0003FF42CAF2946204602B0BDE87040184786
:1051E0002E4BF3E72E4BF1E72E4BEFE72E4B1B68D0
:1051F000002B3FF41BAF0246232002B0BDE87040F5
:105200001847294B1B68002B3FF410AF024624209F
:10521000F3E7254B1B68002B3FF408AF024625201F
:10522000EBE7436811211888FBF7BEFF00F17D0210
:1052300000F15B01204602B0BDE870400AF048B9B9
:105240001A4BC3E71A4BC1E71A4BBFE71A4BBDE72E
:105250001A4BBBE71A4BB9E71A4BB7E71A4BB5E73E
:105260001A4BB3E71A4BB1E71A4BAFE71A4BADE74E
:105270001A4BABE71A4BA9E71A4BA7E71A4BA5E75E
:105280004368204693F88F22D3F8901202B0BDE80D
:1052900070400AF065B800BF3C03002040030020C6
:1052A0003803002044030020880300204803002026
:1052B0004C03002054030020580300206803002002
:1052C0006C030020600300205C03002064030020C6
:1052D000500300207003002074030020840300208A
:1052E000800300207C030020780300203C2803D8A2
:1052F000064B53F82000704700F11603DBB2042B75
:1053000001D8AD38F4E70020704700BF2801002025
:105310003C2803D8064B53F82000704700F11603D1
:10532000DBB2042B01D8AD38F4E70020704700BF92
:105330003002002030F8023CF7B504460E467BB13F
:1053400000238DF804308DF8053000209DF80430DE
:1053500063F307009DF8053063F30F2003B0F0BD41
:105360001B4B30F8A05C1B680BB128389847194BD1
:105370001B680BB128469847174B1B680BB1284692
:1053800098470A230027A6F803503370B770637A52
:1053900054F8880C737107F0F2FE18B9B12163203C
:1053A000FBF710FA2846FEF719FE39462846FBF7A8
:1053B00011FF02212846FBF70DFF18B9074B1B68A8
:1053C00003B1984704238DF804300223BBE700BFE4
:1053D00090030020980300208C03002094030020F9
:1053E000F7B5456804464FF6FF776E690DF1020187
:1053F0000DF101023046ADF8027007F067FE01A919
:10540000304607F085FE40B1019807F05CFF616807
:1054100000220272FFF7C6FBE8E7044905F1A0008D
:1054200003B0BDE8F0400AF0DFB800BF355300001C
:10543000F0B5044685B00D46FF2600F8C16C10F8A3
:10544000C23CF3B1184F3B781BB148211F20FBF73A
:10545000B9F90C21381DFBF711FC3E70002304F84C
:10546000C13C09232A4602F8033BD4F80930C5F8A9
:105470000330D4F80D305360D4F81130936005B088
:10548000F0BD01A80C21FBF7F9FBA4F52C73039ADE
:10549000C3F8042101AB03CB44F8CA0C44F8C61C82
:1054A00004F8C26CDAE700BF5C18002010B5054CA8
:1054B00023782BB90C21201DFBF7E0FBFF23237081
:1054C00010BD00BF5C180020024690F8EE31BBB959
:1054D00090F8EF3103F0FF010BB100207047094B4A
:1054E00018780028F9D01970D9680433C2F804116B
:1054F00003CBC2F8E601C2F8EA11FF2382F8EE31CD
:10550000012070475C180020426870B592F887301F
:1055100004460D463BB1142B05D0123B0B2B94BF18
:105520000820012070BDD2F8143183BB92F8C83036
:1055300013B920460AF0A8F96168284601F5EF7111
:1055400009F07CFF2846666809F082FF6168C6F8AA
:10555000000128460B8801F2BB2121F8023C09F02A
:105560005BFF6168284601F2C32109F05DFF6368B3
:10557000002583F8EE5160680C4900F52C700AF0A4
:1055800030F863681622284683F88720CAE70C2281
:10559000032120460AF09BF963683222204683F8F3
:1055A00087200AF071F90020BCE700BF31540000E9
:1055B00038B54368044693F887201D2A04D04FF479
:1055C000DE711F20FBF7FEF8002293F8C8101D883B
:1055D00003F5D37083F8C72069B10B4983F8C8205D
:1055E000A3F8B05183F8AF2109F0FBFF63680022F4
:1055F00083F8872038BD012283F8AF11A3F8B0519A
:10560000024983F8B221EFE7C7FB0000B9FB0000B5
:105610000B46072210B503F8032B0446D0F80920E7
:10562000C1F80320D0F80D205A60B0F811201A817B
:10563000C27C9A7210F8483C7BB1084B1B681BB9BE
:1056400035211C20FBF7BEF8A0F5C072A0F58471CF
:1056500068389847002304F8483C10BD9C0300209C
:1056600038B50578446825B994F8873023B1012509
:1056700018E0A36FDB07FAD44A680E4B8968134021
:105680000D4AC4F8D830C3F307630A4043F0080357
:10569000C4F8DC2084F8DB300AF0F6F825B90423DE
:1056A00084F88730284638BDA36F002543F00103F6
:1056B000A367F7E72FC904F76FDB0006436870B5EF
:1056C00093F88620042A30D14C681A4A8E6822400A
:1056D0000578194CC3F8D820C2F30762344042F071
:1056E0000802C3F8DC4083F8DB20002283F8C220E4
:1056F00083F8862015B9426882F82B5193F88821E7
:1057000002F0FF049AB91A8803F5C07083F8894142
:10571000A3F88A214A68C3F88C218A680749C3F82C
:10572000902109F05EFF204670BD0124FBE70024B4
:10573000F9E700BF2FC904F76FDB00061156000020
:10574000406890F8883143B9038800F5C070034978
:1057500043811A23437209F044BF70471156000079
:1057600010B50446FEF7C6FA034A044B02400B404C
:105770006260A36010BD00BF2FC904F76FDB000695
:1057800037B50C464568FEF7B5FA084B084A0340A2
:105790000A4095F8D81000930B4001928DF8003024
:1057A0006B4603CB6060A16003B030BD2FC904F726
:1057B0006FDB0006DB0410B5144604D5037D13B17E
:1057C0000023436310BD436B013343630AF0EEFAD9
:1057D000D0E90D239A42F5D30023034943632046C1
:1057E000BDE8104009F006BF0FFD0000F8B54468A1
:1057F00005460E46077894F88630012B08D027B965
:1058000094F8873023B1012040E0A36F9A07FAD4BF
:1058100094F8C9309B0719D4304609F020FE84F86B
:10582000D300B6F80530A4F8D430B6F80730A4F8A1
:10583000D63094F8C93043F00202D80784F8C92062
:1058400010D5174904F1CA0009F0D4FE94F8C93004
:10585000D90712D4DFB994F8873043B150214020E2
:10586000FAF7B0FF94F82A31002BEAD1EEE70123D2
:1058700084F8873028460AF007F894F8863000202C
:10588000012B03D184F8860084F8C200F8BDA36F11
:105890009A0701D55521E2E743F00203A367E9E740
:1058A000CDFD000070B545680446FEF7C5FE054B0A
:1058B000014685F885001B681BB12046BDE8704095
:1058C000184770BDA4030020024B1B6803B11847A2
:1058D000704700BFA0030020F0B5204D00242B78B6
:1058E0001470CBB3013B6F68DBB21D1B012D0BDCC9
:1058F00007EBC40557F834606D688D4208BF8642D7
:1059000012D114700120F0BD1D196E10C5F34705AA
:1059100057F836C007EBC60E8445DEF804608E41AA
:105920002CBF2B462C46E0E7B04271EB050502D2B6
:1059300014700020E7E707EBC30457F8335064689E
:105940008C4208BF854201D11370DBE7A842A14118
:1059500028BF01331370ECE71846D4E77C18002009
:1059600010F0070208B503D063214820FAF72AFF98
:1059700018B1034B197258601A70C80008BD00BFF7
:105980007C180020014B00221A7070477C18002000
:10599000014B187A704700BF7C1800202DE9F743AF
:1059A0000AF04DFA0DF1070206460D46FFF794FF87
:1059B00098B910490A780B7A93420ED04C68134676
:1059C0006FF060479DF80700984209D304EBC003CD
:1059D000013201200A70C3E9006503B0BDE8F0831D
:1059E000D819013B04EBC000DBB2D0E90089C0E963
:1059F0000289E7E77C18002037B50AF020FA0DF19C
:105A00000702FFF769FF0446A0B10C4A9DF80700A2
:105A100013785568411C013B05EBC101DBB21370E3
:105A20001A1AD2B2D200834238BF002205EBC0005E
:105A30000BF0F6FB204603B030BD00BF7C18002001
:105A40000A460648822302F8033B0368C1F8033084
:105A50004368536083689360704700BF85180020D7
:105A60001622002101480BF0F3BB00BF851800206F
:105A700017B402AB03E903001C48437D8BB30B460C
:105A80009DF8001011BB93F86C10194A52F82120B0
:105A90004FF47A7102F2E732B2FBF1F2D3E97014FB
:105AA0006E3144F100045218198844F10004426038
:105AB00001808460B3F8803002220E490C3020F857
:105AC0000A3C03B05DF8044BFFF77EB8520608D5D8
:105AD0001A880280D3F840224260D3F844228260C0
:105AE000E8E703B05DF8044B704700BF851800205D
:105AF0006C510300415A00000F4B4FF47A72042995
:105B000053F8213010B503F2E73300F1FF34B3FB53
:105B1000F2F34FEAC41409D003290AD002290CBFBA
:105B20006022F022234400FB023010BD4FF4D26209
:105B3000F8E740F2BE22F5E780510300264B1A68D1
:105B400010B5D2F80F300362537D117D1B0443EA78
:105B50000123D17C0B436FF450618362B2F819309A
:105B6000591806298DBF40F2E241A3F550634FF466
:105B70007A714B438EBF00214B430121C36180F8F2
:105B80007610937DD9B103EB830303EB83039B0072
:105B90000386B2F81730D9B164214B43C362B2F81F
:105BA0001B308384B2F81D30C38492F8243003F094
:105BB0001F025B0980F89A2080F8C03110BDC3EB4A
:105BC000431403EB840303EB83035B009BB2DFE727
:105BD00040F2E241E1E700BF9C18002038B5074DD4
:105BE000044600F16901286809F024FA94F8681065
:105BF0002868BDE8384009F02BBA00BF9C18002087
:105C0000D0F88030F7B50BB101221A604388DB076A
:105C100027D50023056A144E05F10A07CDE90033A4
:105C200002238DF80630FF2386F820306846FBF704
:105C3000F5FAB0B9009CA542F8D03B466A7A04F167
:105C40000A01607A09F031F80028EFD0A37886F8CD
:105C50002030D4F80330C6F82130044BB4F80720C4
:105C60009A8003B0F0BD00BF9C180020BD18002032
:105C700038B5084D044600F1690106232868002262
:105C800009F0F6FA94F868102868BDE8384009F081
:105C9000DFB900BF9C180020F8B504460E46134635
:105CA000807F6588324615F004050CBF294604F153
:105CB0007701FEF78FFBC20705460BD50123A07FB6
:105CC00084F86830FEF7EAFB0368C4F8693083881B
:105CD000A4F86D30AB070CD50127084E04F177010D
:105CE000306884F8767009F0ACF93946306809F00C
:105CF000B8F985F00400C0F38000F8BD9C180020BE
:105D000010B50446084694F8D8306BBB23780829B0
:105D100004F1DB0284F8D93016D004F1DA01FEF781
:105D20002FFB20B940F61A712D20FAF74BFD94F89D
:105D3000DA3043F0020384F8DA3004F1D0000B4982
:105D4000BDE8104009F04DBC094B1868034613F834
:105D5000031BC1F3801184F8DA10D0F80310C4F8E3
:105D6000DB109B889380E8E710BD00BF81FE000038
:105D70009C18002070B504460E461546FDF798FFA6
:105D800098B92378A4F8C16084F8C030637C84F8A3
:105D9000BF500BB194F8483004F1B60084F8C3301A
:105DA0000249BDE8704009F01CBC70BDA1020100B1
:105DB00038B5B0F848300446184D0133A0F84830E3
:105DC000AB7C2BB103F064FA02F02EFA0023AB7423
:105DD00000232B7194F889302BB101212046BDE8B6
:105DE000384007F015BE637CB3B1B4F848209A423E
:105DF00012D30121204607F00BFE63882046DB0703
:105E000047BF236A432243224FF6FF7148BF1988D8
:105E1000BDE83840FFF7AEBF0021DFE79C18002047
:105E200010B5094C2379012B02D02379022B05D11F
:105E3000A37C1BB103F02CFA02F0F6F9A06ABDE8CE
:105E40001040FFF7B5BF00BF9C1800200346074A6B
:105E5000906A03B909B9FFF7ABBF1379D26A03F1AE
:105E600080431269033B52F8233018479C180020E6
:105E700003292DE9F043054685B090467BD090F884
:105E800088300529DBB202D14288D0075FD5002BCC
:105E90005DD10127DFF8E89099F81260B6B108F0FB
:105EA00039FF082888F8000014D002AA0DF1070174
:105EB000FEF766FA20B940F6A4612D20FAF782FCBD
:105EC00002A99DF8070009F0C6FF064698F80030C1
:105ED000082B08D1D9F8001011F8030BC0F380107B
:105EE00009F0B9FF0646D9F8001005F1700395F8DE
:105EF0006F2011F8030BC0F3801008F0D6FED9F81C
:105F00000010044611F8030BC0F3801008F0F8FEEF
:105F10008146FEF7D5FA40B1B9F1080F1CD04846CA
:105F2000FEF7FAF980F00100C0B298F80020082AC4
:105F300016D09CB9AB7F991A4B424B416A885207E5
:105F400006D420B99EB92B7D9BB1BB4211D0002352
:105F5000184605B0BDE8F0830020E6E70123EDE731
:105F600014B180F00104E4B204F00103E6E7334623
:105F7000EEE70123ECE743889B07E8D5022789E792
:105F80009C1800202DE9F341444C2379012B07D0C4
:105F90002379022B04D040F638412D20FAF712FC69
:105FA000A26A176A0FB197F87570A8B90125A37C8A
:105FB0001BB103F06DF902F037F9002D6BD0A06A28
:105FC00007F008FD002860D002F0F4FFE36A9B6848
:105FD00002B0BDE8F0411847216802F1690392F868
:105FE000682011F8096BF00908F05FFE0028DDD089
:105FF00006F00F062068052E2CD190F8243003F00F
:106000001F03102B26D9D4F8288098F812500DB30E
:1060100008230DF10702314640468DF80730FFF79F
:1060200027FF0028C3D098F8E930002BBFD12268A1
:1060300008F1EA01D31C233253F8040B934241F8D0
:10604000040BF9D11B8808F1E1000B80144909F019
:10605000C8FAACE7394609F029F80028A6D0237918
:10606000A06A012B05D02379022B02D040F6114102
:1060700093E723793146E26A03F180435269013B99
:1060800052F823309847054691E7A06A02B0BDE870
:10609000F041FFF78DBE02B0BDE8F0819C180020F2
:1060A00099FE00002DE9FF4708230DF107020521A5
:1060B00004468DF80730FFF7DBFE054620B90025C2
:1060C000284604B0BDE8F087FDF782F806460028B0
:1060D000F5D1DFF8F880216AD8F8002091F88E30E9
:1060E000104610F8037B03EA571303F0010381F80D
:1060F0008E30D2F80330C1F803308388A1F807301E
:106100001346276A13F81F1BC1F38011B970D2F828
:106110001F001B79029038468DF80C30FFF70EFDFA
:10612000276A02A994F913A007F18E0008F0D0FEA7
:1061300040F20113A7F86C304FF0FF0987F86E901A
:10614000314607F13400FEF74BFD51463846FEF765
:1061500043FA216A84F8956020460B889DF8072051
:10616000A4F896304FF6FF7384F8B390A4F8B430D7
:106170000AF02FF8124904F18C0009F032FAFDF709
:1061800097FD60B9236A04F1C4000E491A88A4F887
:10619000CD2093F88E3084F8CF3009F022FA236AAC
:1061A000002220461988FFF7E5FD074B00221B68F7
:1061B00088F80420002B83D02146206A98477FE787
:1061C0006F0101006BFE0000D80300209C18002026
:1061D000032973B5044604D005292BD0012002B051
:1061E00070BD08230DF107028DF80730FFF740FE60
:1061F0000028F3D0237C23B19DF807102046FFF739
:106200007FFD114D0622042620462B685A701E7011
:10621000FFF7E4FC94F85C20A16D286808F037FFD4
:1062200028682E7102F0A8FF286800210AF0D1FB2F
:106230000020D4E7054B1B6823B1984780F001008C
:10624000C0B2CCE71846CAE79C180020D40300204F
:10625000F8B504460F4619B300F1300528460AF098
:10626000EAF9A0B963881A072ED528460AF0F8F98A
:10627000064628460AF0DFF9301AC0B20AF0FEF9E5
:10628000464A93681844906028460AF0B3F92846B5
:106290000AF0B5F902F00CFE2179252002F026FD66
:1062A0003E4D002394F8762028680370437063887D
:1062B000103B0D2B62D8DFE803F05D61590C61449F
:1062C00061616161616161442046BDE8F840FFF7AA
:1062D0006FBD06234370202303702046FFF77EFC2A
:1062E000638823F008039BB2152B05D094F8542043
:1062F000216D286808F0BCFE286802F03DFF0021EF
:1063000028680AF066FB0323217900202B7102F034
:10631000D5FD064607B9E86063881B0704D50AF077
:10632000AAF93044C4F820016388103B0D2B30D803
:10633000DFE803F0322F29292F292F2F2F2F2F2F7E
:106340002F290C2343702123037042B104F17701FC
:1063500008F077FE0121286808F083FEBDE704F10C
:10636000700108F06EFE94F86F10F4E706230370D6
:106370004370B2E7022303700623F9E740F21F617E
:106380002D20FAF71FFA21790120BDE8F84002F02C
:1063900099BF40F6AB41F3E7F8BD00BF9C18002061
:1063A00038B543880446102B04D10121BDE838409C
:1063B000FFF74EBF0B4DAB7C23B101F00DFF40202A
:1063C00002F05AFF286802F0D7FE608810F004003F
:1063D00002D1217902F076FF002002F013FF0123A1
:1063E0002B7138BD9C180020024B0121986AFFF7E1
:1063F0002FBF00BF9C18002010B5154CA37C1BB10B
:1064000002F046FF01F010FFA06A07F0E3FA20B1A6
:10641000A06A438803F0180323B9A06ABDE81040BE
:10642000FFF7C6BC2379012B07D02379022B04D0B8
:1064300040F63B312D20FAF7C5F92379E26A03F1E2
:106440008043D268013BBDE8104052F82330184722
:106450009C180020094810B5037903F0FF0453B9D4
:106460002422214604300AF0F3FE02F011FF01F06D
:10647000DBFE204610BD0C24FBE700BF9C1800206B
:1064800010B50023084C23712060FFF7E3FF20B113
:1064900040F2EA212D20FAF795F9E36A13B940F2A8
:1064A000ED21F7E710BD00BF9C180020014B024A08
:1064B000DA6270479C180020B8030020044B054A9C
:1064C0001A60054B054A1A60054B064A1A60704768
:1064D000D4030020A5600000D80300207D2E00001A
:1064E000D003002091670000F8B5467D0446B31E36
:1064F000DBB2012B8CBF0027012796B3023E18BFE9
:106500000126012B2DD800F1700190F86F0008F0E2
:10651000F7FB054663889B0605D4082D2CD028463A
:10652000FDF706FF40BBA577677784F86860FDF745
:1065300021FF05460AF0F5FC164B0022A5FB0335AA
:1065400084F87620181845EB01051146C4E91805B2
:106550002046FFF7A1FB70B940F275412D20FAF7F4
:1065600031F90825D6E704F169013046FDF7CAFD87
:106570000028D8D10020F8BD002EF4D0237F002BB6
:10658000F8D0D4F81630C4F86930638BA4F86D30B5
:10659000C9E700BF40420F002DE9F04F07469BB00E
:1065A0000C4605460EAE0FCF0FC60FCF0FC697E8AD
:1065B0000F0086E80F0006A86E790AF001F8A37AAA
:1065C00061780293237801F07F080393237D013BD8
:1065D000DBB2022B00F288806C4AC90613441F7E8E
:1065E00006D4A37D013BDBB2022B7DD813441E7E73
:1065F000637E03F0FD03012B02D1042F08BF0327A4
:10660000A37E03F0FD03012B02D1042E08BF032655
:10661000617A06A809F0DBFF237D227F06A8022B02
:1066200002F101020CBF617D0121D2B204BF013130
:10663000C9B209F0CEFF18F0080F6CD106A80AF015
:106640000FF863788246DA0653D4FAF7E3FE814600
:1066500039465046FFF750FA012301463246484674
:10666000CDF8008009F027FC40F27121227900F278
:106670009920E378B0FBF1F043EA022362794843C2
:1066800043EA02434B43984238D84FF0000B94F84A
:1066900018A00593A37CE86C04930AF1FF33D3F1AF
:1066A000000A4AEB030A06F099FF8146E86C06F0FF
:1066B000A5FF059B484538BF48460DF1180980B233
:1066C00060B308A9CDF82090ADF824808DF8307023
:1066D0008DF83160CDE90A3B09F01FFD059BE8B953
:1066E00045201BB0BDE8F08F40F256310620FAF786
:1066F00069F82822414600F0E3F9B5E7E379A27989
:1067000042EA0322237A42EA034201FB02F398425F
:1067100098BF0346B9E700239B46B8E7CDE9103B95
:10672000049B039A8DF84C308DF83C700EAF029BA1
:106730008DF83D602E468DF848A08DF84D308DF8CF
:106740003820ADF83A800FCF0FC60FCF0FC697E8AD
:106750000F0086E80F0099E8030028630020A9864F
:10676000E37A13F0FD0F14BF0123002385F86F3087
:10677000E3682B67238AA5F8743095F84630E27DEC
:1067800062F3071385F84630ABE700BF8051030082
:106790002DE9FF4708230DF10702052104468DF876
:1067A0000730FFF765FB002800F09280FCF710FD32
:1067B000002840F08D80484D206AFFF7BFF92B6814
:1067C000D3F81F0093F8232002908DF80C20226A42
:1067D000D3F80310C2F80310B3F80710A2F807109B
:1067E0001B78206AC3F3801383703C4B1B6813B182
:1067F000012221469847266A0E2328684FF0080890
:10680000B7780021437080F8008008F050FD002226
:106810004FF00301286808F051FD2046FFF728FAE1
:106820003946286808F01DFC06230122F11C28685F
:1068300008F01EFD6179FF2002F058FA286802F086
:106840009BFC286800210AF0C4F8266A20463146DD
:1068500009F047FE07460DEB080106F18E0094F99A
:1068600013A008F035FB86F86C7086F86D704FF059
:10687000FF0986F86E90F91E06F1340001298CBFDD
:1068800000210121FEF7ACF951463046FDF7A4FE88
:10689000216A00239DF80720204684F895300B8854
:1068A00084F8B390A4F896304FF6FF73A4F8B43090
:1068B00009F08FFC236A1A8885F80480A4F8CD209B
:1068C00093F88E3084F8CF30012004B0BDE8F08713
:1068D0002046FFF76DFAF7E79C180020D803002048
:1068E0002DE9F041574E86B00446327902F0FF039D
:1068F00012B90278FF2A04D140F6A2112D20F9F72F
:1069000061FF3382B3607371B37180F889304E4B8D
:1069100002A802934D4B03934D4B0493F36A5B68BB
:10692000059302F013FC02F033FA02F0B1FC01F01F
:106930007BFC484802F096FA474802F001FC04F15B
:106940003000019009F056FE019809F058FE02F05F
:10695000AFFA2179252002F0C9F994F9130002F069
:106960007BFA04F15001E06C06F0C9FD074604F122
:106970005801E06C06F0E8FD80461FB194F8243021
:10698000002B38D1B8F1000F37D094F82550637F31
:1069900013B963885B0709D56FF00043D4E9181277
:1069A0009A4208BFB1F1FF3F29D185BB002F08BF34
:1069B000474694F88B3003B9AFB1638813F01005E4
:1069C00011D1606CC0F30B2009F096FD94F84630AD
:1069D00084F84500C0F3032023F00F03184384F824
:1069E000460084F88B5030680330FDF7E1FCB0744A
:1069F00006B0BDE8F0810125C9E74546C7E70AF0C2
:106A000090FAD4E91823904271EB0303CDD301220D
:106A1000204605EA0201FFF73FF968B1FDF7AAFC3D
:106A200005460AF07EFA0D4AA5FB02321B1842EB1E
:106A30000102C4E91832B9E7002DB7D040F6D711EA
:106A40005CE700BF9C180020F9630000855F000030
:106A50004D5E0000D6BE898E5555550040420F0050
:106A6000024B9862DB6A1B68184700BF9C18002025
:106A700043881A0710B504460ED5036A3C220F4915
:106A80008C3042721B884381FF2380F827304FF6F9
:106A9000FF73038508F0A5FD63882046DB0747BF29
:106AA000236A3C223C224FF6FF7148BF1988FFF74A
:106AB00061F9FF2384F8893010BD00BF6F01010028
:106AC0000138022808B503D9C3212F20F9F77AFE2F
:106AD00013290A4B05D811290CD8102907D0D12128
:106AE000F3E71529FBD103EB4003D88801E033F825
:106AF000100008BD03EB40039889FAE79C5103009E
:106B0000F8B52F4B40281A8842EA00021A8005D1B6
:106B100004219868BDE8F840FCF720B9802801D12D
:106B20000521F6E700F00302032A04D140F60E2106
:106B30003120F9F747FE10F0020418BFD960C507ED
:106B400005D5CA781961062A0DD00B2A18D02CB1A8
:106B5000DA68D278052A1FD00B2A2AD0820644BFD1
:106B600008221A75F8BD9A6892F887101929EED193
:106B7000002600270121C2E9386782F88B10E6E77A
:106B80009A6892F88710132901BF002182F88B10B0
:106B9000012182F8C810DAE79A6892F8871017295D
:106BA000DCD1002400250121C2E93A4582F88C108D
:106BB000D4E79A6892F887101229CFD10021F5E71F
:106BC000CC18002013B5044601A8FDF71DFA20B922
:106BD00040F60C013120F9F7F5FD50220021019813
:106BE0000AF036FB0321019808F09EFB019821462C
:106BF000037823F010030370FDF794FD22460199FA
:106C00000548FEF769F9FDF713FA10B940F61601C9
:106C1000E0E702B010BD00BFD018002070B5274CCF
:106C2000A36893F89A6293F89B52002E3FD193F891
:106C30006C10002D3DD193F86D2083F86C1083F813
:106C40006D20FF2283F86E201D4B1B680BB1A068DE
:106C50009847A36893F82431012B02D056EA050324
:106C600003D000211748FDF779F8A068343008F008
:106C700041FD0546A06800F24911FDF7D3FFA06869
:106C80000621FCF76BF8A068343008F033FD85422C
:106C9000044610D203F040FB0146601B192838BFA0
:106CA000192004F04FFCB0FA80F0400970BD314665
:106CB000BFE72A46C1E70120F8E700BFCC18002053
:106CC000FC030020D018002008B50C4B9B6893F8FB
:106CD0000E21FE2A04D040F61B013120F9F772FD87
:106CE00083F80E0111B9A3F8C41008BD0022A3F85F
:106CF000BE20012283F8C220F7E700BFCC18002095
:106D00000D4B1A7DA2B948B99B68B3F85C10B3F873
:106D1000402091420FD81846FBF796BF1A881207F9
:106D200008D59B6893F88800083818BF0120704781
:106D30000020704701207047CC18002043689B6FEB
:106D400013F0300F70B5044686B00D4651D1084699
:106D500008F09FFB30B9E978204606B0BDE87040E6
:106D600008F0CEBD6668284608F08FFB05902846DF
:106D7000343608F086FB0490284608F088FB039020
:106D8000284608F080FB059900903046DDE9033283
:106D900008F0E5FC184B1A8892070ED5DA68D2780D
:106DA000142A0AD16268936F43F010039367204658
:106DB00008F06AFD002006B070BD626892F8861087
:106DC0001E29EFD092F81B21002AEBD1626892F8BD
:106DD0001A21002AE6D161688A6F42F020028A6790
:106DE0009A68114602F5A97231F8340BFDF77EFF5F
:106DF000DDE70120DFE700BFCC180020154BDB6882
:106E000010B51979436893F886200A2A09D193F8B6
:106E100009218A4205D1002283F8862083F8C22006
:106E200010BD9A6F12F0080406D022F00802BDE8E7
:106E300010409A6708F038BDFF2905D1342283F845
:106E40008C4283F88620EBE740F204513120F9F7B9
:106E5000B9FC00BFCC18002003460029104608BF2B
:106E60001F21362B10B51CD80D2B1CD9A3F10E02F7
:106E7000282A18D8DFE802F0191717171917191759
:106E8000201917171717174417174C17173C3C3CB6
:106E900056171717171717175E175E175E17175E27
:106EA0005E00EA2B4ED0002010BD0246002118469D
:106EB000BDE8104009F02FBC254CA36893F886204C
:106EC000222A09D1201DFCF749FFA368002283F87C
:106ED000862083F8C220E6E72F2AE4D193F8873092
:106EE000A3F12102062AF0D92F2BEED02A21E9E7BF
:106EF000184A1268002AD6D01846BDE8104010473C
:106F0000154B1B68002BCED01D20BDE81040184744
:106F1000124B1B68002BC6D00A4611482021BDE841
:106F2000104018470F4B1B68002BBCD00C48BDE825
:106F3000104018470C4A1468002CB4D00A46194671
:106F40002346ECE7094B1B68002BF0D1ABE700BFF1
:106F5000CC180020F803002020040020E0030020CB
:106F6000D018002030040020EC030020140400207E
:106F70001C4B024609799B6893F8860022281DD095
:106F80002F281BD029281BD004281BD010281BD049
:106F90001E281BD093F88730242B19D0302819D005
:106FA000352819D0362807D0372817D03B2817D0D6
:106FB000412814BFFE203520FFF74EBF1620FBE707
:106FC0002320F9E70E20F7E71220F5E71420F3E776
:106FD0001720F1E72620EFE72E20EDE73020EBE742
:106FE0003220E9E7CC18002037B50C790246456815
:106FF000362C95F886305DD8222C07D8A4F10E00E7
:10700000C5B20F2D30D9002003B030BD233C132C66
:10701000F9D801A050F824F01B710000077000009F
:10702000077000003B71000007700000077000004F
:107030000770000007700000077000000770000074
:107040000770000055710000077000008571000096
:1070500007700000997100000770000007700000C1
:10706000AD7100006D7100000F28CCD801A555F856
:1070700020F000BFCD700000077000000770000016
:1070800007700000CD70000007700000CD70000098
:1070900007700000DB700000CD700000077000007A
:1070A0000770000007700000077000000770000004
:1070B00031710000EA2C48D0FF2CA4D1404B9B69D1
:1070C000002BA0D0012385F88E329CE701212046B9
:1070D00003B0BDE8304009F01EBB222B01D02F2B9E
:1070E00091D11046019208F0C6FB019A536893F8BB
:1070F0008710232987D093F8D910104621F0010179
:1071000083F8D910516891F8D93023F0080381F839
:10711000D9301A21FCF722FE75E7292B7FF473AFD3
:10712000284B1B68002B3FF46EAF104698476AE768
:10713000332B7FF468AF244BF3E7244B1B68002B01
:107140003FF461AF104698475DE7214B1B68002B69
:10715000F9D158E7352B7FF456AF1E4B1B68002B37
:107160003FF451AF2E21104698474CE7362B7FF461
:107170004AAF18490C68002C3FF445AF1946104639
:10718000A04740E7372B7FF43EAF124B1B68002B24
:107190003FF439AF3021E6E73B2B7FF434AF0D4BA2
:1071A0001B68002B3FF42FAF3221DCE7412B7FF42B
:1071B0002AAF084B1B68002B3FF425AF3521D2E7DF
:1071C000CC18002000040020240400202804002003
:1071D00018040020F0030020F7B50546934C002862
:1071E00040F0E08023881F0752D5A36893F80E2152
:1071F000222A13D02A2A01D01C2A05D1002283F882
:107200002C218B4808F037FBA36893F80E21FE2A47
:1072100011D140F276513120F9F7D4FA83F82E01DA
:10722000844B1B68002BECD0A06800F5977100F52B
:107230008A709847E5E7FE2283F80E2193F88720AD
:107240001B2A08D100267A4883F8C76008F02CFB77
:10725000A36883F88760A36893F88620342A3BD01C
:10726000402A42D0212A0AD193F88720A2F1210195
:10727000062901D92F2A2DD12F2283F88620A36831
:1072800093F88820082A02BF0222227783F80E2171
:107290002388DE075AD5A368276993F88730123B05
:1072A0000B2B0DD8FB78023BDBB2092B00F2BA8026
:1072B000012202FA03F340F23332134200F0B280AB
:1072C0003846FDF713FAFE78B0B93146584808F051
:1072D00017FB89E02222D0E7012283F88D220022C9
:1072E00083F8862083F8C220C9E7002283F83D2175
:1072F0004F4808F0C0FAC2E7012E01D9162E0FD16F
:10730000A36893F8860008F0E8FA48B1A36893F8F8
:107310008620212A04D0222A40D12F2283F88620D9
:10732000112E65D058D8072E64D00D2E64D030466B
:10733000FDF7DCFF0346002853D1FF2E5ED1A36981
:10734000002B5BD0A368012283F88E222388580784
:1073500006D5A26892F88820072A04BF0122227766
:1073600099070FD5E368DE780D2E49D0112E49D04C
:10737000072E49D03046FDF7CBFF0346002845D005
:107380002B4898472388DA060CD5A36893F8872002
:107390000B2A07D10C2283F8872003E0162E0CBF9E
:1073A00020250225237D1B0713D5A36893F887307A
:1073B000123B0B2B38D9002601A903200196FAF7BE
:1073C0008BFD019B2BB11E720C22A1680198FDF769
:1073D000B7FB284603B0F0BD142EA8D1164B1B688E
:1073E00063B12169124898470028AFD00546D9E714
:1073F000124BF6E7124BF4E7124BF2E7F97865E728
:10740000114BBDE7114BBBE7114BB9E7FF2E06D17E
:10741000A268342182F88C0282F88610B2E740F22A
:107420006A51F8E60825BDE70825D2E7CC18002008
:10743000D0180020E40300201C040020BB0701003A
:10744000E96F0000716F000085060100A3060100CE
:10745000FD6D0000024B002098611862704700BF6C
:10746000CC18002008B50022044B9A611A62FDF77F
:10747000A7FCBDE80840FEF719B800BFCC180020F3
:10748000024B9869003818BF01207047CC180020C3
:107490002DE9F047814C0E4686B00746B4F80080CF
:1074A000A16818F4007F01F178050CBFB1F8B8208D
:1074B000002328460DBF0132A1F8B83081F8D7313A
:1074C000A1F8B82009F005F928B1434601F5A072EA
:1074D0002846FEF76FF9238803F4C06343B1A06820
:1074E00090F88A30002B00F0AF80032B00F0B280C0
:1074F000A168238891F88A20012A04D11D0544BF80
:10750000022281F88A20002F40F07081580657BF70
:10751000B1F8F0213A46013292B2A1F8F02103F01D
:107520000A020A2A0DD1E268D278022A09D123F090
:10753000080330462380FFF74FFE30430823C6B2CE
:1075400023803046FFF748FEA3693043C6B2002BC4
:107550005FD01422002101A809F07AFEA36893F8F5
:107560006D0002F019F8A368054693F86D0002F06B
:107570000BF805F5FA754FF47A71A268B5FBF1F5D1
:1075800013882844ADF80430B2F88030ADF80A0012
:1075900041F27070ADF80830D369A3F57A75854271
:1075A00095BFB3FBF1F340F2E24103F55063B3FB47
:1075B000F1F39BB2ADF8063092F88E3233B1206908
:1075C000C31C049307F0AEFE8DF81400A26801A856
:1075D0009DF80C3092F88D2262F300038DF80C3088
:1075E000A3699847A3680022049983F88E2283F840
:1075F0008D2271B193F88C225AB993F88620342ADF
:1076000007D09DF8142022B10878FF2827D11B2A23
:107610002CD9A36893F80E21FE2A4FD1002E4DD10C
:1076200093F88820073A012A48D993F818312BB3E8
:10763000A3680121022093F81921A3F8BC6083F804
:107640001021FFF741FB39E0012180F88A10FBF798
:1076500085FB4DE70223012180F88A30F7E70728F0
:10766000D7D1022AD5D14878FF28D2D10120C3F83A
:10767000901283F88F2283F88C02CAE7A06890F8F2
:107680008730A3F11105EDB20C2D40F27781836FA5
:10769000DA0705D531460920D3E700BFCC18002012
:1076A000990740F1028131460C20FFF70DFBA268DB
:1076B00092F8C93043F0010382F8C930A568B5F8E3
:1076C000D03195F8D4810133A5F8D031B8F1000F4D
:1076D00000F0EA82FAF7F2FB10B10023A5F8D031EE
:1076E000A368188809F027F9A168824691F88A30C2
:1076F000B1F83280012B40F21C8391F88830082BBE
:1077000040F0EA82B1F8B830022B40F21283B1F8AF
:10771000BA500135ADB2B1F88030DFF858932B4440
:10772000A1F8C831D9F80030002B00F00683B8F179
:10773000010F40F20283FAF7B5FB0246A068D9F8C0
:107740000090B0F88010C84701301FFA80F9A36894
:1077500093F8D521002A3DD1012D3BD993F88720FC
:107760000AB10C2A36D193F886209ABB93F8882068
:1077700082BB93F88A20022A2CD193F8D7214ABBE6
:10778000586905F0FCFC28B3A36893F80E21FE2A83
:1077900020D1B3F8CA21012A1CD9B3F8D0119A8C90
:1077A000914217D2BAF1000F02D0BAF80E0088B990
:1077B000013D521AADB292B2B5FBF8F5954228BF21
:1077C000154605FB0899003D1FFA89F918BF0125E8
:1077D00083F8D251A34B1B6813B1484698478146A2
:1077E000A368B3F880008144A3F8CC912288A368F1
:1077F000550657BFB3F8DC210022B3F8CE1152185A
:10780000A3F8DC2193F818312BB9A36893F88830DA
:10781000073B012B07D8A368B3F8BC20B3F8CE11FF
:107820000A44A3F8BC20A36893F8C20030B1B3F8AF
:10783000BE20B3F8CE110A44A3F8BE2093F9C610B7
:107840000029C1BFB3F8C420B3F8CE515219A3F830
:10785000C42093F8A9205AB9002F40F0B882227FA3
:10786000022A40F06D8293F81021062A18BF1622D2
:10787000A36893F8A8302BB9A3687B4883F8A920A4
:10788000FDF7AEFDA06808F0D7FF784B1B681BB171
:10789000774AA06811689847A368002283F8D3212B
:1078A00006B0BDE8F047FCF7EDBB5A0702D53146FC
:1078B0001320C6E6190706D590F80831314680F83E
:1078C00010310720BDE61A0602D500211B20B8E6BC
:1078D00013F030013CD090F81B31002B40F07D823A
:1078E000A36893F81A31E3B1A06890F8873000F5E7
:1078F0008D7100F29A22262B28D090F88630A3F1C1
:10790000260CDCF1000343EB0C0307F0FCFEA2683D
:10791000936F23F0200343F010039367002382F852
:107920001A31A068836FDA0640F1578200F24911DC
:10793000FDF778F9A36800211520B3F85620A3F8C5
:107940001021B3F85A20A3F812217AE60123DCE7CC
:1079500013F0400201D0242073E613F4807102D0AA
:1079600011461E206DE613F4007201D02F2068E648
:107970005B0540F132821146312062E6123B0B2B4F
:107980004CD8DFE803F0064B4B4B09114B4B4B4BEC
:107990004B3C00210B2054E6FDF796FD00283FF4F8
:1079A0008DAE002104204CE690F88832012B08D1DE
:1079B00000210520FFF788F9A368002283F88822B8
:1079C0007CE6A36893F88832022BD8B27FF476AEB7
:1079D000A368062293F8C8501DB1002183F8102136
:1079E000E8E72148032107F072FFA368294693F8CE
:1079F000D83013F0040F14BF11200D20DAE7002156
:107A000006201EE6002111201BE692F82431012BEE
:107A100004D192F82531002B00F0F481A36893F88B
:107A20008620B2B993F88720113A0C2A40F2FA81E5
:107A300093F8B620002A00F0F5810121122000E61B
:107A400000212D20FDE500213320FAE50021202032
:107A5000F7E50A2A40F0E28193F80921012183F831
:107A600010212EE7F4030020D0180020DC030020B2
:107A7000700000202C040020A36893F82A319BB1E9
:107A8000A36893F8C93013F003050DD101210C2030
:107A9000FFF71AF9A36893F8C92042F0010283F8AE
:107AA000C92083F82A518BE7A36893F81A3153B39E
:107AB000A36893F81B3133BBA06890F8873000F5BA
:107AC0008D7100F29A22262B1BD090F88630A3F1FC
:107AD000260CDCF1000343EB0C0307F014FEA36853
:107AE000002283F81A2101211420FFF7EDF8A36882
:107AF000B3F85620A3F81021B3F85A20A3F81221A6
:107B0000DCE50123E9E7A36893F82421012A74D175
:107B100093F82531002B70D1A06890F88720A2F14E
:107B20002103062B69D92F2A67D090F86C104B1EC1
:107B3000DBB2032B09D890F86D50DFF818E3013D54
:107B40001EF803C0EDB2032D04D94FF45071062086
:107B5000F8F738FEBCF1020F90F8263114D0BCF1D2
:107B6000030F13D0BCF1010F04D1012B14BF00236C
:107B700001236BB9A2F14403012B26D90B3A042A45
:107B800023D9012116205CE5022BEFE7042BEDE75A
:107B90001EF8055090F82731022D24D0032D24D053
:107BA000012DE7D1012B14BF00230123002BE1D0CD
:107BB000B0F8803000F52672B0F8280106F0F1FF29
:107BC0000146A8B9A048FCF7C9F8A36893F8862035
:107BD000002A7FF473AD93F88C32002B3FF46EAD26
:107BE0000121FF202DE5022BDDE7042BC2D1DFE7C9
:107BF000A368282283F8862060E5A36893F82E31D5
:107C000013B1012122201CE5A36893F82C313BB16C
:107C10008E4B1B688C489847FE28D6D0012110E572
:107C2000A36893F8363113B101211D2009E5A3683B
:107C300093F8373113B101212E2002E5A36893F8A0
:107C4000393113B101213620FBE4A36893F83A31AE
:107C500013B101213020F4E4A36893F83D3113B14E
:107C600001213820EDE4A36893F83B3113B10121E1
:107C70003220E6E4A36893F83C3113B101213520AA
:107C8000DFE4A36893F83E3113B101212620D8E444
:107C9000A36893F8943213B10121EA20D1E46C4B2C
:107CA0001B68002BB6D190E7FAF7F6F808B1A5F8F3
:107CB000D081FAF70BF900283FF412AD95F8D731CF
:107CC0000133DBB2022B85F8D73182BF0023A5F840
:107CD000D03185F8D73103E591F8B6301BB191F872
:107CE0008630102B25D1B1F8BA5001F17800B1F8E7
:107CF000B8304FEA88090135ED1AA5EB880508F080
:107D0000E8FCC0B1D1F8B020D1F8AC00531C1B1A6C
:107D1000A3EB09039D42A8BF1D46BAF1000F05D091
:107D2000BAF80E30043B9D42B8BF1D46012D3FF707
:107D3000F1AC0125EFE42B46ECE74FF0010906E535
:107D4000012A09D193F88920002A7FF491AD0021FE
:107D5000A068FBF703F898E55EB1F00635D431076B
:107D600035D4B20635D4B30735D14FF4196131207B
:107D7000EEE638B1B3F8BE00B3F8C020904201D3AC
:107D8000222275E5002905DDB3F8C410B3F8C02040
:107D90009142F5D2B3F8BC10B3F8BA2091420BD29D
:107DA000A36893F88A10B3F8B82051B1B3F8BA3089
:107DB0009342CCD808225BE593F81831002BDFD131
:107DC000EEE7052AC3D93E2252E51E2250E53D22A8
:107DD0004EE523224CE52A224AE5A26892F8873034
:107DE0003A2B3FF42DAE10D82B2B3FF42FAE322B75
:107DF0003FF408AE232B7FF411AE92F82431022B0E
:107E00007FF403AE002117201BE43D2B3FF41BAE93
:107E1000422B7FF403AE00213A2012E40C2D3FF6F2
:107E2000D4AE4BE40C2D7FF649AC93F82B31002BEC
:107E30003FF422AE01210E20FEF746FFA368002288
:107E400083F82B21BCE500BFD018002034040020AB
:107E500004040020BA51030073B56A4D00240126C2
:107E6000A8602E712C802C752C77FF2380F8D331DD
:107E7000AB681888FCF7C2F8AB681888FCF7EAF81A
:107E8000AB68B3F8CA21EAB193F80E21FE2A19D1E2
:107E900093F81831B3B1AB6893F88820073AB2422F
:107EA00010D993F819210220A3F8BC40314683F879
:107EB0001021FEF709FFAB68022083F8D241FEF7DC
:107EC00081FE04E0AB6893F80E01FE28F7D1AC68A0
:107ED000B4F8CE1104F17800638E0139B4F8D021E2
:107EE00089B2B1FBF3F31344A4F8D031B4F8B8303D
:107EF0000B44A4F8B83008F0ECFB20B1D4F8AC3057
:107F00000B44C4F8AC30B4F8CA310026012B9CBF36
:107F10000133A4F8CA3109B184F8D76194F88730E5
:107F200084F8D261A3F10B02012A1FD8B4F8803083
:107F3000B4F898229B1A190432D404F29A2104F15D
:107F40008E0006F0C5FFAB6883F88760FF2283F8D8
:107F5000C320A968B1F8CE2101F1780006F0FFFF37
:107F6000A0B340F61B113120F8F72CFC262B17D1BB
:107F7000B4F89822B4F880309B1A1A0410D484F80C
:107F80008760FEF74BFEAB68014630B983F82401E9
:107F900002B0BDE87040FFF77BBA83F82461D8E7F0
:107FA00094F88630262B01D0282BD2D1B4F880301B
:107FB000B4F898229B1A1B04CBD4002384F8863093
:107FC000FEF72CFE01460028C3D1E1E70E4B0F4916
:107FD00000930F4A0F4B03C9F9F7F0FD296A19B155
:107FE00095F8240001F030F9AB6893F88730123B24
:107FF0000B2B04D802B0BDE87040F9F7D7BD02B032
:1080000070BD00BFCC18002091740000D018002073
:10801000016B0000016D0000D0F8A032C2699342EC
:1080200073B5044612D1D0F8A462426AB61A18BFDA
:10803000012694F8AC52002D42D0208808F07BFC39
:1080400030B940F6B8313120F8F7BCFB0126F0E733
:10805000B4F8A822638E9A421CD1B4F8AA3282895D
:108060009B1A18BF012394F88650442D16D094F81B
:108070008720442A10D0002502212046FCF758FA18
:10808000002D44D0002384F88630032384F88A30FE
:1080900002B070BD0123E6E73343ECD01D4B1B68F3
:1080A00013B940F6C331CEE7A5F14402002168467A
:1080B00001945542554101228DF800209847DBE795
:1080C000002ED8D02288A3F57A7104F5CA70A4F8DE
:1080D0009E2141F2707291420F4995BF4FF47A721E
:1080E00040F2E242B3FBF2F3B3FBF2F398BF03F5C5
:1080F00050639BB2A4F8A031B4F8A432A4F8A23122
:10810000B4F8A632A4F8A43107F074FAB4E784F8FE
:108110008750BAE70C040020E1F9000008B5FCF72D
:10812000AFFE024B024A1A6008BD00BF1C040020CB
:108130003D6D0000014B1873704700BF60190020AF
:10814000064B1B68D3F8000138B1D3F8040120B105
:10815000D3F80801B0FA80F0400970479020002061
:10816000034B00221A705A7010229A70704700BF99
:10817000D4190020F8B50646022014460D4600F03A
:1081800069FA114B114A0127191D5C609A6002F1CE
:10819000807203342D011F70DC601D83C3E9042647
:1081A0000022243303F80A2C0D2203F8092C084A74
:1081B0001268C2F830150749C2F80875C2F8383598
:1081C00003C983E80300F8BDD41900200300000BA5
:1081D000902000202053030008B5022000F03AFA56
:1081E0000D4B01221A7000220C4B1B68C3F80021B2
:1081F000C3F80421C3F80821094AC3F88020094BB9
:10820000C3F88C20A3F58023C3F88C21A3F58053F9
:108210000822C3F8042508BDD419002090200020AE
:108220000300008000300850144A08B5137803B3E7
:10823000134B19680023C1F880301249C1F88C3003
:10824000A1F58021C1F88C3108210F4BC3F8081526
:10825000FFF776FF40B101235370938EFF2B05D9B2
:10826000BE213B20F8F7AEFA102350709370002324
:1082700013700020BDE8084000F0ECB9D4190020CC
:108280009020002000300850002004500A4B1A783B
:1082900072B10A4B1B68D3F800215AB1D3F804011C
:1082A00020B1D3F80801B0FA80F04009C0B270479D
:1082B0005878704702207047D41900209020002081
:1082C000064A08B513782BB1FFF73AFF20B192F8B0
:1082D000340008BD9078FCE71020FAE7D41900209C
:1082E0000A4B02211A680023C2F88030084AC2F8FB
:1082F0008430A2F58022C2F88431A2F58052C2F8FF
:10830000081502F58022C2F8083570479420002035
:1083100000300850024B00221A705A709A70704751
:108320000C1A00202DE9F843054601200C46914621
:1083300098469DF8206000F08DF905F003012A4F62
:1083400041EA084329483A6843F0807380F8048082
:10835000C2F80435FFF7C4FFE3683A6893FA83FC78
:10836000A36880F805901FBA636819BA2368C2F839
:1083700010C51BBAC2F81475C2F81815C2F81C351E
:10838000D4E9043719061B0A09BA43EA076394F8CB
:108390002070002F23F00043E76914BF4FF0004C1A
:1083A0004FF0000CA4693FBA43EA0C03022E24BA32
:1083B000C2F820751BBAC2F82445C2F82835C2F8A5
:1083C0002C150CD80A4B022DC5709B5DC2F84835A0
:1083D0004FF00103437000D80370BDE8F8834FF4F9
:1083E000EE713C20F8F7EEF9942000200C1A0020E2
:1083F00028530300694B2DE9F74F5A7805460C4680
:1084000022B940F20A213C20F8F7DCF993F803C0C6
:10841000C21C01F1030A00F101091CF0FB0E0192DC
:1084200003F1080703F138065D4A4FD1497803F19B
:10843000400BC3F8109003F118098846A3F86810A0
:108440000191A3F8548008F104089C6492E80300A9
:10845000C3E916EE86E80300D2E902018BE80300C7
:108460000021DFF858B183F85610D2E90401C3E9BE
:1084700013BA87E803004B494FF00E0A596183F89D
:1084800057A0D2E90601EA1C9A620022C3E9085B00
:1084900089E80300A3F82C8083F82E2083F82FA00E
:1084A000C3E90CEEA378AB703F4B1B68C3F8306593
:1084B000C3F83875394B01223B499A70BCF1000F63
:1084C0004AD11B78002B40D1DA219CE792E80300C7
:1084D00003F1180EDFF8CC801C62C3F8148087E823
:1084E0000300611C1961D2E90801C3E910988EE804
:1084F0000300DFF8C8E003F148082C49C3E909EAA2
:108500004FF0000AC3E90B1AD2E90401C3F834A002
:1085100083F85EA086E80300D2E90601EA1C9A65AA
:108520005A79A3F85C200E22C3E9145E88E80300A0
:1085300083F85F20C3E918AAA378AB701A4B1B68B5
:10854000C3F83075C3F83865B4E70B68C3F804C1E5
:108550001A6003B0BDE8F08FBCF1040F05D11A70AA
:108560000B680021C3F80411F2E71B7813B94FF42C
:10857000837148E70A680023C2F804310C4BC2F843
:1085800080300C4AC2F88430A2F58022C2F88431CF
:108590000222094BC3F80425DBE700BF0C1A0020B8
:1085A0002C5303000100000C94200020E803000E6F
:1085B0000100008000300850002004500100000D30
:1085C000054808B503781BB1FFF78AFE0023037046
:1085D00000234370837008BD0C1A002008B5084BB7
:1085E0001B68D3F8042122B940F277213C20F8F728
:1085F000E9F8D3F80004003818BF012008BD00BF17
:1086000094200020024B01221B685A60704700BF73
:108610009420002038B5074B0024074D1B68C3F891
:1086200000452B68C3F80045FFF7CAFF2B68C3F865
:10863000804038BD9420002090200020044B402230
:10864000C3F88820BFF34F8FBFF36F8FFFF7E2BFF0
:1086500000E100E010B50446FFF7DCFF012C03D079
:10866000022C07D084B910BD094B02221B68C3F845
:108670000025F8E7074B03221B68C3F8002502F129
:108680000042C3F88020EEE784213D20F8F79AF8F5
:108690009420002090200020024BD3F8A00300F08B
:1086A0000100704700C0FF00084BD3F8A423D3F8A3
:1086B000A833511C9BB203D14FF6FF718B4203D0FC
:1086C00002608380012070470020704700C0FF00D7
:1086D0000B4B30B5D3F89053D3F89443D3F8981399
:1086E000D3F89C2305EA04030B401340013317BF62
:1086F00005600020446081601CBFC260012030BD65
:1087000000C0FF000B4B30B5D3F88053D3F884433F
:10871000D3F88813D3F88C2305EA04030B401340E5
:10872000013317BF05600020446081601CBFC26038
:10873000012030BD00C0FF00074B0022C3F800221B
:10874000C3F81822C3F82022C3F80C22C3F814225D
:10875000C3F81C22704700BF00A0085010B50D4C94
:1087600001F03F01D4F8203E41F40C3123F4702392
:1087700041F4207143EA0242C4F8202E064A136AEB
:1087800023F0030318431062C4F8000DC4F8101D51
:1087900010BD00BF00A00850801A0020064B10B585
:1087A0000024C3F87043224621462046FFF7D6FF37
:1087B000024B83F85C4010BD00A00850801A0020D6
:1087C000024B00221A809A701A717047801A00209A
:1087D0000A4B9B78012B02D0022B03D07047420733
:1087E00002D57047830707D4054B0022C3F8402504
:1087F00003F5A04301221A61704700BF801A0020D0
:108800000050085000280CBF0423022307B58DF840
:10881000043000238DF8063001F07EFD01284FF072
:10882000FF3088BF00208DF8050001A803F0B6FADC
:1088300020B140F616313E20F7F7C4FF03F0C6FA28
:1088400058B15723ADF80230BDF802309BB25A1E22
:1088500092B2ADF80220002BF6D1034B012283F82F
:108860005D2003B05DF804FB801A002038B5144D7C
:108870000346084695F83D2022B940F692013E2075
:10888000F7F7A0FF6BB9012AAC6B95F83C1005D146
:1088900000F018FF20442B6BC01A38BD08F09FF879
:1088A000F8E7012B0AD1012AAC6B95F83C1002D1F4
:1088B00000F0FAFEEEE708F09DF8EBE70020EAE7AB
:1088C000801A002008B50D4B83F8240001380C4BAA
:1088D00003280DD8DFE800F00206080A0322C3F8D7
:1088E000002508BD0422FAE70622F8E70522F6E78C
:1088F00040F6E1513E20F7F765FF00BF801A0020E7
:1089000000A0085008B5144B93F84930D90720D57A
:108910009A070ED5114BD3F8002442F00102C3F898
:108920000024D3F8200500F0F600023818BF01201B
:1089300008BD5B070DD5094B094AC3F80821A3F50B
:10894000A043D3F8403123B140F241613E20F7F714
:1089500039FF0120ECE700BF801A002000A008507A
:108960000B00008007B50B4A01AB92F9252000F0FF
:10897000EDFE9DF9040000F033FE9DF8050000F0C7
:108980006FFF20B140F20A613E20F7F71BFF03B0F2
:108990005DF804FB801A0020124A128D952A08B552
:1089A00003461ED9104863B92831C1600F4900F051
:1089B0003FFF0130012814D940F264713E20F7F7DF
:1089C00001FF012B0AD12931C160084900F036FFAF
:1089D0000130012805D940F26E71EFE740F2727163
:1089E000ECE708BD801A00208000002054530300EB
:1089F00008B50E4B1A8D952A16D99B78012B09D1F3
:108A000000F022FF013001280ED940F6E3013E209C
:108A1000F7F7D8FE022B07D100F01CFF0130012828
:108A200002D940F6E901F2E708BD00BF801A002034
:108A3000064B034440F409001A7D40F04000044B0B
:108A4000C3F80827C3F84005704700BF545303001C
:108A500000A0085010B50C46FFF734FF2046FFF782
:108A6000E7FF0C4B5A78012A03D12146D878FFF74B
:108A700079FF094BD3F8002442F01002C3F8002418
:108A800040F20312C3F8442E40F25B62C3F8482E52
:108A900010BD00BF801A002000A0085007B50DF1DE
:108AA000070003F087F920B140F64E313E20F7F77A
:108AB00089FE0D4A9DF807309278012A04D0022AD7
:108AC0000ED003B05DF804FB13F0040FF9D1074B8F
:108AD0000022C3F8402503F5A04301221A61F0E704
:108AE00013F0020FF2E700BF801A00200050085078
:108AF0002DE9F04107460D461646414CFFF782FE30
:108B0000002F4BD194F826803046FFF7DBFE40461D
:108B10004146FFF78DFF3046FFF724FF394940F209
:108B20000313394AC1F8443E40F25B63C1F8483E42
:108B300001232078A370984220D102EB4602938F44
:108B40004FF47A7203F5FA73B3FBF2F3ED1A216B6B
:108B50002E4B0D442E4AC3F84055C3F8C02123784C
:108B6000ABBB94F8493043F0020384F84930FFF777
:108B7000C9FE044690BB40F2536125E002EB860239
:108B8000936C4FF47A7203F5FA73B3FBF2F3ED1AB8
:108B90000028DCD11E4BC1F80031D8E7012F11D1DC
:108BA00094F826103046FFF755FF0223A370237870
:108BB000012BCCD0293D002BC9D1124B144AC3F84C
:108BC0000421C4E740F614013E20F7F7FBFD012B1A
:108BD000CDD194F8493043F00403C6E70B4B012292
:108BE000DA64D3F84C359D4208D929463846FFF758
:108BF000D3FEFFF753FF2046BDE8F0810024FAE7DB
:108C0000801A002000A00850545303000050085060
:108C10000B00008008B560220021034808F018FB13
:108C2000BDE80840FFF7CCBD801A0020962808B5A3
:108C300004D94FF403713E20F7F7C4FD014B1885AA
:108C400008BD00BF801A0020024B1844007D00F5CB
:108C50001660704754530300014B93F83C00704773
:108C6000801A0020024B986B1B6BC01A704700BF24
:108C7000801A0020094AD2E90C3092F83C10C01A40
:108C8000074B03EB8103DA6D1B6F801A4FF47A7286
:108C900003F2F313B3FBF2F3C01A7047801A0020FB
:108CA0005453030010B50F4C94F83C104B1EDAB22D
:108CB000032A04D940F2B2213E20F7F783FDD4E91C
:108CC0000C30C01A084B03EB810103EB42034FF455
:108CD0007A72C96DB3F89830401AB3FBF2F31844B6
:108CE00010BD00BF801A0020545303000139C9B2DF
:108CF00008B50329124B83F848001AD8114B40F0ED
:108D00000070114A03EB810140F44030D1F8A030EB
:108D100043F4801343F48473C2F8203EC2F8280E53
:108D2000D2F8203503F0F703032B07D140F21B31B3
:108D300001E04FF441713E20F7F744FD08BD00BF4C
:108D4000801A00205453030000A0085008B50A46BA
:108D500003460C490C48C1F870031878032804D066
:108D60004FF45C713E20F7F72DFD012A59780CBFB6
:108D700008220022FFF7F2FC044B012283F85C205A
:108D800008BD00BF00A0085006000080801A002027
:108D90002DE9F041274F4FF48068C7F89080BFF36A
:108DA0004F8FBFF36F8F244C0123244D0026C5F84D
:108DB000A430C5F8403E84F824300323C5F80035BC
:108DC0004FF40023C5F800341D4B187C00F058FD0B
:108DD00002F034FF1B4B1C4AC5F838331B4BC3F859
:108DE000C820013AC3F8C42040F6FE72184BC5F8FB
:108DF0001433184BC3F80425A687A66384F849608A
:108E000008F0FCF8962320632385D5F8003D84F80C
:108E10005C6023624FF48073C7F89081C5F8883492
:108E2000236EC7F8108003B19847BDE8F04100F009
:108E3000F3BC00BF00E100E0801A002000A0085051
:108E400080000020030000800600008000500850D1
:108E50000100008000200850014B83F82500704776
:108E6000801A0020020E034B0002C3F8342EC3F810
:108E70002C0E704700A0085038B504460068FFF774
:108E8000F1FF094B6268094DC3F84C2E237A85F82F
:108E90002630617AA07AFFF729FF607AFFF712FD8A
:108EA000E37A85F8253038BD00A00850801A0020EC
:108EB000014B83F826007047801A00202DE9F0410D
:108EC0002E4E05460F4696F84930DB0704D44FF482
:108ED000F5613E20F7F776FC294CFFF793FCD4F8B8
:108EE000003443F00103C4F8003496F8493043F0ED
:108EF000020386F849308DBB96F826803846FFF786
:108F0000E1FC40464146FFF793FD3846FFF72AFD56
:108F100040F203131B4AC4F8443E40F25B63C4F8BA
:108F2000483E0123B370D3642360164B2846D3F820
:108F30004C452146FFF730FDFFF7B0FD306B241A9A
:108F4000CDB9114901EB87074FF47A71B86C00F580
:108F5000FA70B0FBF1F02044BDE8F081012DE4D1BE
:108F600096F826103846FFF775FD0223B370054BBF
:108F7000DD646560D9E704F12900EDE7801A00207F
:108F800000A00850005008505453030008B5FFF7E4
:108F9000AFFD58B9064B0122C3F8400503F5A043C5
:108FA00002201A61BDE80840FBF7EABD08BD00BF1A
:108FB0000050085073B5294B4FF48061284A4FF098
:108FC000FF30D3F88844C3F89004C2F890114FF4EE
:108FD0000022244904F48074C3F800240022224EA5
:108FE00086F84920C1F84025C3F80821C3F80021BC
:108FF000C3F80421D3F82015C9B2D1B18DF8070008
:10900000C3F8202201221A619DF8072012B1D3F87B
:1090100020223AB19DF807305BB940F6D2013E20DC
:10902000F7F7D0FB9DF80720013AD2B28DF8072060
:10903000EAE7FFF7DDFC094D0023C5F82032FFF712
:10904000BFFB96F85C300BB1FFF7A8FB1CB14FF4E7
:109050008073C5F8883402B070BD00BF00A008500E
:1090600000E100E000500850801A0020F8B500220E
:109070002E4B2F4EC3F84825C3F84425C3F840258E
:10908000C3F84C25FFF796FF00F0CCFB96F85D3057
:109090004BB102F089FE20B140F276513E20F7F745
:1090A00091FB86F85D00002002F08AFE044610B1B4
:1090B00040F27951F2E71D4D1E4FC5F8C401C7F8C3
:1090C0000801C7F80001C7F80401C5F8C800C5F8D1
:1090D000C40002F0CBFD184B40F6FE72C7F83843CF
:1090E000C7F81443C5F8C041C3F808254FF480629F
:1090F000124B3476C6E90D44C5F84845C5F84445D9
:10910000C5F84045C5F84C45C5F84841C5F8444147
:10911000C5F84041C5F84C41C3F89020BFF34F8FCC
:10912000BFF36F8FC3F89021F8BD00BF0050085007
:10913000801A002000A008500020085000E100E044
:10914000014BC3F84C0E704700A0085038B50446D8
:10915000074802F035FE20B140F634113E20F7F703
:1091600031FB044D94E80F0085E80F0038BD00BFC7
:10917000D1870000E41A002008B50A4BC3F8D00ECE
:10918000094B93F84920586442F0010283F84920C2
:10919000FFF7B8FB20B940F644113E20F7F712FB69
:1091A00008BD00BF00A00850801A002008B5124B6F
:1091B0001A6B10449A6B824204D340F657113E203A
:1091C000F7F700FB0122D8611A760C4B5A64D3F8EA
:1091D00044150531814206D303F5A043D3F80C12A0
:1091E00001B91A6108BD0022C3F84421044AC3F83A
:1091F0004405C3F8C421F5E7801A00200050085048
:109200000900008038B50E4C0222034694F83D5008
:109210002276012D94F83C1094F82420208D0CD156
:1092200000F05EFA074A0023E061C2F84431A36B04
:10923000E1690B44C2F8443538BD00F06BFAF1E740
:10924000801A00200050085040F00043074AC2F83E
:109250000C320B600123064A03FA00F0054BC3F8F9
:109260000405136C18431064704700BF00A0085039
:10927000801A002000200850044BC3F8940ED3F845
:10928000002442F04002C3F80024704700A00850B8
:10929000054BD3F8002422F04002C3F8002400223A
:1092A000C3F8942E704700BF00A00850044BD3F8B9
:1092B000183703F07F035B4203700120704700BF43
:1092C00000A0085038B5174C0B460546228DE170BA
:1092D000952A8CBF00220122227088B90122627077
:1092E000A278022A0ED1184694F82610FFF73AFB0E
:1092F0000D4AD2F8003443F01003C2F8003401E004
:10930000022363702378012B0AD1074B012DD3F878
:1093100000240CBF42F0080242F00402C3F800240B
:1093200038BD00BF801A002000A00850024B002268
:10933000C3F84025704700BF00500850044B30B5BB
:10934000D3E914459B6DC0E900450B6030BD00BFFB
:10935000801A00202DE9F843864D0123864CE364F2
:109360002B6BD4F84C7595F84890FF1A07F0D9FD8F
:10937000AF65C5E91401FFF73BFB804A0023C2F843
:109380000831C2F80031C2F80431D2F8001421F0DB
:109390001D01C2F8001485F849302B7E23B1D4F8A2
:1093A0004431003B18BF0123AC78012C45D1D2F8E1
:1093B0001832002B0CBF0024082414F00B0F06D128
:1093C0006E4BD3F8203213B144F01004E4B2FFF72F
:1093D000B3F904F01803102B05D1AB78012B04BFAF
:1093E00044F02004E4B2644BD3F84825AA63AA7879
:1093F000D3F84435022A6B6395F824300AD1D91E7C
:10940000012907D85D4BD3F81C3E13F0060F0CBFA3
:10941000042303236E7885F83C3085F83D201EBB7D
:10942000FFF7CEF92E7695F85C300BB1FFF7B6F961
:10943000E10762D56B6E98476FE0022C12D14F4A5C
:10944000D2F81812D2F80C2E002908BF0024D00739
:109450005CBF44F00404E4B2002BAED044F001043D
:10946000E4B2AAE70024A8E714F0110F21D1B6F165
:1094700001082B792E7818BF4FF00108012B1CD062
:10948000022B2FD09BBB298D4046FFF7EFF90146F9
:10949000FFF796F9012E07D13B378F422AD8364B7A
:1094A00000222E70C3F84021EA784046FFF76EFD97
:1094B00001E0FFF77FFD0026B5E73148FFF7DCFC50
:1094C00095F83D3023B940F29F713E20F7F77AF9C5
:1094D000012B04D1FFF7E6FB69690144D8E7FFF7E8
:1094E000C9FBF9E72648FFF7C7FC6969D0E740F6F2
:1094F000D921EAE7214B1E6195E7A20720D56B6CC5
:1095000031465B784B45AB6E84BF44F00404E4B253
:1095100084F00400C0F380009847AB78022B0DD193
:109520002B7E5BB1022B144A18D1AB6BE9690B445B
:10953000C2F84435104B134AC3F8C421BDE8F88380
:1095400014F0280F06D084F02001EB6E3046C1F3F2
:109550004011E1E7E306E0D52B6F6CE7012B02D069
:1095600040F6B941B1E7EB69A96B8B42E0D840F610
:10957000BA41AAE7801A00200050085000A0085005
:10958000881A002009000080024B03EB8000C06DA8
:10959000704700BF54530300024B03EB8000D0F828
:1095A0008400704754530300F8B501230D464778F3
:1095B00001464370044628461646FEF71BFF074B3C
:1095C0001A68D2F80431002BFBD0677016B9EB781B
:1095D000A370AB707B1E58425841F8BD9420002008
:1095E0002E3008B5362854D8DFE800F050535353D6
:1095F00053534D53535353535353535353534B5349
:109600005353535349535353475345534353415370
:109610003F3D3B39373533312F2D2B29272523214A
:10962000591C570039231F4AC2F8103708BD2D2393
:10963000F9E72823F7E72323F5E71F23F3E71B23A5
:10964000F1E71823EFE71523EDE71323EBE71123E9
:10965000E9E70F23E7E70D23E5E70B23E3E70A2319
:10966000E1E70923DFE70823DDE70723DBE706233C
:10967000D9E70523D7E70423D5E70323D3E702235C
:10968000D1E70123CFE74FF49873CCE74FF4887309
:10969000C9E7BF213F20F7F795F83F23C3E73323FE
:1096A000C1E700BF00A00850054B4FF47A720238A2
:1096B00033F8113003F2E733B3FBF2F31844704789
:1096C00018540300054B4FF47A7233F8113003F548
:1096D0007A73B3FBF2F31844704700BF18540300C9
:1096E00038B51D460A4B33F8111003EB82030535DC
:1096F000DC684FF47A73214401F6B73103FB0014A0
:109700001046B4FBF3F42C44FFF73EFF204438BD71
:109710001854030070B5064608461546FFF73CFF8F
:10972000094A02EB8502D1684FF47A7201F6B7312B
:1097300002FB0613181AB0FBF2F42846FFF724FFC9
:109740000530204470BD00BF185403002DE9F74FC9
:10975000244C074698460D46164600F0B1F823788B
:109760008146BB4211D16378AB420ED194F90230ED
:10977000B3420AD1E378834207D1A388A8F8003026
:1097800094F9060003B0BDE8F08F781EC0B203283C
:109790000ED8DFF854C00DF10703324629461CF8F5
:1097A000000000F093F8824638B13D21752002E0B8
:1097B00040F2B7410620F7F705F89DF907B02846B3
:1097C000FFF742FA534602464146584600F04EF82B
:1097D000B8F80030A071A38027706570A67084F877
:1097E0000390CDE79400002038540300024B186822
:1097F000003818BF01207047F41A0020014B186090
:1098000099807047FC1A0020024BD86019745A8264
:10981000704700BF281B0020014B1B685B6818477E
:109820003C040020014B1B689B6818473C04002047
:10983000014B1B681B6918473C040020014B1B6847
:109840005B6918473C040020014B1B689B69184763
:109850003C040020014B1B68DB6918473C040020D6
:10986000014B1B689B6A18473C04002010B4034C52
:109870002468E468A4465DF8044B60473C0400207B
:1098800000220E4938B50446134644FA02F0D5B218
:109890000132C00742BF581CCD54C3B2042AF4D1D0
:1098A000C3F10402042B054D4FF0FF01D2B288BF73
:1098B0000022E81807F0CCFC2C7138BDE420002011
:1098C000014B187D704700BFF81B0020042810B51D
:1098D00011D883B104280CBF10242824A1420AD235
:1098E000064C54F8200018B141568A42A8BF0A46D7
:1098F00000201A7010BD6FF01500FBE7F81B002068
:109900000728034611DC10F12D0F10DB2E30094A19
:1099100040B2105C02EBC00292F93C209A4207D0A0
:10992000002918BF0130C0B270471A2070470020CC
:10993000704700BF90540300072808B507DCFFF705
:10994000DFFF044B03EBC00090F93C0008BD08208A
:10995000FCE700BF90540300024B01229A601A609A
:10996000704700BF00E01050054B01225A60DA60DA
:109970000022C3F81021C3F80021024B1A7070476F
:1099800000E010500D1C0020014B01221A7070479E
:109990000D1C0020044BD3F8100101281CBF034B01
:1099A000187800F00100704700E010500D1C0020F6
:1099B000024BD3F8080400F00100704700E010509B
:1099C000024BD3F8480400F00100704700E010504B
:1099D000024BD3F84004C0B2704700BF00E0105003
:1099E000084AD2F84C34D2F84C2413F4803306D011
:1099F00002F00303C0B21B1A584258417047184680
:109A0000704700BF00E0105038B51A4BD3F80C3443
:109A1000DA0304D440F225116D2001F0EBFE164A62
:109A20000124164B106A536620F03F00946454647E
:109A3000136CDB03FCD4136A116C03F03F03C1F316
:109A40000A01C1F5806181EAE1750B29A5EBE17599
:109A500009DD3F2B04D0013303431362172DE6DCED
:109A60000023936438BD0B31F8DA002BF8D0013BAA
:109A7000F2E700BF00E01050000812500100008023
:109A800038B50A4C23781BB100232370FFF7BCFFC5
:109A9000EFF3108572B663780BB9FFF765FF05B970
:109AA00062B6034B00225A6638BD00BF101C00206E
:109AB0000008125070B50A4D01260446AE70FFF73B
:109AC00069FF30B9074B1122EE706C60C3F80423B4
:109AD00070BD002CFCD0A04700236B60F8E700BFEE
:109AE000101C002000E01050024B00229A70DA7027
:109AF0005A607047101C0020014B1881704700BF4E
:109B0000101C0020014B9889704700BF101C0020DA
:109B1000014B1889704700BF101C002010B5EFF3EF
:109B2000108472B6064A53780133DBB2537053780F
:109B3000012B01D1FFF710FF04B962B610BD00BFC1
:109B4000101C002010B5EFF3108472B60F4B5A783A
:109B500022B940F2E3116D2001F04CFE5A78013A2F
:109B6000D2B25A705A7852B99A7B32B1084AD2F8B6
:109B70000C24D20306D45B780BB9FFF7F5FE04B9C9
:109B800062B610BDD87B01F0C7FFF8E7101C0020BB
:109B900000E0105010B5FFF7C1FF0C4CFFF7FAFEC4
:109BA00060B1237C3BB90A4B01229A6104236374A0
:109BB0000023A37410BDFFF7C5FFF9E703230122BB
:109BC0006374034BC3F80423F2E700BF101C0020AA
:109BD00000E01050024B587C003818BF012070473D
:109BE000101C002038B5134C01232370237CC3B90B
:109BF000E37CB3B1A27C013B9A4212DAFFF7CAFEC2
:109C0000054601F01FFFE37C012B82BFA37C0133DB
:109C1000A37455B16369C31A0133022B09D935B155
:109C20006061BDE83840FFF7B5BFA369F3E7A06105
:109C3000F7E738BD101C002037B5184C237C63B9FA
:109C4000E06900F00300FFF7CBFE30B1EFF31083C3
:109C500072B6627C1AB103B962B603B030BD01229C
:109C6000627403B962B608230D4DC5F808334FF48A
:109C70002073ADF80630BDF806309BB25A1E92B282
:109C8000ADF80620002BF6D1C5F80C3184F8203051
:109C9000FFF780FF0823C5F80433DEE7101C00201F
:109CA00000E010502DE9F041354CA37B002B64D02F
:109CB000344BD3F80071D3F80861D3F8142112B9EA
:109CC000D3F8182142B10022C3F81421C3F8182197
:109CD000C3F8102101F0EAFC2A4BD3F8102117B188
:109CE0000121C3F8081352B11122C3F80823E37805
:109CF0002BB100256368E5700BB198476560214D75
:109D00003EB10023C5F808310423C5F80833FFF736
:109D100093FFD5F80C8194F82060F6B247B1637CCC
:109D2000032B05D1237C93B9042363740123AB6116
:109D3000B8F1000F14D0134B0022C3F80C21637C40
:109D4000042B09D040F2A2216D2001F053FDFFF752
:109D5000F9FE02236374EBE702236374FFF7F2FE5C
:109D60005EB1002384F82030637C022B01D1FFF721
:109D700011FFBDE8F041FFF7E5BEBDE8F08100BF8F
:109D8000101C002000E0105010B5054CE06900F0F8
:109D90000300FFF725FE0028F8D0002010BD00BF0B
:109DA000101C0020F8B5054650B10278022A07D8E9
:109DB000437842B9013B1F2B02D88378212B07D966
:109DC0006FF0150091E0002BFAD18378002BF7D1CA
:109DD000724B2022C3F8A020BFF34F8FBFF36F8FC9
:109DE0006F4EC3F8A0214FF0FF336E4CC6F8083316
:109DF0000023C6F80031C6F80831C6F80C3163708C
:109E0000AB88A381FFF7D4FD10B10123A370637069
:109E100040F256332381D6F80C3413F4803329D022
:109E2000FFF7B2FD604801F04BFE5D4E6023E0732A
:109E30000022C6F804332B78A978012BE261237441
:109E4000E174A2742ED0022B25D06BBBFFF7B8FDB6
:109E500000284BD0FFF7BCFDE36903F003039842F1
:109E600044D1AB792BBBFFF78FFF002825DA40F2F6
:109E70001F411BE0C6F81031FFF76EFD484AD2F8CB
:109E80001031002BFBD0FFF7BFFDFFF76DFD474BF7
:109E900000225A66C6E7FFF741FED6F80C34DA0313
:109EA000FBD50223E361D1E740F211416D2001F0BF
:109EB000A1FC3B4B0422C3F80423E37C63B12B7861
:109EC00053B9FFF767FD054601F0BCFD6FF0004395
:109ED000002D60D0C4E90503012320220020A373D4
:109EE0002E4B6074C3F8A0211A62F8BD2C4E0123DA
:109EF00073610023C6F80831237FC6F8403407F0A9
:109F0000F5F888B10123C6F84C35012333610423E9
:109F1000C6F80433AB79002BCFD1D6F804335B07F6
:109F20000FD44FF47171C1E707F0E2F80028E9D1CE
:109F300007F0E0F80028E5D107F0DEF80028E1D1CD
:109F4000E3E71B4B1F691A6907F0100742F0100284
:109F50001A61D6F808310BB907F0D2F8104E01E0BB
:109F600007F0CCF8D6F80831002BF9D0FFF70CFF3A
:109F7000002802DA40F2DE3198E727B90C4A13696B
:109F800023F010031361064B0422C3F808230022B8
:109F9000C3F8082191E7C4E905309DE700E100E03E
:109FA00000E01050101C0020819A000000081250A0
:109FB00000ED00E00A4B07B51A781AB13C216F207A
:109FC00001F018FC5A783AB9012201905A70FFF753
:109FD000A5FD0198FFF76EFD002003B05DF804FBBE
:109FE000341C002038B5084C25781DB152216F2053
:109FF00001F000FC637823B1FFF776FD6570FFF791
:10A00000A1FD002038BD00BF341C002008B501B3FD
:10A01000F0B14FF0FF331A46E0FB01320E498A429D
:10A0200003D98A216F2001F0E5FB180D4FF224417E
:10A03000C3F30F1340EA0230B0FBF1F203EB004030
:10A04000064B03FB1200B0FBF1F040EA0240013086
:10A0500008BD0846FCE700BF3F420F00000024F4A3
:10A06000014B5B68184700BF341C0020014B9B6804
:10A07000184700BF341C0020014BDB68184700BFA5
:10A08000341C002008B5054B1B781BB1B3216F2091
:10A0900001F0B0FBBDE80840FFF7A4BD341C002070
:10A0A000034B1A780AB9FFF72DBD188D704700BF12
:10A0B000341C0020034B1A780AB9FFF729BD188A0F
:10A0C000704700BF341C0020024B1B780BB9FFF710
:10A0D000B3BD7047341C0020014B5B69184700BFBB
:10A0E000341C002038B51D4C237833B3FFF7C4FF70
:10A0F00050B91B4DC5F81001FFF7B2FFD5F810316C
:10A10000002BFBD0FFF7B2FF154B6022C3F80423EE
:10A11000236A9847002806DB94F82A3023B10123EC
:10A12000002084F82C3038BDFFF7D6FF0028F6DA7F
:10A130004FF48B716F2001F05DFB0A4B63610A4B9A
:10A14000A3610A4BE3610A4B63600A4BA3600A4BAD
:10A15000E360FFF727FE0028E1D0E4E7341C00208D
:10A1600000E01050899D0000910A0100D59B00007D
:10A170001D9B0000459B00008D0A0100064B10B599
:10A180001C7824B140F275116F2001F033FBFFF70A
:10A19000B3FC204610BD00BF341C0020034610B3A2
:10A1A000007888B91A79012A1ED85A79012A1BD851
:10A1B0009A680E49643A8A4216D8D8680C4B98427D
:10A1C0002CBF00200120704701280CD11A79012AE8
:10A1D00009D85A79012A06D8DA680449643A8A42C9
:10A1E00001D89868EAE70020704700BF3C8601006C
:10A1F0000040420F10B5054C236813B19847002367
:10A200002360BDE8104000F051BD00BF641C002079
:10A210002DE9F8438846074680B300F037F84FF041
:10A22000000905465FFA89F6AE420AD2304609F1C6
:10A23000010900F031F890F82640002CF2D1FF2EF1
:10A2400003D16FF00B00BDE8F883304600F024F82E
:10A2500005460146848480F8264080F828600A4834
:10A2600000F02AFE202885F827000AD001232F625B
:10A27000204685F8263088F80060E4E76FF0150086
:10A28000E1E76FF02200DEE7DF0B0100014B1879F8
:10A29000704700BF681C0020044B1A79824283BFBC
:10A2A0001B68302202FB003000207047681C002031
:10A2B00010B510F003040AD1064A1171106028B1DC
:10A2C00030224A43214606F0C3FF204610BD6FF0FE
:10A2D0000D00FBE7681C00201F2810B59BBF182449
:10A2E000044B002060439FBF1C181950012062607E
:10A2F00010BD00BF701C002008B5064B93F800236A
:10A30000202A03D12D21022001F074FA83F83003B2
:10A3100008BD00BF701C002008B5064B93F8002351
:10A32000202A03D13321022001F064FA93F82D038F
:10A3300008BD00BF701C0020094A10B592F8003318
:10A34000202B03D13E21022001F054FA18214B4367
:10A350000321D018D3584068BDE81040184700BF0B
:10A36000701C00200B2808B504D940F28C61064807
:10A3700001F036FA0001002300F1A04000F5622050
:10A38000C0F82C3508BD00BF7DFE030038B50B4C6E
:10A390004FF4E06300250820C4F83833FFF7E2FFEC
:10A3A0000920C4F82051FFF7DDFF0A20C4F824512A
:10A3B000FFF7D8FFC4F8285138BD00BF00200E5069
:10A3C000084B2022C3F89020BFF34F8FBFF36F8F4D
:10A3D000C3F890210122044B5A604FF0FF32C3F8BA
:10A3E0000823704700E100E000500850054BD3F807
:10A3F0005007D3F8541711F0404FF8D1C1F31301AF
:10A40000704700BF00200E5002282DE9F047174684
:10A410001E469DF820A004D94FF49C716E2001F0D7
:10A42000E9F91B4B4FF00108DFF8709000251C5C28
:10A4300008FA04F82046C9F83883FFF793FF154B54
:10A44000A2009D50FFF7D2FF874276EB01031DD398
:10A45000BAF1000F01D0C9F834830B2C04D940F2B3
:10A4600066410D4801F0BCF9B6F5801F02D340F2F9
:10A470006C41F6E72401012004F1A04404F56224B4
:10A48000C4F82075C4F82465BDE8F0872846FBE7CA
:10A49000A055030000210E507DFE030000200E5049
:10A4A000022813B504D94FF4DA716E2001F0A2F935
:10A4B00048B908494FF00044C1F8A041202406499A
:10A4C000C1F890410C6101210091FFF79DFF02B09E
:10A4D00010BD00BF00200E5000E100E0022810B5C2
:10A4E00004D940F2C1116E2001F084F9084A08B97C
:10A4F000C2F8A001074B1C5C0123A3402046A40026
:10A50000C2F83833FFF72EFF034B00221A5110BD5B
:10A5100000200E50A055030000210E5008B5FFF793
:10A5200035FF024B0022C3F8A02108BD00200E50C9
:10A5300008B5FFF745FF114BD3F8042522F00302BD
:10A54000C3F80425D3F8082542F00302C3F8082510
:10A55000202292FAA2F2B2FA82F2092A04DD40F233
:10A56000A731074801F03CF9C3F810250122DA6051
:10A570004FF00042C3F8802008BD00BF00500850D3
:10A580007DFE030070B5194C2026194AD4F8103509
:10A59000184D03F001031370D4F8103543F0010394
:10A5A000C4F81035FFF7C4FFC5F89C60BFF34F8FA8
:10A5B000BFF36F8FFFF7EAFE0023C5F89C610E4AD8
:10A5C000C4F8A0314FF00043C2F88030A2F58022D9
:10A5D000C2F88031012302F57832C2F80435A2F5C1
:10A5E0008022C2F80435EE6170BD00BF00200E501D
:10A5F000A91F002000E100E000400C500C4B10B4FB
:10A600001A5C01230B4C9340D4F830130B420CD04E
:10A610009100094A0A44116839B100211160C4F857
:10A6200038335DF8044B00F075BE5DF8044B70479D
:10A63000A055030000200E5000210E50034BD3F80C
:10A64000043313B1072000F065BE70470050085076
:10A650000028ADBF00F1604000F00F00044B00F592
:10A660006140B4BF185C90F800034009704700BF18
:10A6700014ED00E01822034B50431A181B58506881
:10A68000184700BF701C0020031F022B0B4B03F860
:10A69000110000D9704793F8420083F84210C2B20B
:10A6A00020284FF0200016BF03EB420283F8411030
:10A6B000517003EB41025070704700BFB01F002083
:10A6C000F8B503780D4620271B491C46944208D054
:10A6D000202C01D10020F8BD01EB440627467478F8
:10A6E000F4E7202CF6D09C424FEA4402124B134E62
:10A6F00015BFD2189B1803EB47035B7816BF52783F
:10A7000003705A707DB126B1002140F23730AFF3AB
:10A7100000802B78A34206D126B1002140F23A30C6
:10A72000AFF300802F7026B1002140F23F30AFF32D
:10A7300000800120CFE700BFB01F00200000000014
:10A7400010B5074C94F8583023B116F089FB00235C
:10A7500084F85830E26D034BC3F8182510BD00BFD4
:10A76000B01F002000B0045010B5074C94F85830CA
:10A7700023B916F06FFB012384F85830034B0122F4
:10A78000C3F8182510BD00BFB01F002000B0045052
:10A7900008B520B9024B0BB1AFF3008062B608BD1B
:10A7A000000000002DE9F8431B4C4FF020081B4E21
:10A7B00094F841501A4F202D01D1BDE8F88314F8C8
:10A7C0001530013BDBB2052B04D816F80390B9F124
:10A7D000080F04D140F2A451012001F00BF80FB191
:10A7E000AFF30080EFF3108072B604EB45035B78A3
:10A7F00084F8413094F84230AB4208BF84F842807C
:10A80000FFF7C6FF01232846494604F81530FFF735
:10A8100031FF94F84150CEE7B01F0020A35503004C
:10A8200000000000202A70B5054604D14FF4D6710F
:10A83000012000F0DFFF2029144B14BF03EB41017E
:10A8400093F8404003EB420018BF4C7840780CBFAF
:10A8500083F84000487020460146064603F8105031
:10A8600003EB40008A424078F6D193F8425003EB64
:10A87000410183F84260EAB2202D16BF03EB420289
:10A8800083F84140547020224A7070BDB01F0020F0
:10A8900010B50B4CD4E91223B3F1FF3F08BFB2F15E
:10A8A000FF3F0CD0FFF7E2FB4FF0FF324FF0FF33DA
:10A8B0000020C4E91223BDE8104000F047BF10BDDE
:10A8C000B01F002010B5054C94F850302BB1022079
:10A8D000FFF704FE002384F8503010BDB01F0020A5
:10A8E00010B50F4CFFF754FF24B1002140F25C403B
:10A8F000AFF300800B4B93F84130202B09D024B1EB
:10A90000002140F26340AFF30080074B187801F05C
:10A9100003F924B100214FF48D60AFF3008010BD26
:10A9200000000000B01F0020A81F002010B50A4C36
:10A93000D4E91223B3F1FF3F08BFB2F1FF3F0AD1C0
:10A94000FFF78EFBFFF752FDC4E912010120BDE8BD
:10A95000104000F0FBBE10BDB01F00202DE9F04FED
:10A9600018264C4C8FB005465E43884608AFA219A6
:10A970003444083294F814A00FCA044687E80F0044
:10A980000F46FFF797FB651B064600F11C0B67EBB4
:10A990000808BAF1010F11D0FFF76EFB3E4AD2E969
:10A9A0001292B2F1FF3F08BFB9F1FF3F01926DD0A3
:10A9B0000090FFF77FFBDDE9003263B122463B46A2
:10A9C0000020FFF76DFD814690B94FF00009484621
:10A9D0000FB0BDE8F08FB4EB090967EB02028145C7
:10A9E00072F10003EAD25D4578F10003EDD3E5E7AB
:10A9F000BAF1010F08D05D4578F1000304D2FFF7EA
:10AA000095FFFFF75FFF1CE0FFF742FFBAF1010F70
:10AA1000F7D05D4578F10003F3D3A21B4FF002009D
:10AA200067F10003FFF73CFD20B940F2032101204C
:10AA300000F0E0FE184B93F8502012B9012283F881
:10AA40005020B4F119024FF0010067F10003FFF745
:10AA500027FDC0B1FFF774FE00234FF0FF304FF029
:10AA6000FF3102AD8DF82CA08DF830300B4C0293E5
:10AA7000CDE904010FCD0FC40FCD0FC495E80F0031
:10AA800084E80F00A3E7FFF76FFEE5E7002895D104
:10AA9000A9E700BF701C0020B01F0020781F002015
:10AAA00038B5104B1B78202B0CD00F4BD3E9064543
:10AAB000186A6A3445F10005241845F1000520465E
:10AAC000294638BD10F14104137B41F10005012BEB
:10AAD000F5D0FFF7D1FA0028F1D1FFF7EBFA04190E
:10AAE000EBE700BF701F0020781F00202DE9F04722
:10AAF00005460C4617464FF01809DFF83880DFF896
:10AB000038A0202C08D009FB04F6284606F10801DD
:10AB1000414406F014FA10B10120BDE8F087464424
:10AB20003C706B7B727D9A42F7D90AEB44046478DF
:10AB3000E7E700BF701C0020B01F00202DE9F047A0
:10AB40002023DFF8488006460D4617464FF01809C7
:10AB5000DFF83CA098F840400B70202C08D12B78EF
:10AB60003A46214630463B70BDE8F047FFF7BEBF8E
:10AB700009FB04A03146083006F0E1F90028EED0C8
:10AB80002C7008EB44046478E7E700BFB01F002096
:10AB9000701C00202DE9F74F87180E4643F100087E
:10ABA000D1E90023974278EB030337D3DFF87490A1
:10ABB0000DF107020DF106013046FFF7BFFF70BB34
:10ABC0009DF807104FF0180A337B0AFB0191D1E979
:10ABD00002B508691BF1290445F10005041945F186
:10ABE0000005012B13D00B7D012B10D1FFF762FA6A
:10ABF000A4EB0B0282420ADA9DF807300AFB0393AA
:10AC0000D3E90245FFF756FA041945F10005A742BA
:10AC100078EB050302D3C6E90045C9E7002003B07D
:10AC2000BDE8F08F701C0020F8B51A4D002442F2E8
:10AC30002003194A4FF0FF304FF0FF31174F2646DF
:10AC4000A5F840302023146085F842303B7082F82C
:10AC5000284085F8523085F85040C2E90201C5E924
:10AC6000120105F814600134202CFAD10C4885F843
:10AC7000586000F025FF0B4B3C7018700A4B85F8AC
:10AC80005860D3F81835EB65FFF77CFC012385F895
:10AC90005330F8BDB01F0020781F0020701F002027
:10ACA000A5A70000A81F002000B004502DE9FF4711
:10ACB000FFF79CFB784F05460E46FFF739FCFFF780
:10ACC0002DFC4FF0FF334FF0FF327448C7E90223E9
:10ACD00097F82830F3B93A6A40F2F964D7E90631B7
:10ACE0001B3341F100019B1802F5DF6241F10001C5
:10ACF000B2FBF4F29B1841F100019D4276EB010397
:10AD000008D307210078FFF7B5FC40F26921012044
:10AD100000F070FD90F80080B8F1200F02D140F2F1
:10AD20007321F4E75E4C202394F840A0037084F86C
:10AD30005230BAF1200F4FF000033B601FD0DFF814
:10AD40006891182202FB0A92937D012B17D1137D83
:10AD5000012B00F08180FFF78FF900287CD1FFF7ED
:10AD6000A9F945194FF0180346F1000603FB0A93B1
:10AD7000D3E90212A942B24128BFC3E90256DFF863
:10AD80002891484E94F84050202D12D0FFF72EFB0A
:10AD900020224FF0180E0EFB0593D3E902C3604545
:10ADA00071EB03035AD2202A03D020210420FFF79D
:10ADB00039FD0EB1AFF30080FFF718FB94F8405057
:10ADC000202D53D1FFF764FDFFF77CFDFFF7A6FBB5
:10ADD00084F85250FFF7B4FC00234FF0FF32CDE966
:10ADE00002334FF0FF33CDE9002301238DF8083003
:10ADF000684600F07BFC14F81830022B0BD12A4B6C
:10AE00001822414602FB08331B7D022B0CBF012098
:10AE10000620FFF739FCFF2384F8433094F84130D3
:10AE2000202B03D0214B187800F076FE204994F8AF
:10AE30006030D1F8482722F001021343C1F84837A7
:10AE400094F854302BB11B4B0122DA61002384F8B3
:10AE5000543004B0BDE8F087293583E704EB45039F
:10AE60002A465B78202BA0D01D4694E701222B4672
:10AE7000FFF774FD94F8402020B920210420FFF74B
:10AE8000D1FC7FE7002384F85220CDE90233D7E9D3
:10AE90000623CDE90023ABE7781F0020701F0020B8
:10AEA000B01F002000000000701C0020A81F002020
:10AEB00000200E5000E01050F8B504460D46FFF794
:10AEC0000BF9002804DA40F2FA21012000F092FC8C
:10AED00000230A4911F81320D8B24AB91822084EA3
:10AEE0005A43B718B45001227D6001F81320F8BD11
:10AEF0000133202BEED11846F9E700BFB01F002028
:10AF0000701C00201F2809D80549002311F81020C3
:10AF1000012A03D101F81030104670470020704715
:10AF2000B01F0020014BD3E906017047781F0020B5
:10AF30002DE9F043037885B004461BB1002005B02D
:10AF4000BDE8F083284B5868C0F30800002843D1BF
:10AF5000264D4FF0000925B1002140F2BB30AFF380
:10AF60000080DFF88C8088F8439025B1002140F202
:10AF7000BF30AFF30080FFF739FA6B462246074631
:10AF80000E4605F0FBFF25B1002140F2C630AFF3BD
:10AF900000806A4638463146FFF782FD009B3A46FC
:10AFA0008342019B8B41334638BFCDE9000169469E
:10AFB0004FF0FF30FFF7EEFDDDE90023C4E9042385
:10AFC00025B100214FF47570AFF3008098F843303D
:10AFD000002BC0D10120B2E71038FFF739FBC0B217
:10AFE0000028B5D1AAE700BF00ED00E00000000096
:10AFF000B01F0020794B2DE9F04F044658688DB002
:10B000008A46C0F3080098B11038FFF721FB10F012
:10B01000FF070ED1724B1B78202B04D14FF48F61A8
:10B02000012000F0E7FB0F7857B140F27B41F7E7D2
:10B0300008279AF80030012B02D940F27F41EFE750
:10B04000684E26B1002140F28240AFF30080012318
:10B050004FF0000B644D36B1002140F28B4001935C
:10B06000AFF30080019B1846FFF792FB85F843B0D1
:10B0700026B1002140F28F40AFF300800DF110099E
:10B08000FFF7B4F952464B4605F078FF26B1002190
:10B0900040F29540AFF30080544B0BB1AFF300800A
:10B0A000EFF31088434672B695F8431001F0FF02A3
:10B0B0000029D0D115F814300192013B012B08D999
:10B0C0004046FFF765FB019A164630460DB0BDE8D5
:10B0D000F08F0DF10F020DF10E014846FFF72EFD26
:10B0E000064640B921460420FFF7CEFA4046012625
:10B0F000FFF7F6FBE9E73E4B4FF0180C9DF80EA06A
:10B100000CFB043C99E80F000CF1080C8CE80F00D4
:10B11000002F3BD0BAF1200F38D1314B1B78202BB8
:10B1200034D1344B0BB1AFF30080FFF75FF9049AD1
:10B1300010F11C0C41F100036245059A9A410AD3B3
:10B1400095F85220202A0ED02B4AD2E906E2E64595
:10B1500072EB030307D221460420FFF795FA40461D
:10B16000FFF7BEFBB1E723460222FFF7F7FB0028FB
:10B17000F1D0002308A885F85240CDE90A331E4BD0
:10B18000D3E90623CDE9082300F0B0FA9DF80E10AC
:10B190009DF80F20914218D00520FFF743FB05EBE7
:10B1A0004403BAF1200F587017BF9DF80E3085F890
:10B1B000404005EB43035C70032305F81430002F77
:10B1C000CDD1FF2385F84330C9E7202916BF05EB11
:10B1D000410195F840004878E1E700BF00ED00E04C
:10B1E000701F002000000000B01F002000000000C1
:10B1F000701C002000000000781F00202DE9F043A3
:10B200003D4F85B0044627B1002140F2FB40AFF32B
:10B2100000803A4B0BB1AFF30080EFF3108872B6A9
:10B22000374D15F81430032B07D000264046FFF7A2
:10B23000AFFA304605B0BDE8F08395F84030A34240
:10B2400024D1304B1B78202B20D105EB4403660022
:10B2500093F80190B9F1200F22D1FFF719FBFFF706
:10B2600031FBFFF75BF985F85290FFF769FA00238D
:10B270004FF0FF32CDE902334FF0FF33CDE9002329
:10B2800001238DF80830684600F030FA224600218C
:10B290001D48FFF715FA0646F8B940F232510DE0A5
:10B2A0001A4B0BB1AFF300802E44FFF79FF8022238
:10B2B0007378FFF753FB20B940F22951012000F0C9
:10B2C00099FA737885F852300023CDE90233104B98
:10B2D000D3E90623CDE90023D5E70123404605F84D
:10B2E0001430FFF755FA002FA3D000214FF4A760C8
:10B2F000AFF300809DE700BF0000000000000000E9
:10B30000B01F0020701F0020F01F00200000000070
:10B31000781F002070B586B0072879D8DFE800F0E4
:10B32000048F7A7878787894484C494DD4E9122380
:10B33000B3F1FF3F08BFB2F1FF3F08D1FEF790FE27
:10B340000120D5E90623C4E9122300F0FFF9414E9C
:10B350003378202B24D1404BD3F8482702F0010248
:10B3600084F86020D3F8482742F00102C3F8482748
:10B3700094F84030202B04D140F21621012000F037
:10B3800039FA04EB4302527884F84020FF2284F813
:10B3900043200222337004F81320002385F828305C
:10B3A00095F82430012B11D0FEF766FE50B994F8C1
:10B3B00061300133DBB2312B84F861300FD940F2B8
:10B3C0006951DBE700F0A4F90028F0D100213078C2
:10B3D00084F8611006B0BDE87040FFF74BB900215A
:10B3E0001822684605F034FF4FF47A7369463078C6
:10B3F0000193FFF7FFFD10B940F26D51BEE795F8DC
:10B400002840012385F82830FFF750FC85F82840B4
:10B4100006B070BD0D4C94F850302BB1FFF786FA92
:10B42000002384F85030F3E74FF0FF31084B4FF022
:10B43000FF30C3E902010521064B1878CAE706B0C0
:10B44000BDE87040FFF790B90421F5E7B01F002078
:10B45000781F0020701F002000200E50134B10B5E5
:10B460001A78202A04D140F23961012000F0C2F993
:10B470000F49D1E90243B3F1FF3F08BFB4F1FF3FE9
:10B4800002D040F23A61F0E718240A4B04FB023381
:10B49000D3E90223BDE8104082184FF0020043F1C7
:10B4A0000003C1E90223FEF7FBBF00BF701F0020AD
:10B4B000781F0020701C0020F8B51E4B1D78202D31
:10B4C00004D140F24A61012000F094F91A4918278A
:10B4D0001A4A91F84030202B29D007FB0324667DBF
:10B4E000864204D891F8540028B100201EE001EBF8
:10B4F00043035B78EFE707FB0522114BD2E90251CA
:10B500001E6813695B19D4E9022441F1000113F1AB
:10B51000290541F10001AA4274EB010106D3D31AB7
:10B5200006F11902293B9A4200D8981BF8BD4FF04A
:10B53000FF30FBE7701F0020B01F0020701C0020B0
:10B54000781F00202DE9F743DFF8C490054699F8ED
:10B550000030202B04D14FF4CF61012000F04AF9D4
:10B5600018284AD9274C00234FF0FF36276A3A188B
:10B5700043EB0300964283413FD3234E96F8543069
:10B5800083B94FF02008226284F825100DF10702DC
:10B5900096F8401004F118008DF80780FFF7A6FA1E
:10B5A00010B92762022029E00220FEF797FF4FF032
:10B5B000FF324FF0FF3399F80070C4E902239DF881
:10B5C0000720202A16D041460520FFF72BF906EB6D
:10B5D00047077870206828442060FF2386F84330AE
:10B5E0009DF80730202B03D0084B187800F094FA10
:10B5F000002003E096F84000E9E7012003B0BDE831
:10B60000F08300BF781F0020B01F0020A81F00207B
:10B61000701F0020F8B5214E044616F8103023B9EB
:10B6200040F2C761012000F0E5F81D4D25B1002171
:10B6300040F2CD60AFF30080012716F81430012BE3
:10B6400015D1184B0BB1AFF30080EFF3108672B633
:10B6500015492246481EFFF733F83046FFF798F8A1
:10B6600025B1002140F2E660AFF30080F8BD043B55
:10B67000022B09D806F81470002DDED0002140F20C
:10B68000DD60AFF30080D8E725B1002140F2D9603A
:10B69000AFF3008005F032FDEEE700BFB01F0020E1
:10B6A0000000000000000000F21F002008B50B4B56
:10B6B0000BB1AFF30080EFF3108072B6084B1B782C
:10B6C000202B4FF0010315BF064A074A82F8543079
:10B6D000D361BDE80840FFF75BB800BF0000000081
:10B6E000701F0020B01F002000E0105030B4074A47
:10B6F000537A0133DBB25372D0E90045037AC2E9D1
:10B700000045137230BC00F0F3B800BF18200020D1
:10B710000D4B1A7C02F0FF0082B15A7C02F0FF0050
:10B720001AB1987C023818BF01205A7C4AB99B7C18
:10B73000003B18BF0123002808BF184600F0010095
:10B7400070470023F7E700BF182000200E4B60B1C0
:10B75000997C0229CAB206D0032A00D092B9FF22EE
:10B760005A7400F0C5B85A7CF8E7997C01F0FF02E2
:10B7700019B1013A012A03D97047597C11B1EFE799
:10B780005874EEE7704700BF18200020BFF34F8FBA
:10B790000549064BCA6802F4E0621343CB60BFF36D
:10B7A0004F8F00BFFDE700BF00ED00E00400FA0589
:10B7B000094B01221B685A604FF0FF32C3F808237F
:10B7C0008022064BC3F88820BFF34F8FBFF36F8FE3
:10B7D000C3F88821704700BF9820002000E100E0F6
:10B7E00008B572B6024B5B6803B19847FFF7CEFF0E
:10B7F0002C2000201FB572B6134B5D688DB9FFF782
:10B80000C5FFB4FBF6F4D3B20132002CF9D103F139
:10B8100010026A4402F80C4C0A2233B901A8A84766
:10B82000EDE7044600220A26EDE7013BDBB203F117
:10B8300010040DEB0406B0FBF2F402FB14003030F0
:10B8400006F80C0C2046E8E72C200020F8B5244F21
:10B8500005460C4616463B78002B3DD100F0C4F956
:10B8600000F09EF918B19E211120FFF7C3FF05F0EB
:10B870000CF97E601B4B01263C814FF48062C3F8BB
:10B88000A460194BC3F89020BFF34F8FBFF36F8FA5
:10B890001648C3F89021002D18BF2846FFF788FFEF
:10B8A000FEF720FC0546A8B9FFF7BEF9FEF70CFC31
:10B8B00005F08AFA002C0BDB04F01F036409A400D6
:10B8C0009E4004F1604404F56144C4F88061266040
:10B8D00001233B702846F8BD4FF0FF35FAE700BF63
:10B8E0002C20002000A0085000E100E0AA55030031
:10B8F000074BB3F90830002B09DB5A09012103F08B
:10B900001F03403201FA03F3024941F82230704725
:10B910002C20002000E100E0014B1878704700BFA8
:10B920002C2000202DE9F74F8B460746924699467A
:10B930003E4C3F492678F6B2FF23237006B1637070
:10B94000DFF8FC80EFF3108272B60023D8F80050C5
:10B950000120C4F804B06860C5F80031C5F80431AE
:10B96000344BA360C4E905A33B68C5F810357B6878
:10B97000C5F81435BB68C5F81835FB68C5F81C3523
:10B980002D4BC5F830351033C5F83835286002B96D
:10B9900062B62A4DD8F80030D3F8000110B9D3F8B8
:10B9A000040130B3B9F1000F08D00C9A32B1D3F8CA
:10B9B0004005C9F80000D3F83C051060D3F8043105
:10B9C000002BBFD196B96378DBB266700325D8F837
:10B9D0000000C0F808538025C0F80461C0F8006179
:10B9E0001648C0F888512670002BA3D103B0BDE8DB
:10B9F000F08F0869C206CFD58023C5F88831EFF3F0
:10BA0000108072B60322D8F80030C3F80423D3F8AC
:10BA100000213AB9D3F8043123B9019005F06EFB47
:10BA2000034901980028B5D162B6B3E73820002059
:10BA300000ED00E01000000B3C20002000E100E0E1
:10BA4000982000201B4B4FF4000270B5C3F89820DB
:10BA5000BFF34F8FBFF36F8F174D0021174CC5F801
:10BA60000011C3F898212669236906F0100643F0F7
:10BA7000100323610123C5F804332B60D5F800318E
:10BA8000A3B11EB9236923F0100323610A4B0122DD
:10BA9000D3F808055A60C3F808230022C3F8002130
:10BAA0004FF40002034BC3F8982170BD05F026FB4C
:10BAB000E4E700BF00E100E000700D5000ED00E0A1
:10BAC00002460C49052038B5431ED8B2FF2803D1E1
:10BAD00048216920FFF78EFE01EBC0031D7905F0B8
:10BAE000FF04002DF0D141F8302001225C719C71DF
:10BAF0001A7138BD5C200020042808B503D94F21F5
:10BB00006920FFF777FE034B03EBC00000230371AE
:10BB100008BD00BF5C200020042808B503D95821C7
:10BB20006920FFF767FE094B03EBC0000379012B87
:10BB300001D05921F4E7437982790133DBB29A428B
:10BB400018BF4371BDE80840FFF7D2BE5C2000205B
:10BB500070B50625114C0026013D15F0FF0500D1FA
:10BB600070BD94F8281004EBC1031A79012A09D199
:10BB700058799A79904205D05A79D2B29A7154F88C
:10BB80003130984794F828300133DBB2042B94BF4E
:10BB900084F8283084F82860DEE700BF5C200020AD
:10BBA000044B1A681C2A03BF5868B0FA80F0400999
:10BBB0000020704788200020044B1A68292A03BF00
:10BBC0005868B0FA80F040090020704788200020B3
:10BBD000044B1A68272A03BF5868B0FA80F040095E
:10BBE000002070478820002008B5104B1049D3F87A
:10BBF00040230A60D3F844334B60FFF7DDFF10B9F0
:10BC0000FFF7E6FF48B10B4BC1E9023303F5805360
:10BC10000B61A3F5E0434B6108BD074BC1E902335B
:10BC200003F580530B61A3F58043F4E700C0FF00E8
:10BC30008820002000A0045000600450094B0A4AEC
:10BC4000C3F800230132C3F80C230132C3F81823D0
:10BC50000132C3F820230132C3F81C230132C3F898
:10BC60001021704700A0085004000080074B0022FC
:10BC7000C3F80023C3F80C23C3F81823C3F8202308
:10BC8000C3F81C23C3F81021704700BF00A0085060
:10BC9000844641EA000313F0030359D1403A33D3F9
:10BCA0002DE9F000F0C9F0C0F0C9F0C0F0C9F0C053
:10BCB000F0C9F0C0403AF5D2F0BC25E0403A23D3B9
:10BCC0000B6803604B6843608B688360CB68C3601C
:10BCD0000B6903614B6943618B698361CB69C36104
:10BCE0000B6A03624B6A43628B6A8362CB6AC362EC
:10BCF0000B6B03634B6B43638B6B8363CB6BC363D4
:10BD000040304031403ADBD230320BD30B68036015
:10BD10004B6843608B688360CB68C3601030103120
:10BD2000103AF3D20C3205D351F8043B40F8043BEF
:10BD3000043AF9D2043208D0D2071CBF11F8013BF3
:10BD400000F8013B01D30B8803806046704700BFB9
:10BD5000082A13D38B07B1D010F00303AED0C3F180
:10BD60000403D21ADB071CBF11F8013B00F8013BAA
:10BD7000A4D331F8023B20F8023B9FE7043AD9D321
:10BD8000013A11F8013B00F8013BF9D20B7803703E
:10BD90004B7843708B78837060467047014B1B680B
:10BDA0001B68184780040020014B1B685B6818471C
:10BDB00080040020014B1B689B681847800400200A
:10BDC000014B1B681B69184780040020034B18684F
:10BDD000034BC01A18BF0120704700BF8004002029
:10BDE000B455030081F0004102E000BF83F000433E
:10BDF00030B54FEA41044FEA430594EA050F08BF06
:10BE000090EA020F1FBF54EA000C55EA020C7FEAC9
:10BE1000645C7FEA655C00F0E2804FEA5454D4EB46
:10BE20005555B8BF6D420CDD2C4480EA020281EA10
:10BE3000030382EA000083EA010180EA020281EA48
:10BE40000303362D88BF30BD11F0004F4FEA01319A
:10BE50004FF4801C4CEA113102D0404261EB4101A9
:10BE600013F0004F4FEA03334CEA133302D052422F
:10BE700063EB430394EA050F00F0A780A4F10104EB
:10BE8000D5F1200E0DDB02FA0EFC22FA05F2801825
:10BE900041F1000103FA0EF2801843FA05F359410B
:10BEA0000EE0A5F120050EF1200E012A03FA0EFC8A
:10BEB00028BF4CF0020C43FA05F3C01851EBE371B4
:10BEC00001F0004507D54FF0000EDCF1000C7EEBD1
:10BED00000006EEB0101B1F5801F1BD3B1F5001F0F
:10BEE0000CD349085FEA30004FEA3C0C04F101042E
:10BEF0004FEA445212F5800F80F09A80BCF1004F57
:10BF000008BF5FEA500C50F1000041EB045141EAD8
:10BF1000050130BD5FEA4C0C404141EB0101013CA1
:10BF200028BFB1F5801FE9D291F0000F04BF014690
:10BF30000020B1FA81F308BF2033A3F10B03B3F162
:10BF400020020CDA0C3208DD02F1140CC2F10C02F2
:10BF500001FA0CF021FA02F10CE002F11402D8BF50
:10BF6000C2F1200C01FA02F120FA0CFCDCBF41EA1C
:10BF70000C019040E41AA2BF01EB0451294330BDEB
:10BF80006FEA04041F3C1CDA0C340EDC04F11404C8
:10BF9000C4F1200220FA04F001FA02F340EA03009F
:10BFA00021FA04F345EA030130BDC4F10C04C4F1E5
:10BFB000200220FA02F001FA04F340EA03002946C5
:10BFC00030BD21FA04F0294630BD94F0000F83F40F
:10BFD000801306BF81F480110134013D4EE77FEAF2
:10BFE000645C18BF7FEA655C29D094EA050F08BF3E
:10BFF00090EA020F05D054EA000C04BF194610461F
:10C0000030BD91EA030F1EBF0021002030BD5FEA62
:10C01000545C05D14000494128BF41F0004130BD8A
:10C0200014F580043CBF01F5801130BD01F00045DE
:10C0300045F0FE4141F470014FF0000030BD7FEA51
:10C04000645C1ABF194610467FEA655C1CBF0B464C
:10C05000024650EA013406BF52EA033591EA030F63
:10C0600041F4002130BD00BF90F0000F04BF00215B
:10C07000704730B54FF4806404F132044FF000058E
:10C080004FF0000150E700BF90F0000F04BF002107
:10C09000704730B54FF4806404F1320410F000456D
:10C0A00048BF40424FF000013EE700BF42004FEA68
:10C0B000E2014FEA31014FEA02701FBF12F07F43E5
:10C0C00093F07F4F81F06051704732F07F4208BF9C
:10C0D000704793F07F4F04BF41F40021704730B5A3
:10C0E0004FF4607401F0004521F000411CE700BFEF
:10C0F00050EA010208BF704730B54FF000050AE072
:10C1000050EA010208BF704730B511F0004502D572
:10C11000404261EB41014FF4806404F132045FEA74
:10C12000915C3FF4D8AE4FF003025FEADC0C18BF1D
:10C1300003325FEADC0C18BF033202EBDC02C2F10F
:10C14000200300FA03FC20FA02F001FA03FE40EAA1
:10C150000E0021FA02F11444BDE600BF70B54FF0A5
:10C16000FF0C4CF4E06C1CEA11541DBF1CEA135583
:10C1700094EA0C0F95EA0C0F00F0DEF82C4481EAEB
:10C18000030621EA4C5123EA4C5350EA013518BF0B
:10C1900052EA033541F4801143F4801338D0A0FBF8
:10C1A00002CE4FF00005E1FB02E506F00042E0FBA5
:10C1B00003E54FF00006E1FB03569CF0000F18BFAB
:10C1C0004EF0010EA4F1FF04B6F5007F64F5407453
:10C1D00004D25FEA4E0E6D4146EB060642EAC621E6
:10C1E00041EA55514FEAC52040EA5E504FEACE2E53
:10C1F000B4F1FD0C88BFBCF5E06F1ED8BEF1004F56
:10C2000008BF5FEA500E50F1000041EB045170BDD1
:10C2100006F0004646EA010140EA020081EA030115
:10C22000B4EB5C04C2BFD4EB0C0541EA045170BD11
:10C2300041F480114FF0000E013C00F3AB8014F18B
:10C24000360FDEBF002001F0004170BDC4F10004D4
:10C25000203C35DA0C341BDC04F11404C4F1200555
:10C2600000FA05F320FA04F001FA05F240EA0200B0
:10C2700001F0004221F0004110EBD37021FA04F6E6
:10C2800042EB06015EEA430E08BF20EAD37070BDA0
:10C29000C4F10C04C4F1200500FA04F320FA05F0FF
:10C2A00001FA04F240EA020001F0004110EBD37001
:10C2B00041F100015EEA430E08BF20EAD37070BD71
:10C2C000C4F1200500FA05F24EEA020E20FA04F34A
:10C2D00001FA05F243EA020321FA04F001F00041F9
:10C2E00021FA04F220EA020000EBD3705EEA430E6A
:10C2F00008BF20EAD37070BD94F0000F0FD101F099
:10C300000046400041EB010111F4801F08BF013CD1
:10C31000F7D041EA060195F0000F18BF704703F00F
:10C320000046520043EB030313F4801F08BF013D96
:10C33000F7D043EA0603704794EA0C0F0CEA135552
:10C3400018BF95EA0C0F0CD050EA410618BF52EA0C
:10C350004306D1D181EA030101F000414FF0000012
:10C3600070BD50EA410606BF1046194652EA430620
:10C3700019D094EA0C0F02D150EA013613D195EA94
:10C380000C0F05D152EA03361CBF104619460AD1DC
:10C3900081EA030101F0004141F0FE4141F47001E6
:10C3A0004FF0000070BD41F0FE4141F4780170BDD6
:10C3B00070B54FF0FF0C4CF4E06C1CEA11541DBF3B
:10C3C0001CEA135594EA0C0F95EA0C0F00F0A7F83D
:10C3D000A4EB050481EA030E52EA03354FEA01316A
:10C3E00000F088804FEA03334FF0805545EA13137D
:10C3F00043EA12634FEA022245EA111545EA106545
:10C400004FEA00260EF000419D4208BF964244F1DB
:10C41000FD0404F5407402D25B084FEA3202B61AFA
:10C4200065EB03055B084FEA32024FF480104FF4CE
:10C43000002CB6EB020E75EB030E22BFB61A754642
:10C4400040EA0C005B084FEA3202B6EB020E75EBD5
:10C45000030E22BFB61A754640EA5C005B084FEA3D
:10C460003202B6EB020E75EB030E22BFB61A75460A
:10C4700040EA9C005B084FEA3202B6EB020E75EB15
:10C48000030E22BFB61A754640EADC0055EA060ED6
:10C4900018D04FEA051545EA16754FEA06164FEA19
:10C4A000C30343EA52734FEAC2025FEA1C1CC0D1C5
:10C4B00011F4801F0BD141EA00014FF000004FF052
:10C4C000004CB6E711F4801F04BF01430020B4F113
:10C4D000FD0C88BFBCF5E06F3FF6AFAEB5EB030CCB
:10C4E00004BFB6EB020C5FEA500C50F1000041EBC8
:10C4F000045170BD0EF0004E4EEA113114EB5C0495
:10C50000C2BFD4EB0C0541EA045170BD41F4801167
:10C510004FF0000E013C90E645EA060E8DE60CEA6F
:10C52000135594EA0C0F08BF95EA0C0F3FF43BAF8C
:10C5300094EA0C0F0AD150EA01347FF434AF95EA43
:10C540000C0F7FF425AF104619462CE795EA0C0F27
:10C5500006D152EA03353FF4FDAE1046194622E7F4
:10C5600050EA410618BF52EA43067FF4C5AE50EACE
:10C5700041047FF40DAF52EA43057FF4EBAE12E7BE
:10C580004FEA410212F5001215D211D56FF47873FB
:10C59000B3EB625212D94FEAC12343F0004343EA9E
:10C5A000505311F0004F23FA02F018BF4042704779
:10C5B0004FF00000704750EA013005D111F0004003
:10C5C00008BF6FF0004070474FF00000704700BF99
:10C5D0004FEA4102B2F1E04324BFB3F5001CDCF1A5
:10C5E000FE5C0DD901F0004C4FEAC0024CEA5070DD
:10C5F000B2F1004F40EB830008BF20F0010070470C
:10C6000011F0804F21D113F13872BCBF01F000400E
:10C61000704741F480114FEA5252C2F11802C2F140
:10C62000200C10FA0CF320FA02F018BF40F00100C1
:10C630004FEAC1234FEAD32303FA0CFC40EA0C0073
:10C6400023FA02F34FEA4303CCE77FEA625307D1B0
:10C6500050EA01331EBF4FF0FE4040F440007047E7
:10C6600001F0004040F0FE4040F40000704700BF81
:10C6700053B94AB9002908BF00281CBF4FF0FF3149
:10C680004FF0FF3000F00CB8ADF1080C6DE904CEAE
:10C6900022F018F8DDF804E0DDE9022304B0704769
:10C6A000704700BF38B505460C46F4F769FB30B15A
:10C6B0003E2D04D12046BDE83840F4F7A1BB38BD7B
:10C6C0001FB5014601A800F006F801A802F04FFFCF
:10C6D00005B05DF804FB0B880022C3F30B038380D5
:10C6E0004B884272C3804B78C3F30113012B02D0F5
:10C6F000022B18BF134604310372016070478B8808
:10C70000043010B500F8043C0C4610F8033C03F06C
:10C71000F00300F8033C8A88C2F30322134300F8B5
:10C72000033C03F0CF03CA8800F8022CCA8800F843
:10C73000033C120A00F8012C0A7A120102F03002BE
:10C74000134303F03F0300F8033C4A7A43EA8213A1
:10C7500000F8033C0968814205D0E288FB2A28BF23
:10C76000FB22FFF795FAE0880430C0B210BD8B8839
:10C77000043010B400F8043C10F8033C03F0F0035C
:10C7800000F8033C8A88C2F30322134300F8033CF9
:10C7900003F0CF03CA8800F8022C10F8012C02F035
:10C7A000C00200F8012CCC8800F8033CC4F3052437
:10C7B000224300F8012C02F03F020C7A240104F01D
:10C7C0003004234303F0BF0300F8033C4C7A00F825
:10C7D000012C43EA841303F07F0300F8033C0B6849
:10C7E000834205D0CA8819465DF8044BFFF750BA5A
:10C7F0005DF8044B70472DE9F8430B7805460C466D
:10C80000013B822B00F2A482DFE813F099009D0027
:10C81000A1005201A2021A01200126012C013201BD
:10C820003601380148014E018300A202A600A2028F
:10C83000AA003C0142015C0162015601A2026801AA
:10C84000A2027B01AB01B101B701A202BD01C90186
:10C85000CF01A202FF010D0261023F0253025B02FF
:10C8600045024D02130219021F0225022B0231025A
:10C870003502390296029C0267026D02850273023C
:10C88000A202A202A202A202A202A202A202A20288
:10C89000A202A202A202A202A202A202A202A20278
:10C8A000A202A202A202A202A202A202A202A20268
:10C8B000A202A202A202A202A202A202A202A20258
:10C8C000A202A202A202A202A202A202A202A20248
:10C8D000A202A202A202A202A202A202A202A20238
:10C8E000A202A202A202A202A202A202A202A20228
:10C8F000A202A202A202A202A202A202A202A20218
:10C90000A202A202A202A202A202A202A202790230
:10C910007F020E23B1F803200B7042F283039A4288
:10C9200009D10623637066782146284602363246CE
:10C93000FFF7AEF95AE03121C720F3F743FF0C238C
:10C940000B700823EEE71A230B700123EAE73E235E
:10C950000B700223A370E6E73E230B700B23F9E76D
:10C960002920F4F74DFA28B13E2323702223637067
:10C970002923EFE70A20F4F743FA3E2305F10802E2
:10C9800004F108012B70A0B30A23AB70E378EB70BD
:10C99000A3882B71A3881B0A6B71A379AB71E37910
:10C9A000EB71A368AB608B8893801F22D4F80E30A4
:10C9B000C5F80E30638A6B8263696B61238B2B83AE
:10C9C000638BAB76638B1B0AEB76A38B2B77A38BE6
:10C9D0001B0A6B77E38BAB77E38B1B0AEB7794F83F
:10C9E000203085F820306A70023296B23046BDE8B9
:10C9F000F8830123AB70E378EB70A3882B71A388D5
:10CA00001B0A6B71A379AB71E37903F00103EB713E
:10CA1000A368AB608B8893801322638BAB73638BAB
:10CA20001B0AEB73A38B2B74A38B1B0A6B74E38B16
:10CA3000AB74E38B1B0AEB7494F820302B75D2E7B0
:10CA40003E230B7004234B70142383E73E230B70AB
:10CA50000C234B7004237DE73E230B700A234B709D
:10CA6000032377E73E230B700D234B70052371E7FB
:10CA700005232370042355E70823FAE730230B70BE
:10CA800003234FE73E230B700B234B70072361E713
:10CA90003E230B7006234B700C235BE713230B70B4
:10CAA0008B789B0001333DE757230B70022339E756
:10CAB0003E230B700D234DE73E230B7001234B707B
:10CAC000112347E73E230B7006234B70122341E7E7
:10CAD0003E230B7009234B7013233BE73E23037067
:10CAE0002420F4F78DF9002815BF24230E231326E4
:10CAF0000F263246A11CE81CAB70FFF7C9F8721C68
:10CB000071E73E2303702520F4F77AF9C0B125239D
:10CB10000A26AB70D4F80230C5F80330D4F80630DA
:10CB2000C5F807306389A5F80B30F01CE27A04F1F0
:10CB30000C012844FFF7ACF8E27A0132324452E7A4
:10CB40000F230726AB706388A5F8033023796B7138
:10CB50006379AB71A379EB71A37A2B72E37A6B7271
:10CB6000E3E73E230B7003234B701023F2E63E23D2
:10CB70000B7005234B702023ECE63E230B7009233A
:10CB80004B702123E6E63E2303702620F4F738F9A4
:10CB9000002815BF2623182317261326A9E73E23AE
:10CBA0000B7004234B702723D4E63E234FF000087C
:10CBB00081460370282346468370D1F8023049F835
:10CBC000033FAA795FFA88F39A4205D8721D92B2A0
:10CBD000002A3FF4A8AE06E7B21D331D08F1010894
:10CBE000A118A25809EB030049F80320063131F8D7
:10CBF000023C063020F8023C10F8017C3A46063729
:10CC0000FFF746F83E44B6B2DBE73E232A200B701E
:10CC1000F4F7F6F818B12B2363702A239AE61D2344
:10CC20006370192396E63E230B7007234B701A237B
:10CC300090E63E230B7020234B702C238AE63E2384
:10CC40000B704C234B702D2384E63E230B70042382
:10CC50004B702E237EE63E230B7022234B702F2336
:10CC600078E63E230B7016234B70302372E63E238A
:10CC70000B7031236EE63E230B7032236AE63E23AF
:10CC80000B7002234B70332364E63E230B70142396
:10CC90004B7022235EE63E230B700B7C5B000F3350
:10CCA0004B701D2356E63E230B7003234B701E234F
:10CCB00050E63E230B700B7D5B0013334B701B2340
:10CCC00048E63E230B7003234B701C2342E63E23B1
:10CCD0000B7005234B701F233CE6FF230B700B23C7
:10CCE0004B70A22336E6FF230B7005234B70A32362
:10CCF00030E6FF230B700D234B7080232AE6FF23C1
:10CD00000B700D234B70822324E6FF230B7002234C
:10CD10004B7083231EE6FF23C21C037081238370A4
:10CD2000D1F8033003F1280153F8040B8B4242F889
:10CD3000040BF9D1292256E63E230B700C234B70CD
:10CD4000232307E63E230B700E234B70FD2301E6E1
:10CD500040F24221F0E508B510B1FFF7B1FC10B97F
:10CD60006FF0150008BD0020FCE710B50C4648B177
:10CD700041B1F3F791FF0028207014BF00206FF03D
:10CD8000220010BD6FF01500FBE708B5F4F716F8A8
:10CD9000002008BD01F095B908B5F4F721F800208E
:10CDA00008BD01F017BD01F039BD02220023027059
:10CDB000052243708270C722C370427153220371EF
:10CDC00082717D22C2716FF04302027206224272AA
:10CDD000122282726FF00802C2721846704701F088
:10CDE000C0B938B50446FBF757FC01281BD1601CBD
:10CDF000FBF75AFCB8B1A3790020E51D63F03F03AF
:10CE0000A371F7F797F940B110220021284604F0EA
:10CE10001FFA01230020237038BD2846FBF758FC79
:10CE20000028F1D0F5E70023F4E710B504461022FE
:10CE3000002104F00DFA04F110031022002118461D
:10CE400004F006FAFBF75EFC0020F7F773F920B157
:10CE50002046FBF73DFC002010BDFBF71DFC002821
:10CE6000F6D0F8E710B50446FEF7ECFDB0F5007F0C
:10CE700009DA10F5007F08DD031EB8BF03339B10ED
:10CE80000020237010BD7F23FAE76FF07E03F7E7E1
:10CE90001FB5002341F64B524178CDF80A30D0F847
:10CEA0000230934295BF4FF47A7240F2E242B3FBF4
:10CEB000F2F3B3FBF2F398BF03F5506302789BB231
:10CEC00042EA0122ADF80230ADF80020ADF804309E
:10CED000C279837943EA0223ADF80630427A037AB5
:10CEE000684643EA0223ADF8083001F040FA05B085
:10CEF0005DF804FB01F008BD0078003818BF012080
:10CF000001F01FBAF6F7F8BD8178008801F0C7BCC0
:10CF100001F0E3BC37B505460C4600880DF106016B
:10CF200001F014FA2B882380BDF80630638003B02B
:10CF300030BDF6F7E9BD01F014BD01F0ABB801F06A
:10CF400005B908B5F3F754FF002008BDF6F754BB48
:10CF500001F019B9F6F752BD01F0E4B801F0D8BB01
:10CF600001F0A2BB01F0E9BB01F043B801F048B801
:10CF700001F054B801F070B801F015B901F06CBAC5
:10CF800001F0DBB801F097B803880B8001F007BC13
:10CF900003880B8001F011BC01F02CB9F6F7BEBB81
:10CFA000F6F7A4BB01F059B901F068B9F6F7C0BBB8
:10CFB00001F09CB901F0A5B8F6F7BEBD01F0B4BC14
:10CFC000F6F724BBF6F7E2BBF8B5941C0E4605460F
:10CFD00017460C446343B3F5004FA8BF4FF0FF332F
:10CFE00010F003019CB203D0B0211420F3F7EAFB48
:10CFF000B4F5004F01D9B121F7E71422043004F051
:10D0000027F9EF746C802E80F8BD70B50688C5884E
:10D0100003898E42C5F30E02C3F30E0403D2D2215C
:10D020001420F3F7CFFB5D40C5F30E030BB92D04BD
:10D0300009D4A24209D2C37CA41A0233E41AA14241
:10D0400003DD00238374184604E018320123815263
:10D050008374104470BD023101444A43B2F5004F5D
:10D06000A8BF4FF0FF3290B21B3020F00300B0F5A4
:10D07000004F34BF00B24FF0FF30704740881B3084
:10D0800020F00300B0F5004F34BF00B24FF0FF3086
:10D0900080B2704738B503888B4204D24FF4857153
:10D0A0001420F3F78FFB857C65B1C388C3F30E03AF
:10D0B0001833C25A8A4207D3C152811DF3F7CAFE00
:10D0C00000238374284638BD0025FBE7034618304B
:10D0D000F0B59C88A5B2C4F30E06DC88AC4202D140
:10D0E0000020D881F0BD5F89DC7C855B3C44ED1B72
:10D0F0000234ADB2344420440C88AC4288BF0D8069
:10D100005C89B4FA84F4640914700A88DA81E9E766
:10D11000F8B582880026C38904460D4692B20E6097
:10D12000CBB14189C2F30E020B4418329BB287186F
:10D13000825A4381934204D940F257111420F3F7E5
:10D1400041FB04D1011DF3F785FE46812F600023CA
:10D150000120E381F8BD1846FCE782880146038977
:10D1600092B2934210B508D0C3F30E0308311833BE
:10D17000C45AF3F76FFE204610BD0024FBE78388F6
:10D18000C0889BB2C31A584258417047828873B511
:10D1900095B2C488C2F30E02AC4202F1180212D05A
:10D1A0004189C689835A314499420EDB0DF106014B
:10D1B000ADF80650F3F74EFEBDF80600001B18BF91
:10D1C000012002B070BD0020FBE70120F9E770B537
:10D1D00005890346C4881830C5F30E02C4F30E0651
:10D1E0006C40C4F30E0525B9240402D50020188232
:10D1F00070BDB2421C8806D9DD7C921B0235521BE1
:10D200009442A8BF14469D890DB1825BA41AA14225
:10D21000ECDCDA7C3544198202322A441044E7E718
:10D22000F8B5038A002B38D08B4236D3C48800F17E
:10D2300018038589C4F30E041E1995B91D55757020
:10D2400085891E5B0D443144ADB285811953D2B13D
:10D25000811DF3F7FFFD002383810023038201205A
:10D26000F8BD1E5BAE4204D040F201211420F3F75A
:10D27000A9FAC57C2644878A023535445E195F5376
:10D28000857DB570DCE7C27C2C44023214441A1947
:10D290001B5B838293788375DFE70020E0E7838858
:10D2A000C2889BB29A4206D0428922B9C3F30E03C8
:10D2B00018331844704700207047C37C0888023335
:10D2C0000B44136070470230704738B58388C288BA
:10D2D0009BB29A4209D043893BB9C5893DB9011D2A
:10D2E000F3F7B8FDC581012038BD0020FCE71846E2
:10D2F000FAE703881380C388C3F30E03183303448B
:10D3000080890B6070470368002223B9C0E90132AD
:10D31000031D0360704759681B680A44F5E7072935
:10D3200038B5034604D84FF4EC711520F3F74AFAE8
:10D330000068A8B1D0E900248C4212D02AB901F1CA
:10D340000805AC4204D210460AE003461046F1E755
:10D35000425045181A68641A12686C6042501D6089
:10D3600038BD1A60FCE70023C1E9003203680B6096
:10D370000160704730B590B18478B1FBF4F304FBE1
:10D38000131300EB430252898A4201D1D8B230BD57
:10D39000C27822B900F10A03D0B2844201D8FF203A
:10D3A000F5E733F8025B0132A942F5D1EFE7827865
:10D3B00003880532594301EB42010844704713B515
:10D3C00000230446CDE900338DF806006846F3F7E4
:10D3D00025FF08B102B010BD2146BDF80400F3F7E7
:10D3E000F9FE0028F2D040F215211720F3F7EAF9F0
:10D3F00070B51E460D460921FFF72DFE0446324644
:10D4000009212846FFF727FE002C03DB002801DB5B
:10D41000204470BD4FF0FF30FBE7D31D23F007031E
:10D4200070B5083390B110F0070403D058212220C2
:10D43000F3F7C8F904604FF6FF75C28000F10804E5
:10D440000A468180013A92B2AA4203D103FB01F05D
:10D45000083070BD0668266004601C44F2E70123B2
:10D4600003707047F8B5054608461E461146002869
:10D4700014BF00240224FF23AB702B191B7D012B4A
:10D4800004D001342B191B7D012B19D105EB440766
:10D490003B8B3A8C9819904204DD00202C44388351
:10D4A0002075F8BD05EB8404324660681844FEF729
:10D4B000EFFB3A8B16443E830023AB700120F0E76C
:10D4C0000020EEE7002910B514BF00230223FF213E
:10D4D0008170C1180C7D012C07D10C3320F813206A
:10D4E00002230B750023837010BD0133C1180C7D1E
:10D4F000012CF2D04FF48C710920F3F763F930B5A9
:10D50000827802F0FF03EAB9027D022A18D0427D38
:10D51000022A17D11A46012381B1002485180C3242
:10D520002C7520F81240C2180324147500EB8302F6
:10D530000C33526830F813300A608B80012002E00F
:10D540000122E9E7002030BD30B58378E3B9837D5F
:10D55000022B17D0C47D022C16D1032381B10022E7
:10D5600005190C342A7520F81420C21803241475E8
:10D5700000EB83020C33526830F813300A608B8062
:10D58000012002E00324E9E7002030BD037D012BE8
:10D5900001D1008B7047437D012B0CBF408B0020D5
:10D5A0007047837D012B01D1808B7047C37D012B98
:10D5B0000CBFC08B00207047038B23B9408B003811
:10D5C00018BF0120704701207047838B23B9C08B9F
:10D5D000003818BF0120704701207047027D022AE1
:10D5E00001D1008B7047437D022B01D1408B7047E6
:10D5F000032AF6D0032BF9D000207047827D022A3F
:10D6000001D1808B7047C37D022B01D1C08B704745
:10D61000032AF6D0032BF9D0002070472DE9F04102
:10D620000646069898460D46430711469DF81C701D
:10D6300002D010F0030003D025214C20F3F7C2F8EC
:10D640004FF48B72FFF7E9FE002F06AB044600FB98
:10D6500008F114BF00201846F3F71EFC17B9069B0B
:10D6600033602C60BDE8F081F3F7C2BF69B1C31E1F
:10D67000012B09D9CB1E012B06D9012805D0012980
:10D680000CBF0120022070470420704710B50446EB
:10D69000F7F740FB48B1237803F00303032B04D1D1
:10D6A0000120BDE81040FCF727BE10BDF3F7ECBF2A
:10D6B00010B50446FBF770FF00F544434FF47A7051
:10D6C000033C4933012CB3FBF0F394BF2820002026
:10D6D0008033184410BD10B5044690F86D00FFF774
:10D6E000E7FF01462046BDE8104002F0A1B8C31E86
:10D6F000012B70B506460D4610D9FBF74DFF00F51E
:10D7000022434FF47A74B133B3FBF4F43046FBF7A1
:10D710003BFF05F19B032344184470BD6724F5E7E4
:10D72000002313B51A4680F80432A0F85032194687
:10D7300000930446F4F7C2FD20B14FF4FE7130208F
:10D74000F3F740F80122C4F80002C4F8F80184F8A5
:10D750000422A4F81602A4F8140284F81902B4F8FA
:10D760008020A4F85202013AA4F8802002B010BD33
:10D7700070B5044690F8603103F0FF01E3B96FF033
:10D780000043D0E956529A4208BFB5F1FF3F01D19C
:10D79000002070BDD0E9545602F009FEAE30D4E945
:10D7A00056325B1B62EB06021B1A62F10002002A72
:10D7B000EEDA2046F9F75CF90120EAE7F8B504460D
:10D7C00018B9E0213020F2F7FDFF072900F2AA8006
:10D7D000DFE801F0043E3E3AA82E9EA6F9F740F994
:10D7E000D4F84401A438FDF739FE10B940F25A21AB
:10D7F000E8E7204602F059FE0546F0B9014620460A
:10D8000002F0D5FD00F1AE06D4F84401B04209D2D1
:10D81000301A0321192838BF1920FDF793FE051E81
:10D8200018BF0125C4F84461204602F087FE35B1D7
:10D830002046BDE8F84002F082BE0025F4E7D4E9B6
:10D840005423C4E94C23F8BDBDE8F840FBF782BD82
:10D8500002F0EEFD002305460E4684F8403184F8C0
:10D860004931D4F81431EBB150EA01031AD0072141
:10D87000A5FB012301FB0633D4E94C10521843EBFE
:10D880000003D4E9540182428B410BD2012304F5F9
:10D89000A07784F848313846FDF74AFB20B94FF4A9
:10D8A000D3618FE70223F2E72046FFF761FF0346CB
:10D8B00094F8100133B93946FDF79CFB38B940F2B2
:10D8C0009C617FE7FDF71EFB002384F83831D4E923
:10D8D0005401D4E94A32834272EB0107B3D255EACC
:10D8E0000607B0D0C01A334661EB02012A4603F0A6
:10D8F00048FC05FB01F2A5FB005300FB0621D4E91F
:10D900004A020B44451943EB0203C4E94A539AE720
:10D9100090F81001FDF7F6FA002384F8383192E709
:10D92000FD214FE740F201114CE7F8B50D46002309
:10D93000D0F81411044680F81831D0E9546781F802
:10D94000D62180F838310121D0F81401F6F7F0FD26
:10D95000D4F81401C0E98E6794F81031C0F854521D
:10D9600080F81C32C0E99267FFF7DAFE20B14FF46D
:10D97000E2613020F2F726FFFBF778FBBDE8F840C4
:10D98000FDF794B9D0F81401704710B5044690F82B
:10D990003831EBB1FF2380F86031012102F0D1FD75
:10D9A00094F83831A3B194F81001FDF727FC94F8EE
:10D9B0001001FDF72FFE94F81001FDF7A3FA20B92E
:10D9C0004FF4F4713020F2F7FDFE002384F8383173
:10D9D000002010BD10B590F8602142B990F81821D0
:10D9E00042B1D0E94731994202D9F9F741F8002212
:10D9F000104610BD0122FBE740F2E31108B501F02B
:10DA00001FFFB0F5296F28BF4FF4296080B208BD11
:10DA1000F8B5044621B1012931D040F2BE712BE0A6
:10DA2000C68C36B1F7F782F9E68CB0FBF6F303FB50
:10DA300016062046D4E94A5702F0FAFC00232818BB
:10DA400084F840314FF0020347EB01018019A4F83C
:10DA5000483141F10001C4E95401C4E94A012046BA
:10DA6000FFF786FE70B904F5A07194F81001FDF778
:10DA7000C1FA38B940F2EF613020F2F7A3FE00237B
:10DA800080F81831FBF7F2FABDE8F840FDF70EB95F
:10DA900090F83801003818BF0120704790F85430D2
:10DAA0005A0705D590F85600431E58425841704712
:10DAB00013F0030304D090F8550000F0FD00F3E7E5
:10DAC0001846704790F86C00003818BF0120704766
:10DAD00040F2651108B501F0B3FEB0F5296F28BF1B
:10DAE0004FF4296080B208BD10B50E21F3F71EFB7C
:10DAF000044618B965215320F2F764FE4FF4B4725E
:10DB0000002103F0A5FB41F20143A4F8EC3001230E
:10DB100084F80E3110BD20B190F80E02003818BF05
:10DB20000120704720B190F80E02003818BF012084
:10DB3000704710F0FD0F14BF0120002070476FF4F4
:10DB40005063C318062B8EBF40F2E243A0F550602D
:10DB50004FF47A735843704790F8E831DBB290F88D
:10DB6000A8202AB913F0FB0F14BF01200020704732
:10DB70000020704790F80432DBB290F8A8202AB950
:10DB800013F0FB0F14BF01200020704700207047E6
:10DB90002DE9F8438046B0F85E60B0F86050174653
:10DBA000343089B3FFF794FF0446022101F005F9F0
:10DBB00081460221204601F000F94E45B8F80030B8
:10DBC00028BF4E463B80B6B21B2E38BF1B26FB2E0D
:10DBD00028BFFB26A84228BF28467E8080B21B288B
:10DBE00038BF1B20FB2828BFFB20B4F5A47F38BF1B
:10DBF0004FF4A474F880B4F5296F28BF4FF429645A
:10DC0000BC803C81BDE8F883FFF7F6FECCE713B596
:10DC100001210020F3F7C8FA044688B9012108461B
:10DC2000F3F7C2FA0446C0B90023CDE90033032359
:10DC30008DF806306846F3F7F1FAC8B100200AE023
:10DC4000A830FFF73FFF0028E8D02046FFF726FF67
:10DC50000028E3D0012002B010BDA830FFF732FF4A
:10DC60000028E1D02046FFF719FF0028DCD0F1E7BB
:10DC7000009C2046FFF70CFF0028DBD0204602F076
:10DC8000DAFB0028D6D0E5E7002307B5CDE900335D
:10DC900003238DF806306846F3F7C0FA08B1002078
:10DCA00004E00098FFF7F4FE0028F4D003B05DF81C
:10DCB00004FB07B5002340F6881201A9FBF7D6FD47
:10DCC00003B05DF804FB10B5044638B1F6F718F858
:10DCD00034EA00030CBF0120002010BD0120FCE746
:10DCE00038B505460C462AB11F2901D8002038BD99
:10DCF0001220FCE7F3F78EFBA04211D3284602F076
:10DD0000E6FB08B11F2CF3D8284602F04BFB48B1C4
:10DD10002146284602F071FB0028E7D14520E6E7BE
:10DD20000720E4E74220E2E738B5054602F03AFB77
:10DD3000E8B12846FFF7ACFE08B9002038BD2846F8
:10DD4000FFF720FE04462846FFF71FFE88B9002C87
:10DD5000F3D02088F6F742F902212088F3F73AFA47
:10DD60000028EAD041F65B213920F2F72BFD422052
:10DD7000E4E70C20E2E7034640681B780BB9FFF7A5
:10DD8000EBBEFFF7F7BEF0B587B00546008801A9E6
:10DD900000F0CAFF044600287CD1029A92F85A315A
:10DDA000D81E434243418DF802309DF80430002BC9
:10DDB00073D192F887301F2B72D19DF8023083F017
:10DDC000010303F001038DF8033092F8D8309B066D
:10DDD00003D49DF80330002B66D0EB881B3B9BB22D
:10DDE000E02B63D8298944F24810A1F5A4739BB2B3
:10DDF00083425BD86B881B3B9BB2E02B56D8AA882A
:10DE0000A2F5A4739BB2834250D8B1F5296F4FD8C5
:10DE1000B2F5296F4CD8029EFF2786F81B719DF83A
:10DE20000230002B3ED19DF8041003AA3046B1FA0F
:10DE300081F14909FFF7ACFE6A88BDF8123040F65F
:10DE4000480CBDF814109342BDF80E0028BF1346CD
:10DE50006145AA88A6F8203128BF6146EB88984220
:10DE600028BF1846BDF810306345A6F81C01288964
:10DE700028BF6346834228BF03468A42A6F81E3164
:10DE8000134628BF0B46A6F8223186F81A710023E4
:10DE900086F81B31204607B0F0BD936F99068CD4ED
:10DEA00023468EE73A24F2E71A24F3E71224F1E737
:10DEB0001124EFE710B50446FFF7E6FE58B901213B
:10DEC0000020F3F771F9E8B901210846F3F76CF97E
:10DED000F0B9012013E0F5F7EBFE68B1F5F7ACF906
:10DEE000044602F0DEFA58B9204602F0D6FA80F075
:10DEF0000104E4B204F00104002CE0D1002010BDC4
:10DF00000024F7E7A830FFF7DDFD0028DCD0F5E7B7
:10DF1000A830FFF7D7FD80F00100C0B2EFE72DE990
:10DF2000FF4107468846008802A900F0FDFE06462C
:10DF300018BB039C94F86D3103F0FF061BB1B8F1D8
:10DF4000020618BF012694F88730232B94F8D930A5
:10DF500043EAD3030CBFC6F10102002203F0010320
:10DF600013433CD0BD7815B9F5F7CAFE0546F878DD
:10DF7000B8BBF5F7C5FE25B90926304604B0BDE8A3
:10DF8000F0810028F8D094F8752032B115F0020520
:10DF900000F00200F0D00028EED0FF2284F8252106
:10DFA000DEB994F8242102F0FF06B2B984F8270103
:10DFB00001A984F8248184F82651BA888DF80500D7
:10DFC0002046A4F828218DF80450ADF8062000F072
:10DFD00017FF002384F82531CFE73A26F9E71A2600
:10DFE000CBE7002DCFD1C7E708B5F5F73DFE002000
:10DFF00008BD10B50446F7F7CBFC2070002010BD1B
:10E0000010B5FFF704FE044630B9F7F7BBFC204615
:10E01000F6F7AAF9204610BD0C20FCE738B50546F6
:10E02000FFF7F5FD0446A8B92878012803D9FF2891
:10E030000BD0122038BDFFF77CFD691CF7F7AEFC52
:10E04000002814BF00200720F4E70120F6F78CF920
:10E050002046EFE70C20EDE738B50546FFF7D7FD82
:10E060000446A8B92B78012B03D9FF2B0CD0122022
:10E0700038BD1846691CFFF75CFDF7F7BDFC0028AA
:10E0800014BF00201220F3E7F6F76EF92046EFE701
:10E090000C20EDE710B50E2400236FF0170130229D
:10E0A0000470C4705924417082700471437181718D
:10E0B000C271184610BD082108B5F2F7DFFD002037
:10E0C00008BD73B506460C460088694600F02CFE74
:10E0D0000546A0B9B3786BB9019B93F87430A3706F
:10E0E000338894F902002380F6F780FAA07028465E
:10E0F00002B070BD7F20FFF7DCFDA070F0E70225C5
:10E10000F5E710B504466FF07F00FFF7D2FDF6F794
:10E110006DFA20707F20FFF7CCFDF6F767FA60708C
:10E12000002010BD10B50446F5F786F802F0B2F9EC
:10E13000F6F75CFA2070002010BD0A4600F11001CD
:10E1400008B5072302F0C8FF002008BD10B501463E
:10E1500004460020F5F7D6FF08B92060A080002013
:10E1600010BD10B50446F5F779FD28B90020214609
:10E17000F5F7B0FF002010BD0020FFF79BFE002840
:10E18000F4D10C20F7E707B501900120FFF792FECC
:10E1900038B101200199F5F79DFF002003B05DF82B
:10E1A00004FB0C20FAE7F7B50C46054669460088E3
:10E1B00000F0BAFDA21C98B9019B03F18F0783F808
:10E1C000C30039681160397911712988218093F869
:10E1D000C36006F0FF01002EF1D1084603B0F0BD88
:10E1E00000230221C4F80230137123706370F4E736
:10E1F000FFF7C9BD1FB544F290228388934217D818
:10E200000288B3F5296FADF8042028BF4FF42963C5
:10E2100040880A80ADF80600ADF80A0001A8ADF804
:10E220000830ADF80C30FFF7AEFD05B05DF804FB2B
:10E230001220FAE71FB5019102A900F075FD04460E
:10E2400040B99DF80810019AB1FA81F10398490983
:10E25000FFF79EFC204604B010BD10B500236FF000
:10E2600004046FF06F010A22047043708170C27061
:10E27000047143718171C271184610BDF7B506462D
:10E280000C460088694600F04FFD0546A0B9019F85
:10E2900087F86E5097F86C00F4F75CFEA07097F862
:10E2A0006D00F4F757FEE07097F86E3003F0FF0052
:10E2B000002BEDD13388238003B0F0BD10B58388E7
:10E2C0000446022B10D8C078FFF7FDFC08B91120D6
:10E2D00010BDA078FFF7F7FC0028F8D020460121F8
:10E2E000BDE81040FFF71BBE1220F1E713B583789D
:10E2F000C17803F00104027903F0020351EA040C2F
:10E300001DD052EA030C1AD0002C18BF0021002B9C
:10E31000037818BF00228DF802108DF80320427890
:10E3200043EA0223ADF8003043798279684643EA34
:10E330000223ADF80430FFF7C1FF02B010BD112079
:10E34000FBE708B5F3F7A2FD002008BD13B50C46A6
:10E35000694600F0E9FC30B9019B9DF80020B3F854
:10E36000803012B9238002B010BD0133FAE72DE9E5
:10E37000F04186B00546008804A900F0D5FC20B124
:10E380000226304606B0BDE8F0819DF81030012B22
:10E3900058D0059C2046FFF7DFFB0028F0D0AA8864
:10E3A0001046FFF7CCFB8046002C49D0E369984229
:10E3B00046D1638E03932046AB89698802936B89AB
:10E3C00001932B890093EB88F4F71EFE0746002883
:10E3D0003AD094F8193203F0FF06BBBB0D21208818
:10E3E000F2F7E2FEFFF79EFBA0BBAB886FF4506232
:10E3F00013449BB2062B40F2E24394BF642337469A
:10E40000434525D22FB1B4F86C1040F2022291425C
:10E4100020D10022A4F80632C4E98228E979AB7938
:10E4200043EA0123A4F810322B7A697A84F818227F
:10E4300043EA0123A4F81232FF2384F81932A0E73B
:10E440000123B7E711269CE730269AE73A2698E79A
:10E45000122696E70C2694E713B50088694600F06B
:10E4600063FC0146D8B99DF80030019C8BB19DF842
:10E470000030012B03D10198FFF77CFB70B194F8B9
:10E480002B3103F0FF0253B9FF2384F82B311146DF
:10E4900005E02046FFF760FB0028E8D1022108468E
:10E4A00002B010BD2DE9F341054690F8018003212B
:10E4B0000078F2F779FE0446002800F08780F5F72F
:10E4C000F7FB08B3204601F0C3FFEB78984228BF62
:10E4D000184686B2B8F1040F5DD0E06CFFF756F82D
:10E4E000304487B2F5F7E4FBB8B9EB7873B920464E
:10E4F00001F0AEFF874210D9204601F0E8FF50B985
:10E50000072002B0BDE8F081EE78E3E7204601F095
:10E51000B1FF0028EBD11220F3E7F5F7C9FB39462C
:10E5200002462046FFF7DCFB0028EAD1A8F10303EE
:10E53000012B2DD8204601F0CAFF6B78032B2DD17B
:10E5400008F0FD07012F3AD1204601F0C0FF002856
:10E5500033D1B8F1010F08BF02273A46E16C684693
:10E56000F2F770FF33466A680121E06CFEF77AFF2C
:10E570000028C5D06B78023B012B07D8E06CFFF771
:10E5800005F801210246E06CFEF79CFF0020B8E789
:10E59000002ECFD1BFE7002ECCD0BCE70028BAD1E7
:10E5A000042BCDD12046FFF773FA0028B3D0E06CDE
:10E5B000FFF702F80028C3D1ADE70027CDE7B8F197
:10E5C000040FCFD1204601F0BFFFDFE7422098E7DC
:10E5D0002DE9F3470746467890F803900321007829
:10E5E000F2F7E2FD044600283AD0F5F761FB30B1BE
:10E5F000204601F056FF002808BF4FF00009E06CEC
:10E600001FFA89FAFEF7CDFF48441FFA80F8F5F7A4
:10E610004FFB60B1F5F74CFB414602462046FFF741
:10E620005FFB054668B1284602B0BDE8F087FB787D
:10E63000002BEFD0204601F034FF0028EAD112254C
:10E64000F1E7042EFBD0032E10D0B9F1000FF6D065
:10E650002046FFF71DFA38B10C25E4E704220EE04E
:10E660004225E0E70725DEE7012E0CD1204601F028
:10E670002EFF0028F2D1012E0CBF06220522E16CEC
:10E680006846F2F7DFFE53467A680021E06CFEF739
:10E69000E9FE0028E6D0023E012EC4D84246002101
:10E6A000E06CFEF70FFFBEE713B50446F4F7C4FDB8
:10E6B0004FF440736846ADF8003000238DF8023007
:10E6C00014F8013B8DF803300194FFF781FF02B08D
:10E6D00010BD38B5032105460078F2F765FD044604
:10E6E000A0B1FFF7D5F928B92046691C01F0A8FEB2
:10E6F000002038BD204601F0D4FE08B10C20F8E718
:10E70000204601F0CAFE0028F8D1EDE74220F0E7EC
:10E7100013B50446F4F790FD684614F8013B8DF8F4
:10E7200003304FF440730194ADF8003000238DF8AE
:10E730000230FFF7B7FE02B010BD73B50546F4F71F
:10E740007BFD04462B7863B100230DF1010101200C
:10E750008DF80030F5F7D6FC18B16846FFF7B9FF21
:10E76000A0B9002620468DF8006001F09EFEB04260
:10E770008DF8036014BF80233346ADF801302B7849
:10E78000012B05D169462046F4F754FE02B070BD56
:10E790001BB92046FFF7C8FAF8E71220F6E710B5D4
:10E7A000022104460088F2F7FFFC20B1A11CBDE85D
:10E7B000104002F04EB8022010BD08B502210088BA
:10E7C000F2F7F2FC20B10021BDE8084002F041B8A8
:10E7D000022008BD37B504460D4600880921F2F72E
:10E7E000E3FC10B10C2003B030BD0B212088F2F700
:10E7F000DBFC0028F6D10C212088F2F7D5FC00289C
:10E80000F0D16946208800F08FFA0028EBD12388E8
:10E810002B80019BB3F8B4306B80E4E737B5044636
:10E820000D4600880921F2F7BFFC10B10C2003B09F
:10E8300030BD0B212088F2F7B7FC0028F6D10C215F
:10E840002088F2F7B1FC0028F0D1238898B22B8001
:10E8500063880BB91220EAE7694600F065FA0028E0
:10E86000E5D1648842F21071019AA3B2D5694B4395
:10E87000518E6943958C05FB01118B42EAD3D56912
:10E88000D169A942FBD1013B0025A2F8B4400B4459
:10E89000C2F8AC50B3FBF1F3C2F8B030C7E710B523
:10E8A0000C460221F2F780FC88B1022C11D804F04A
:10E8B0000103C4F3400480F8D53180F8D44123B17A
:10E8C00090F8D2313BB1F4F7CDF9002010BD022011
:10E8D000FCE71220FAE71846F8E710B5044600787E
:10E8E000FF280AD00321F2F75FFC58B16378A278C1
:10E8F00043EA0223C384002010BDB4F80100F4F7FA
:10E90000F5FAF8E74220F7E710B50446007800383A
:10E9100018BF0120F4F708FB2078003818BF012049
:10E92000F4F78CF9002010BD10B50446F5F7C0F9D6
:10E9300050B1F4F781FC6178C1F3400201F00101AC
:10E9400001F006FE002010BD03212078F2F72CFC18
:10E950000028F0D14220F6E70820F5F7AFB901F022
:10E96000A2BF08B5C3780246013BD8B2042801D93A
:10E97000FE2806D11378042B03D1F4F7CFFA002038
:10E9800008BD1220FCE710B5044604B910BD236889
:10E9900098476468F9E703680BB9016070471A4645
:10E9A0005B6813B18A42FAD170478A4218BF51603E
:10E9B000704708B5F4F7ECF8F7F74CFD20B140F2DA
:10E9C0002B110120F1F7FEFE0320BDE80840FEF701
:10E9D000F6BC08B50220FEF7F2FC0020FEF7EFFCC3
:10E9E000F2F7A6FCF5F7EAFAF3F7B4F820B140F233
:10E9F0000B110120F1F7E6FE08BDFFF7EABF08B5ED
:10EA0000FFF7D7FFF8F726FD20B14FF4A0710120E2
:10EA1000F1F7D8FE08BDFBF743BB0B46152203F800
:10EA2000032BD0F80920C1F80320427B1A717047EC
:10EA300030B585B004460D46F5F7E4FE80B36FF4BB
:10EA4000B27302A91C442088ADF8000000F06CF9F4
:10EA500018B12F217E20F1F7B5FE039B02216846F5
:10EA600093F868208DF8022093F86920B3F86A3093
:10EA70008DF80320ADF80430FFF751FA08B14521B5
:10EA8000E8E78DF808009DF808308DF809000020AF
:10EA900063F307009DF8093063F30F2005B030BD24
:10EAA00038232B70D4F80930C5F8033004238DF8CF
:10EAB0000830E8E708B5436893F886201AB1882142
:10EAC0007E20F1F77FFE212283F8862008BD10F01A
:10EAD000010304D1830754BF00F004030223184646
:10EAE00070472DE9F84F054610461F46FFF7EFFF28
:10EAF00006460846FFF7EBFF934646EA00098A46BA
:10EB0000DDF8288004465FFA89F9B9F1000918BFD9
:10EB10004FF00109F5F7F4F810EA0B0F08BF0026D3
:10EB2000F5F7EEF895F86C2010EA0A0F08BF0024FC
:10EB3000B24214BF3346002388F8003095F86D20A8
:10EB4000A24208BF0024234388F801400AD1B5F847
:10EB50008030013FFF1A47F6FD73BFB29F4288BF66
:10EB60004FF00009BEB995F86C00F4F703FA0328DA
:10EB70000ED195F82431012B0AD1B5F82831012B9B
:10EB800095F86C3009D1032B09D0032388F80030A5
:10EB90004846BDE8F88F042EEAE7042BF8D004239A
:10EBA000F4E7042905D101280CD1032113805180F9
:10EBB0007047032906D1012804D0042101201380C5
:10EBC0005180704700207047012806D0022804D0E9
:10EBD000033801288CBF002004207047F8B5446832
:10EBE00006460F4694F88750A5F12103062B47D916
:10EBF0002F2D45D0002D41D194F88630262B3FD0C3
:10EC0000084600F071FC28B9F9783046BDE8F840B4
:10EC100000F076BE7B7903F0070384F865303B791A
:10EC200003F0070384F8643094F82531D3B994F8DD
:10EC30002431012B16D094F86D3094F86420D91E3D
:10EC4000012998BF04239A4214D194F86C30DA1E3B
:10EC5000012A94F8652098BF04239A420AD102231E
:10EC600084F824312323304684F8873000F00CFEEA
:10EC70002846F8BD3046F5F78FF8F3E70125F7E7AA
:10EC80002025F5E708B5436893F88720232A05D0A7
:10EC900022B140F2E5317E20F1F794FD242283F881
:10ECA000872008BDF5F78AB9704730B542400C7827
:10ECB00018785D784440487868409D7804448878A6
:10ECC0006840DD780444C87868401D795B79044465
:10ECD0000879497968404B4004442344D3420CBF2F
:10ECE0000120002030BD024600200139C9B2FF29B1
:10ECF00000D17047535C83F001030344D8B2F4E7BA
:10ED000008B5F5F725FA082803D0BDE80840F5F75F
:10ED100041BA08BD08B501F040FE18B1BDE8084091
:10ED2000F9F7CEBA082008BD70B50D460021064699
:10ED3000F2F73AFA0446686010B10020287070BDFE
:10ED400002213046F2F730FA686018B101232046FC
:10ED50002B70F4E70220F2E7F8B505460C46D0E93F
:10ED60000476FCF7E5F820B94FF482712920F1F719
:10ED700029FDF4B1D5E90431DA1B61EB0603012A60
:10ED800073F100014FF0000115DB6FF001009042BC
:10ED900071EB030302DA4FF48771E7E7631E134454
:10EDA000B3FBF4F35C43E41946F10006C5E90446FD
:10EDB0001C462046F8BD0C46FBE7CB1E012B0FD8A6
:10EDC000032915BF4FF4167396234022102203F532
:10EDD000BC73984212D9C01A90FBF2F080B270470F
:10EDE000022905D13C2809D93C38C0F38F0070476F
:10EDF000702803D97038C0F3CF00704700207047E7
:10EE000003460868986670470229024608B515D07F
:10EE100006D801290AD040F27F112920F1F7D2FC4F
:10EE200003390129F7D840F6A66008BD40F6C4139F
:10EE300040F2E240002A18BF1846F6E740F6C41038
:10EE4000F3E7A0F5A270884294BF091A491A18681E
:10EE5000012900EB5100186098BF0020136888BF9B
:10EE60000120A3EB510313607047C3B293FAA3F3DD
:10EE7000000A90FAA0F01B0E000E43EA0020704733
:10EE80000131821DF8B5C9B20023012512F8010B2A
:10EE9000884216D312F8066C002405FA04F7E0B293
:10EEA00037421CBF01F1FF31C9B269B10134082CEE
:10EEB000F3D10133DBB2052BE8D199214620F1F7DC
:10EEC00081FC091AC9B2F4E700EBC300C0B2F8BD77
:10EED0000B6870B5C0F8013004460B79451C861DDF
:10EEE00003F01F0343710023C37215F8010B00F0F8
:10EEF000B1FC2871B542E37A1844E072F5D170BDD7
:10EF000081EA114189B270B50446C57A032682EAC6
:10EF10000100FFF7AAFF013E00EB001016F0FF060C
:10EF200001EB000290B2F4D141402522B1FBF2F393
:10EF300002FB1313C3F3C402D8B203F00703224445
:10EF40005678012202FA03F31E4207D16943204694
:10EF5000C1F30741BDE87040FFF792BF70BDF8B53F
:10EF600090F8215004466B1E242B56D8002A56D008
:10EF7000807D18B1012846D01F2019E094F8231095
:10EF8000012694F8223002FB03132522B3FBF2F191
:10EF900002FB1133DBB204EBD30284F82330D17DC2
:10EFA00003F0070206FA02F2114202D084F824307C
:10EFB000F8BDB3FBF5F205FB123304F11C01024668
:10EFC0000133D8B211F8013B834219D311F8067C02
:10EFD000002306FA03FCDDB21CEA070F1CBF00F198
:10EFE000FF30C0B220B905EBC20284F82420DFE76D
:10EFF0000133082BEDD10132D2B2052AE2D1BBE7B1
:10F00000C01AC0B2F7E7228904F11600096AFFF7B7
:10F0100077FF84F824000020CAE71220C8E71046D2
:10F02000C6E7114004D010F03F0018BF0120704720
:10F03000084670470B68C0F803308B88A0F807308B
:10F0400070470B68C0F809308B88A0F80D30704706
:10F050000378890123F0400301F040010B43037062
:10F060007047037803F07F0343EAC11101707047D2
:10F070001F2A38B50546144603D9C1212A20F1F7C5
:10F08000A1FB06340930FCF703FE6C7038BD1F2A63
:10F0900038B50546144603D9E3212A20F1F792FB3F
:10F0A00006340930FCF7F4FD6C7038BD30B50378D8
:10F0B000024603F00F03032B40D0052B1FD1C37F63
:10F0C00090F82000034392F82100034392F82200B5
:10F0D000034392F8230020F01F0018432DD05378EB
:10F0E000222B0CD1B2F81930B2F81740907D41B103
:10F0F000B3F5506F05D940F607518B420ED9002069
:10F100001BE0991F40F67A4589B2A942F7D8411E03
:10F110000729F4D88342F2D9A342F0D3B2F81B30C6
:10F12000B3F5FA7FEBD2B2F81D0040F676430A3809
:10F1300080B298428CBF0020012030BD4078A0F101
:10F140000C0358425841F8E7F8B5C57804460E4616
:10F1500015F03F0719D0072917D8DFE801F0040F91
:10F1600018212A333D47017901222846FFF759FF2C
:10F1700000280CBF334605231846F8BD017902224A
:10F180002846FFF74EFF002870D10023F4E70179ED
:10F1900004222846FFF745FF0028F6D005234EE05D
:10F1A000017908222846FFF73CFF0028EDD005230F
:10F1B0003DE0017910222846FFF733FF0028E4D014
:10F1C00005232CE0017920222846FFF72AFF034679
:10F1D0000028D1D033461AE0017940222846FFF7B3
:10F1E00020FF03460028C7D0052308E0017940220C
:10F1F0002846FFF716FF00280CBF05230623202210
:10F2000021792846FFF70DFF08B11233DBB2102237
:10F2100021792846FFF705FF08B10333DBB2082246
:10F2200021792846FFF7FDFE08B10233DBB2042244
:10F2300021792846FFF7F5FE08B10133DBB202223F
:10F2400021792846FFF7EDFE08B10633DBB2012233
:10F2500021792846FFF7E5FE08B10633DBB2072E19
:10F260008AD11A1F9742B8BF002385E70523EEE72E
:10F2700070B50C46064611461D4624B940F2EB21F6
:10F280002A20F1F79FFAFFF75FFF10B94FF43B71A7
:10F29000F6E7031F2B443F2B02DD40F2ED21EFE7A1
:10F2A0002A4621463044BDE87040FCF7F1BCC378E3
:10F2B00003F03F0343EA8111C1707047C1F380033B
:10F2C00030B5C1F38014C1F340052344C1F30014E9
:10F2D00004EB44042344C1F3401404EBC40403EBE3
:10F2E0004403C1F300042C44C1F3C005134404EBF0
:10F2F00044042C4403EB440313F0FF031CBF01330D
:10F300000171C17818BFDBB221F03F0103F03F0467
:10F310002143C170591C41701AB104339B1A013A40
:10F32000C25430BD40787047037801F0030123F0E8
:10F3300003030B4303707047007800F0030070472D
:10F340000378490123F0200301F020010B430370EF
:10F3500070470078C0F3401070470B788370704797
:10F360001B2A08B504D940F263412A20F1F72AFA92
:10F3700042700330BDE80840FCF78ABCB0F80700D3
:10F380007047B0F809007047C172090A01737047ED
:10F39000B0F80B00704770B5B0F80730B0F80950FE
:10F3A000B0F805600479B0F80B0091B1B3F5506F77
:10F3B0000FD940F60752934218D8B5F5FA7F15D207
:10F3C0000A3840F6764380B298428CBF0020012074
:10F3D00070BD9A1F40F67A4192B28A4206D8621EE8
:10F3E000072A03D89C4201D29E42E5E70020EFE7BE
:10F3F0000B6843600B790372704743680B60037AB4
:10F400000B717047B0F809007047007970470B68BE
:10F4100043604B688360704743680B6083684B6050
:10F4200070470B888381704783890B8070470B6816
:10F43000C0F80E304B68C0F812307047D0F80E306C
:10F440000B60D0F812304B607047C0F81610704750
:10F45000D0F816007047FFF7DABFC1607047007937
:10F4600070470171090A417170478171090AC171C0
:10F4700070470172090A417270478172090AC172AC
:10F48000704780887047C0887047008970474089FE
:10F49000704703891A2B0DD94389B3F5A47F09D38B
:10F4A00083881A2B06D9C088B0F5A47F34BF00200A
:10F4B0000120704700207047043001F1200351F80B
:10F4C000042B994240F8042BF9D10B880380704734
:10F4D00038B515460446FFF7EFFF2B68C4F8263011
:10F4E0006B68C4F82A3038BD037913F0070305D0E0
:10F4F000407910F0070018BF012070471846704788
:10F5000001717047007970474171704740797047C9
:10F51000C08870470279437902F0070203F00703BD
:10F52000511E0A40591E0B4013430CBF01200020FE
:10F530007047017170470079704741717047407999
:10F540007047FB2908B504D940F646012A20F1F797
:10F5500039F9417008BD037843B1406890F8D23161
:10F5600023B1002380F8D231F3F77CBB704708B594
:10F57000017A19B101290DD0002008BD03680221CC
:10F58000C2888088F5F7ECF80028F6D1F5F7EAFA9A
:10F590000120F2E70368C288F3E702230B7001231E
:10F5A0008B707047F5F762BA10B521B94FF40F713F
:10F5B0001020F1F707F94A600B72EFF3108472B66E
:10F5C000031D0B6042681AB1127A012A08BF03605A
:10F5D00003681960016004B962B6BDE81040F5F730
:10F5E0008FBA0222F5F7ACBA0322F5F7A9BA0422C2
:10F5F000F5F7A6BA0222F5F7E7BA14230B706FF4F9
:10F60000A47318440388A1F80330B0F84030A1F87F
:10F610000530B0F84430A1F80730B0F84230A1F816
:10F620000930B0F84630A1F80B30704708B5CB1E52
:10F63000012B04D8800100F5747080B208BD012947
:10F6400002D10E30C000F8E7022902D10F3080004D
:10F65000F3E740F286210620F1F7B4F830B587B021
:10F6600004460D46F5F7D6F890B3A4F5A97469469B
:10F6700024882046FEF7DEFD18B1D7212C20F1F7B3
:10F68000A1F8BDF8063003A8ADF80C40ADF80E3077
:10F69000BDF80830ADF81030BDF80230ADF81230CA
:10F6A000BDF80430ADF81430FEF7A2FD08B1E0213A
:10F6B000E4E78DF80C009DF80C308DF80D0000206B
:10F6C00063F307009DF80D3063F30F2007B030BDE2
:10F6D0002B46372203F8032BD4F80920C5F8032062
:10F6E000D4F80D205A60B4F811201A8104238DF843
:10F6F0000C30E0E740687047033901298CBFC08AAD
:10F700004FF42960704770B590F86C608D88033EA7
:10F710000C89012E04D943B11678033E012E04D87A
:10F72000B5F5296F38BF4FF4296590F86D60033E39
:10F73000012E04D943B15378033B012B04D8B4F50F
:10F74000296F38BF4FF42964CB884A88A0F8583015
:10F75000A0F85420A0F85650A0F85A4070BD8383FA
:10F76000BDF8003001834283C383704738B5CB1E98
:10F770000446012B10D9C38B458C9D4228BF1D46E2
:10F78000207AFFF753FF6389AB4228BF2B4698428C
:10F7900038BF184680B238BD4FF42965F0E7F7B599
:10F7A00006460C46B0F8400011461F460192FFF78E
:10F7B0003DFF0546019906F13400FFF7D7FFA84247
:10F7C0003946A7F1030728BF284685B2B6F8480096
:10F7D000FFF72CFF012F8CBFB6F84A304FF4296396
:10F7E000984228BF184683B2A01D2B4480B218440B
:10F7F00003B0F0BD90F8763090F86C20002B90F8B4
:10F800006D3014BF4D219621FFF7C9BF90F87630B7
:10F81000002B70B50CBF96264D260C461546FFF7FB
:10F82000E9FF30442844A04294BF201A002070BD54
:10F8300038B50D460446FFF7DDFF2844A06338BD08
:10F84000006801F19C02904283BF401A9C38400836
:10F850000020704700F05503400800F055001844A0
:10F8600000F03303800800F03300184400F00F0369
:10F8700003EB101070474368002283F8862083F85A
:10F88000C220A3F8BE207047027843682AB9A3F8C3
:10F89000C420012283F8C62070470022A3F8C420A8
:10F8A00093F8C6200132F5E708B50378426813B92A
:10F8B00082F8C63008BD92F8C630013B5BB2002B1F
:10F8C00082F8C630F6DA52214A20F0F77BFF43680F
:10F8D00083F80B1183F80A217047A0F10B03042B66
:10F8E0000CD9A0F14403012B08D9A0F12103062B68
:10F8F00004D9A0F12F0358425841704701207047A6
:10F900004268936F10B513F0080408D143F0080360
:10F9100082F808119367FFF7B7FF204610BD01205A
:10F92000FCE738B505460C46B1F85810FFF799FDCD
:10F93000B4F812112846FFF798FDB4F85410284681
:10F94000FFF797FDB4F810112846BDE83840FFF7DF
:10F9500094BD10B5446894F88830073B012B07D953
:10F960000846FFF752FD072384F8890084F88830A1
:10F97000002010BD426892F88830073B012B84BFFD
:10F98000082382F888307047F8B5476804460D466A
:10F9900097F8876016BB0846FFF734FD6168A7F843
:10F9A0009802B1F89832B1F88020013B9B1A47F6D3
:10F9B000FD729BB2934207D92823204681F8A930D3
:10F9C000F5F70EFD3046F8BD01F29A212846FFF703
:10F9D00014FD63680B2283F88720F3E70126F1E723
:10F9E0000B46082203F8032BD0F80920C1F80320A6
:10F9F000D0F80D205A60427C1A720023CB707047F9
:10FA000043682DE9F04193F8875006460C46002DD7
:10FA100069D193F875102046FFF7BDFC074628B959
:10FA2000E1783046BDE8F041FFF76ABF7268B4F88C
:10FA30000D30B2F88010A2F89832C9430B4447F653
:10FA4000FD719BB28B4208D92823304682F8A93039
:10FA5000F5F7C6FC2846BDE8F0812046FFF78EFC8E
:10FA60006FF45063D6F80480C3189BB2062B8DBF89
:10FA700040F2E243A0F550604FF47A732F468CBFFA
:10FA800058435843C8F8A002237907B303EB830314
:10FA900003EB83039B00A8F89A32B4F80530FFB15A
:10FAA000642253432046C8F89C32FFF76AFCA8F84A
:10FAB000A40220467768FFF76BFC73680022A7F862
:10FAC000A60283F8AC220E2283F88720C2E7C3EB9C
:10FAD000431203EB820303EB83035B009BB2DAE781
:10FAE00040F2E242DDE70125B4E7F0B5476887B0B0
:10FAF000064608460C46FFF7CCFC0546E0B120461A
:10FB0000FFF7C3FC05902046FFF7BBFC049020469E
:10FB1000FFF7BDFC03902046FFF7B5FC0599009068
:10FB200007F13400DDE90332FFF719FE716838464A
:10FB300001F24911F5F776F8284607B0F0BD08B58F
:10FB4000436893F886201AB126214520F0F73AFE43
:10FB50001E2283F8862008BD38B54568044695F80E
:10FB600086301E3B022B0CD8FFF7BFFF18B10621D1
:10FB70006068F3F7F3F8002085F8C20085F8860086
:10FB800038BD0120FCE74268936FD90610B50446E2
:10FB900003D4B0214520F0F715FE990601D5B12117
:10FBA000F8E723F010039367FFF77EFE60680621F5
:10FBB000BDE81040F3F7D2B80B230B70D0F8093032
:10FBC000C1F8023070470B460C2203F8022BB0F844
:10FBD00009204A80C27A9A70704738B54368054652
:10FBE00093F8874034B1123C0B2C94BF08240124B5
:10FBF000204638BD93F88C20002AF9D0D3F8143170
:10FC000033B9FFF741FE6B68122283F88720EFE7D4
:10FC10000C220A21FFF75BFE6B683222284683F82C
:10FC20008720FFF731FEE3E708B5436893F88720A4
:10FC3000162A04D04FF4BD711F20F0F7C3FD012236
:10FC400083F8C720172283F8872008BD436893F8FC
:10FC50008720132A05BF14220020022083F8872062
:10FC60007047436810B593F887300446192B07D1C5
:10FC7000FFF71AFE63681D22002083F8872010BD5D
:10FC80000220FCE708B5436893F88720122A04D0C5
:10FC900040F2A3111F20F0F795FD012283F8C72041
:10FCA000132283F8872008BD08B5436893F887209E
:10FCB000172A04D040F2AB111F20F0F783FD192260
:10FCC00083F8872008BD08B5436893F886201AB1E9
:10FCD000C1211C20F0F776FD042283F8862008BDA0
:10FCE00008B50378426833B992F887305BB1C9210F
:10FCF0001C20F0F767FD936FD90701D4CD21F7E7FA
:10FD000023F001039367BDE80840FFF7CDBD0E2344
:10FD1000A0F5A0700B7003884B8070474368017892
:10FD200093F8862061B9052A08BF00224FF0000031
:10FD300002BF83F8B62083F8C22083F8862070477C
:10FD4000102AF1E738B50478456854B995F887303A
:10FD500053B9FFF799FD4CB9022385F88730204647
:10FD600038BDAB6F5B07F4D50124F8E7AB6F002417
:10FD700043F00403AB67F2E7037823B14268936F63
:10FD800023F004039367FFF78FBD08B5436893F82A
:10FD900086201AB170214B20F0F714FD0278002A5A
:10FDA0000CBF0522102283F8862008BD10B5D0E9CB
:10FDB0000D42A24206D38B8C121B498E05334B4356
:10FDC000934202D3012380F83E3010BD01230B7013
:10FDD00000238B7030F8CA3CA1F80330437A4B7192
:10FDE0004389CB8083890B81704710B5446894F8B0
:10FDF000C92092070ED494F886301BB1742140209C
:10FE0000F0F7E0FC0122A4F8BE3084F8862084F8E4
:10FE1000C22010BD037843B994F887300BB9FFF7BF
:10FE200043FD002384F82A31F3E7A36F9B07F8D53D
:10FE3000FFF73AFDA36F23F00203A367F1E710B5C4
:10FE40000B7901284C790A6843EA0421104608BF5F
:10FE500041F4803110BD07B5FFF7F1FF0DF1070246
:10FE6000F5F73AFD03B05DF804FB0B46062203F8F4
:10FE7000032BB0F80920A1F80320C27A9A707047CA
:10FE80000B46172203F8032BD0F80920C1F80320F2
:10FE9000D0F80D205A6070473B2301F8033B00F176
:10FEA0000903293053F8042B834241F8042BF9D17C
:10FEB0001B880B807047F0B50646BDF814C001F5ED
:10FEC000A571D92E35460CF001070CF0020028BFB1
:10FED000D9253035ACB2FF2C28BFFF241CF0030F0E
:10FEE00000F0AF8048B3042A21D0032A22D0022A8E
:10FEF0000CBF4FF496744FF414740C44D11EC9B265
:10FF00009C34022934BF282000200129044440D811
:10FF100004F535649834002F48D0042A40D0032AD1
:10FF200041D0022A0CBF6421C0210819F0BD41F262
:10FF3000D024E2E740F2CE54DFE783B1042A08D0B0
:10FF4000032A09D0022A40F6480408BF4FF485640A
:10FF5000D3E744F29024D0E741F2BE14CDE7042A5F
:10FF600005D10534A4B2A40104F5C874C5E7032A79
:10FF700005D10534A4B2240104F5BF74BDE7022AFB
:10FF80000BBF0B340A34A4B2A4B20CBFA400E4002B
:10FF9000B3E7022A0CBFB4204FF4B0700444B9E7B1
:10FFA0004FF4CA61C1E740F2AE21BEE793B1042A23
:10FFB0000AD0032A0BD0022A40F648000CBF4FF4A7
:10FFC00085610146601812E044F29021FAE741F29F
:10FFD000BE11F7E7F12E354628BFF125042A1ED1C0
:10FFE00005F1130080B2800100F5C8752819D92EDB
:10FFF0009CD9D93EF721B6B2002B57D0F636042A49
:020000040001F9
:10000000B6FBF1F64CD0032A4DD040F2725340F6C5
:100010009211022A18BF0B4603FB060086E7032A4B
:1000200005D11335ADB22D0105F5BF75DEE7022A06
:100030000BBF19351835ADB2ADB20CBFAD00ED0038
:10004000D4E78BB1042A09D0032A0AD0022A40F649
:1000500048000CBF4FF485640446B3E744F2902493
:10006000B0E741F2BE14ADE7042A05D10534A4B2CD
:10007000A40104F5C874A5E7032A05D10534A4B288
:10008000200100F5BF749DE7022A0BBF04F10B00AD
:1000900004F10A0580B2ADB20CBF8400EC0091E718
:1000A00044F2DA33B8E741F20833B5E7B6FBF1F3CF
:1000B000042ADBB21CD0032A1DD040F2725140F654
:1000C0009214022A18BF214601FB0300C3EB43111F
:1000D000C3EBC103F61AB3B2002B3FF427AF0833CA
:1000E000042A9BB20AD19B0103F21A4318441DE76C
:1000F00044F2DA31E8E741F20831E5E7032A03D1B7
:100100001B0103F54673F1E7022A0BBF9B00DB00DE
:1001100003F5BB7303F5CD73E8E78B8813F0180381
:1001200030B5054685B00C461FD1086820B940F2AD
:10013000CA312D20F0F746FB039300F091FA217CA1
:10014000F5F7DAFCA2880146039B00922846627C00
:10015000FFF7B1FEA430D4E90223824273F1000319
:100160002CBF0120002005B030BD0120FBE738B5D1
:1001700013220B460C4603F8032B00F10902293029
:1001800052F8041B824243F8041BF9D11278022171
:100190001A700123A588A3712846F1F705F8B8B1B4
:1001A000E37863B10088F3F719FF02212846F1F7DD
:1001B00011F868B140F223212D20F0F703FBF3F78B
:1001C00099FD4B0404D52846BDE83840FDF78CBCAA
:1001D00038BD38B5CB690446104641F27072A3F5BC
:1001E0007A75954295BF4FF47A7240F2E242B3FBC2
:1001F000F2F3B3FBF2F398BF03F5506304F1A002EE
:100200009BB2A4F8AC308B8CA4F8AE30CB8CA4F8A5
:10021000B03091F8C03184F8B230637F63B394F8A2
:100220006830012B28D194F86E3003F0C003402BC6
:1002300022D1D4F86930C4F8A030B4F86D3093807E
:100240000828236A04F1A6019A7803F1030584F8CB
:10025000992004F19A02D3F8033018D0C4F8A630DC
:10026000AB888B8004F19901F4F78AF840B940F625
:1002700097312D20F0F7A6FA0023C4F8A030DEE76E
:1002800094F8993043F0020384F8993038BDC4F8EB
:100290009A30AB8893800023C4F8A6308B80F5E7B2
:1002A0000B46162210B503F8032BD0F80920C1F82D
:1002B0000320427B1A71CB78BBB130F8B43C1B07EA
:1002C00013D4B1F8054002212046F0F76DFF60B16C
:1002D0000088F3F783FE02212046F0F77BFF20B170
:1002E00040F263212D20F0F76DFA10BD0121F5F7E2
:1002F000AFBFFFF7FBBF08B590F894300BB10120FA
:1003000008BD90F8CC30002BF9D190F8BE3003F046
:10031000FF00002BF4D0F3F7CBFC80F00100C0B25B
:10032000EEE730B54FF4B47285B00D4600210446B7
:1003300000F08EFFFF2323701323638042F21073BB
:10034000E384F1F73BF800220146E0646846F1F7E8
:1003500079F800220121E06CFDF7B4F80422E16C89
:100360006846F1F76FF80022E06C1146FDF7AAF835
:1003700004F13000E57400F023F902A8F4F786F9DF
:1003800020B940F206312D20F0F71CFA02A904F141
:100390003600FEF79DFD05B030BDFF23C86C0B7025
:1003A000FDF75DB80078FF3818BF01207047F7B53A
:1003B000044630300E4600F053F961880746CA06FD
:1003C00005D52822F6F77CFB6D3003B0F0BD8B0716
:1003D000E06C0FD5FDF712F9054621793846F5F79F
:1003E0008BFB638801466279009328463346FFF70A
:1003F00062FDE9E7FDF7F2F8EEE7034608465A88A2
:1004000012F0180F30B587B010D103F13001ADF8FC
:100410000420D3E902459B8800916946ADF810306D
:10042000CDE90245FFF779FE07B030BD0120FBE7BB
:10043000D0E902017047007D003818BF01207047E5
:100440000B68C0F816308B8843830123037770470D
:10045000438813F0100005D013F0040F14BF0020E0
:100460001F2070479A0704D4DB0701D4F0F7D2BFEE
:10047000EE20704708B5FFF7EBFF003818BF0120EA
:1004800008BD0023A0F8483043881D2B08BF002179
:100490004174704790F913007047408800F00100E4
:1004A00070474088C0F3400070474088C0F3C000E8
:1004B000704710B54488C06CE30654BFC4F34004D1
:1004C0000024FDF782F8002C08BF012010BD4088F1
:1004D000C0F3001070474088A0F10903584258410A
:1004E00070474079C31E012B05D8B1F86A30012B43
:1004F0000CBF03200420704710B50446F4F716FC27
:10050000C0F30B00A042F9D010BD10B50446F6F7B9
:10051000E7F900212046F5F79BFE2046BDE8104094
:10052000F5F76EBB90F8683001624B72D0F8693015
:10053000C1F80A30B0F86D30CB8170477047F5F7DD
:1005400037BC80F888107047FF2380F88B307047E5
:1005500080F8241080F825207047C0F34002C0F3D3
:10056000800300F00100134418447047022808B5C6
:1005700007D0042807D0012807D039212E20F0F712
:1005800021F9262008BD2720FCE72520FAE78378FB
:1005900013F0010202D0C178C9070DD5990702D521
:1005A000C27892070AD513F0040205D0C37813F07D
:1005B000040F14BF00220422104670470222FBE7FA
:1005C0000023C0F80230012343700370704781702C
:1005D000704710B54270144601708078FFF7BDFF78
:1005E000484304FB00F2FE2A03DD5C212E20F0F7D5
:1005F000E9F810BD0023C37043710371704710B553
:100600000446FFF7C4FF637962780133DBB29A4294
:1006100063710CD1E3780022A17803436271DBB2ED
:100620009942E37001BF2379E27001332371BDE881
:100630001040FFF79BBF38B504468078FFF78DFF69
:100640000146E078FFF789FF2378227965789B1AC5
:100650006B4359436379C91A00FB1510C0B238BD0A
:10066000014608B58078FFF778FF4A780B78534346
:100670005843C0B208BD40F2EE20704740F25A33F2
:100680005843704708B5436893F88720172A04D069
:1006900040F20A513120F0F795F81B2283F88720A9
:1006A00008BD08B5436893F88720322A06D1002296
:1006B00083F88720BDE80840FFF7F6B8172A03D172
:1006C0001B2283F8872008BD40F21F513120F0F72C
:1006D00079F8037D63B9C37B90F85000A3F1110250
:1006E000032A05D928B11D2B8CBF0020012070479B
:1006F00001207047037D63B9837B90F85000A3F11C
:100700001102032A05D928B11D2B8CBF002001201E
:10071000704701207047034613B50E3B10465268E0
:100720000C4692F88610092B42D8DFE803F0054109
:100730004141104118414128042905D10190FFF79A
:100740009AF80198F4F7FCFF002002B010BD1029C0
:10075000FAD1002102B0BDE81040FFF7DFBA1E2930
:10076000F2D10190FFF787F80198002CECD0426895
:1007700092F8D83023F0200382F8D830E4E792F8DA
:100780008730242BE0D10024019082F88740FFF7C6
:100790008BF80198436893F82431012B03D121464B
:1007A000F3F7DCFA01984368002283F82421CBE7B1
:1007B00040F237213120F0F705F837B542680D4691
:1007C0000446084692F8D83043F0040382F8D83043
:1007D000FEF7B5FE01902846FEF7ADFE22460199D0
:1007E00003B0BDE83040F6F737BB38B50C460546D8
:1007F000D1E90501F0F788FD94F81C0220280BD000
:10080000FAF708FF94F81C02FAF77CFB20B940F6CF
:1008100082013120EFF7D6FF0F212846F0F7DAFCEE
:1008200010212846F0F7D6FC28461121BDE83840B3
:10083000F0F7D0BCF1F704BB0022A0F8862080F8C6
:100840008A2090F8D33113B10221F2F787BA03213D
:10085000FBE738B50446084694F8883213B10C25F6
:10086000284638BD94F88730163B012BF7D894F80A
:10087000B83203F0FF05002BF1D191B194F8EE31BD
:1008800023B940F6E5113120EFF79CFF052304F171
:10089000F00204F5EF7100F01FFC012384F88832A8
:1008A000DEE70223FAE7F4F7FFBA70B50E4604213B
:1008B0000546F0F779FC044648B906212846F0F7CA
:1008C00073FC20B116B190F8BD3003B90446204640
:1008D00070BD037C0BB900207047037C012BFAD05C
:1008E000007C073818BF0120704708B5027C012A38
:1008F000D3B204D0FFF7EDFF00F0010008BD1846A9
:10090000FAE71D2310B50446C370F3F71FFA2071F0
:1009100010BD1E2310B50446C370F3F717FA2071FB
:1009200010BD01234380038000238380C3804FF4E4
:100930004863038170471021F0F736BC73B56946F0
:100940000546FEF7F1F9044618B11F215420EFF7D0
:1009500039FF2846019EFFF7EEFF28B10123738679
:10096000848144810482C48102B070BD00230122CD
:1009700003804380038143814FF44863C2808280B7
:100980008381704708B5F8F745F9F7F757FEF7F791
:10099000E7FBBDE80840F7F7BDBCC82108B5F7F78D
:1009A00075FC022807D1013911F0FF01F7D1EF21C1
:1009B0003B20EFF707FF431E5842584108BD10B5D2
:1009C000F8F758F90446FAF7ADFA201841F100019A
:1009D00010BD19B943780BB1C3788370704710B557
:1009E00004460846F8F7D8FD4FF47A73B0FBF3F0ED
:1009F000201A10BD10B504460846F8F7CDFD4FF497
:100A00007A7300F2E730023CB0FBF3F0201A10BD1D
:100A100008B5FBF7E9F8BDE8084000F036B870B556
:100A2000841A0E46154659B204F3070460B2F8F76B
:100A300083FF002330702844737040B270BD0023E0
:100A4000036070477047002070474FF0FF307047D9
:100A50004FF0FF30704770474FF0FF307047002075
:100A60007047002070470023037070470022FFF793
:100A7000D6BF002070474FF0FF3070474FF0FF3077
:100A800070474FF0FF30704770477047F8F782BFEC
:100A9000704738B5054691F827000C46FAF732FA48
:100AA00018B9E7216A20FAF7A5FE00230921284694
:100AB000A38484F82630236A984718B103780BB1D1
:100AC000EB21EFE738BD426808B5034611441A78B8
:100AD000A1F196005960012A06D1FAF7BFFC40B98E
:100AE000CB216A20FAF786FEFAF7B8FC08B9D021C4
:100AF000F7E708BDF8B504460E4619B9012384F896
:100B000029303BE00D78032DF8D8DFE805F03902F5
:100B100012154868C72802D800252846F8BD0421C8
:100B2000FAF710FD0028F7D171682046FFF7CBFFD8
:100B3000F3E7F9F75FFBF0E790F82470F7B94D6839
:100B40002846F9F72BFB0028D8D02B78D3B90122FF
:100B500022702B79003B18BF012363726B79002B45
:100B60000CBF022304232372AB68A5336360EB68D8
:100B700084F825202361032384F82630F9F73AFB13
:100B80000225CAE794F82630052B04D040F28F11D5
:100B90006A20FAF72FFE27702B7994F82700003B84
:100BA00018BF012363726B79002B0CBF022304234F
:100BB0002372EB68A968A5336360D4E906325B1839
:100BC00042EBE1722146C4E90432042384F8263062
:100BD000FAF710FA0028D1D140F29111D8E738B5D0
:100BE000044620B940F2A9116A20FAF703FE90F8F2
:100BF0002850072900F2D980DFE801F0043333637D
:100C00006D77907E90F82630033B012B02D94FF48C
:100C1000DA71E9E7052390F8241080F826300023E4
:100C200080F82930C9B9FFF74EFF2378012B0FD187
:100C3000FAF778F9C4E90601236A002128469847A3
:100C400001462046FFF756FF022840F0B18038BD2C
:100C5000D4E90423C4E90623EEE7BDE83840F9F7F8
:100C6000C9BA90F82630DA1E012A02D940F2D5110D
:100C7000BAE790F824202AB121462846BDE838403A
:100C8000FFF707BF042B0CBF02230123012980F8C3
:100C90002630036A0AD10521284698470028D6D075
:100CA0000378002BD3D04FF4F5719DE70621284639
:100CB00098470028CBD00378002BC8D040F2EF1122
:100CC00092E790F82630052B02D04FF4FB718BE7AA
:100CD000036A0221B2E790F82630052B02D04FF4C8
:100CE000FE7181E7036A0121A8E790F82630052B01
:100CF000B3D040F2022177E790F82630052B02D0DE
:100D000040F2072170E7036A0A2128469847014606
:100D10002046FFF7EFFE40F20A2165E790F8263003
:100D2000052B07D090F825200AB1032B02D040F202
:100D30000E2159E794F82420002A9DD194F82930F7
:100D400093B102230821284684F8292084F826300C
:100D5000236A984700283FF47AAF0378002B3FF4CA
:100D600076AF40F21A213FE794F8252062B1214680
:100D700094F8270084F82530FAF73CF900287FF42E
:100D800066AF40F21F212FE702230721284684F88F
:100D90002630236A984700283FF459AF0378002B88
:100DA0003FF455AF40F226211EE740F22B211BE70E
:100DB00020B1012805D1236A04213FE7236A0321DA
:100DC0003CE74FF40F710FE770B50024F9F75EFAB6
:100DD00005462646E0B2854200D870BDF9F75CFAB8
:100DE0000134868480F82660F4E7F8B504460D46A1
:100DF0000027F9F74BFA0646F8B2864204D8082DC8
:100E00000CD96FF0150008E0F9F746FA90F8263093
:100E10000137002BF0D04FF0FF30F8BD2CB1294640
:100E20002046BDE8F840F9F743BA21462046F8E7E6
:100E300038B50546F9F730FA014688B190F82440F4
:100E40008CB990F8263073B1013B012B04D82846A9
:100E5000FFF71FFE204638BD012380F82430F9E754
:100E60006FF00100F7E76FF02200F4E770B50D4670
:100E7000F9F712FA0446002848D090F82660731E4D
:100E8000012B49D8002D44D02846F9F787F90028CE
:100E90003FD02B78FBB9012323702B79003B18BF7F
:100EA000012363726B79002B0CBF0223042323728E
:100EB000AB68A5336360EB6823610323214694F894
:100EC000270084F82630FAF795F840BB4FF42F71CD
:100ED0006A20FAF78FFC022E1ED1002323702B7993
:100EE000003B18BF012363726B79002B18BF0426E7
:100EF0002672EB68A968A5336360D4E906325B18F3
:100F000042EBE172C4E904320423D7E76FF0010039
:100F100070BD6FF01500FBE76FF02200F8E70020CE
:100F2000F6E7F9F763BA08B50020F9F767FB012087
:100F3000F9F764FB0220BDE80840F9F75FBB70B524
:100F40008368D0E90052D1E900465B1942F1000202
:100F50009C4276EB02030DD30B7B012B0CD0037B61
:100F6000012B09D1641BF9F7A5F88442B4BF002016
:100F7000012070BD0020FCE70120FAE72DE9F843CD
:100F8000B2F808801C4692F80090054698FA98F846
:100F90000F46164600211022184600F059F9A4F811
:100FA0000C8084F80E90B9F1000F13D115F11C00DC
:100FB000D6E9042347F10001824273EB010133BFFC
:100FC0004FF47A73C4E900237368C4E90057A3603F
:100FD000BDE8F883224628463946F9F761FD736873
:100FE0002A46A3603B46C4E9000121463069F9F76F
:100FF000D1FD0028ECD1C4E90057E9E70020704793
:1010000010B5029C201841F10001801A61EB030128
:10101000B0F1004F71F1000304DB4FF4DE610120F9
:10102000FAF7E8FB10BD01F11003013813F8012DA8
:101030008B4200F8012FF9D170472DE9F04713F0EA
:10104000010F8EB004460D4617469A46DDE9168913
:1010500013D006A8FFF7E7FFA30724D002AA04F1E4
:1010600010052068083454F8041C1346AC4203C32E
:101070001A46F6D106AD02AC16E013F0040F0DD1FE
:1010800006AB0E4601F1100C1D463068083656F8C6
:10109000041C1A46664503C21346F6D1214602A82F
:1010A000FFF7C1FFE7E706AD1AF0020F4346CDF8A0
:1010B00000900BD0294620460AAAFAF733FC0AA969
:1010C0003846FFF7B0FF0EB0BDE8F0873A46294634
:1010D0002046FAF727FCF6E713B50024CDE90044D3
:1010E000FFF7ABFF02B010BDFAF732BD002070472A
:1010F00000207047002070470020704720BF7047D5
:1011000020BF70479142F8B503D373219620FAF7B8
:1011100071FBB2FA82F33BB1C3F1200499409A40CB
:1011200020FA04F4984021434FEA124C93B2040C85
:1011300087B2B1FBFCF50CFB151E05FB03F64FEA6D
:101140000E4E0EEB1040864205D9361A96428CBFE1
:1011500002260126AD1B04EB0141280405FB1211F8
:10116000B1FBFCF40CFB1411634307EB01418B4210
:1011700005D95B1A93428CBF02220122A41A204394
:10118000F8BD2DE9F0411D4607460E46144652EAC9
:10119000050303D1CA219620FAF72CFB85B99142A9
:1011A00004D2FFF7AFFF2946BDE8F0810846294683
:1011B000FFF7A8FF05462246384604FB1561F0E715
:1011C000B5FA85F8B8F11F0F01DDE721E3E7012348
:1011D000400803FA08F3C8F11F0840EAC670A3FBF1
:1011E0000212710803FB0522FFF78CFF30FA08F0AA
:1011F0004FF0000102D0013861EB010100FB05F363
:10120000A0FB042C04FB0133BF1A634466EB030606
:10121000A74276EB0503C7D3013041F10001C3E7D4
:10122000431A934200EB020310B508D3013902467A
:101230009A4207D011F8014F02F8014BF8E70A442F
:101240008A4200D110BD12F8014D03F8014DF7E7B5
:1012500070B5C9B20446A30711D141EA012396082B
:1012600043EA034522F0030323449C420DD16FF06F
:10127000030404FB06221A44934209D170BD002ADC
:10128000FCD0013A04F8011BE5E744F8045BECE705
:1012900003F8011BF0E700280CBF6FF015000020D9
:1012A000704700207047072303700020704700201C
:1012B000704700207047034611F8012B03F8012BFB
:1012C000002AF9D17047034613F8012B002AFBD1FD
:1012D000181A01387047000008B5094BD3E8AF3F32
:1012E00043B1F8F7CFFE04A1D1E90001BDE8084001
:1012F0000FF06ABD08BD00BF389C1C000000000054
:10130000D06C00200000000037B50024164D6FF0AF
:1013100009034FF4806228461449009417F00AFB31
:101320001349284621F02FFC1249134817F074F98D
:10133000224604211C2004F079FE01220F4BD3E841
:10134000EF1FC3E8E02F0028F9D105A1D1E9000182
:101350000FF03AFD204603B030BD00BFAFF3008070
:10136000389C1C00000000000842002048F30020C8
:1013700025DC03008D0D0200046D0020D06C0020E0
:101380002DE9F0432DED028B10EE100A83B0B0EE84
:10139000408AFAF78BFE06460F4667A1D1E90001A5
:1013A00018EE104AFBF714F9C4F30A55C0F30A50BB
:1013B000A8424FEA145825D932463B4630463946B2
:1013C000FAF7CCFE02460B46B5F5667F43EC112BCF
:1013D0000DD218F4FF6F03D1FBF7FAF80190019BCF
:1013E000B0EE480A03B0BDEC028BBDE8F0830021EB
:1013F00047EC106B4E4803B0BDEC028BBDE8F043E8
:1014000022F0DCBD40F22E439D423BD8484D304691
:10141000D5E908233946FAF7A1FEFBF7B1F800F544
:10142000000424162046FAF72FFED5E90A23FAF71E
:1014300095FE02460B4630463946FAF7D7FC04F0D3
:10144000030305EBC30314F0020FD3E9008905F190
:10145000700318BF1D4602460B4606460F46FAF7B4
:101460007DFE324641EC180B3B4640464946FAF7B2
:1014700075FE41EC100B21462846B0EE481AF0EEFE
:10148000681AB8E7B5F5FF6F44D22A49C4F3836000
:1014900001EB8002C4F31603C4F3C25551F82010C7
:1014A00043F40003106AAB40A0FB03505943126998
:1014B000E3FB020101F100539D0F03F04043C91A01
:1014C000FAF71EFE18A3D3E90023FAF747FE05EB4F
:1014D000D474174B04F0030203EBC20214F0020FA2
:1014E000D2E9008903F1700214BF14461C4602467B
:1014F0000B4606460F46FAF731FE324641EC180B12
:101500003B4640464946FAF729FE41EC100B294676
:101510002046B2E7B0EE480A03B0BDEC028BBDE84E
:10152000F0431DF075B800BF182D4454FB21193C41
:1015300078580300E48E0300182D4454FB21E93F42
:1015400013B5012442688C40126814420ED10D4933
:1015500040F20E630C4A0D481DF040FD0C481DF092
:101560003DFD40F20E6108481DF02FFD836801A982
:101570005B68984720B9019B1C4214BF01200020E2
:1015800002B010BD13910300E290030051910300DB
:101590006E910300F8B5044600AF21F067FB4FF4ED
:1015A0007A75A0FB050647F6122205FB01610023B0
:1015B000FBF75EF8114BD3E90062851B61EB020279
:1015C000B5F5C87F72F1000216DB6D4688B06A4639
:1015D000C3E900010A4BC2E905344FF40073938359
:1015E000084B42F8103F00234FF4E651064803F041
:1015F000A9FCAD4601F05EFBBD46F8BDF020002021
:101600008091030003000001704E03000A4B1B6829
:10161000834208D1910502D50848FFF7BBBFD20528
:1016200009D50748F9E7074B1B68834203D1D30666
:1016300001D50548F1E77047F8460020AA9103005C
:10164000C0910300FC460020D691030007B50B882B
:101650008A88032100920348034A1DF03EFF03B02D
:101660005DF804FB704E0300EC91030070B5037845
:101670008AB004460E4607AD032B20D8DFE803F0FE
:1016800002191B1D11492846FFF715FE05956378C1
:101690001E210493A37830460393E3780C4A029307
:1016A0002379019363790093A3791BF083FE0AB039
:1016B00070BD0849E7E70849E5E70849E3E70A217B
:1016C0002846074A1BF076FEE0E700BF259203009C
:1016D000479203002C920300339203003D920300D3
:1016E0006DD4030070B5D0E901539C69DCB10123CE
:1016F0002A688B4013420ED10B4940F292330B4AB9
:101700000B481DF06BFC0B481DF068FC40F2923159
:1017100006481DF05AFCA446BDE870404FF0007327
:101720004FF0A072604770BD13910300E290030078
:10173000519103006E910300034610B50A461979D2
:101740000123006803FA01F1436804691B68194228
:101750000ED10E4940F28C630D4A0E481DF03EFC3E
:101760000D481DF03BFC40F28C6109481DF02DFC3A
:101770002368194218BF82F0010222B18368DB6836
:10178000BDE81040184783681B69F9E7139103000F
:10179000E2900300519103006E91030013462DE97E
:1017A000F041D0E9014712F0FC6F06690ED04249C2
:1017B00040F2DE33414A42481DF010FC41481DF022
:1017C0000DFC40F2DE313D481DF0FFFB02F030021F
:1017D000302A0CD13C4940F2E133384A38481DF0F8
:1017E000FDFB3A481DF0FAFB40F2E131EBE7384AE5
:1017F000384D1A40AA420CD1374940F2E5332F4AFE
:101800002F481DF0EBFB35481DF0E8FB40F2E531B9
:10181000D9E703F00602042A09D131494FF47A735B
:10182000264A27481DF0DAFB4FF47A71CBE713F410
:10183000402216D09D030CD42A4940F2EB331F4AB4
:101840001F481DF0CBFB28481DF0C8FB40F2EB31D0
:10185000B9E7B2F5402F18D0244A9A4301D183F456
:101860004023012524688D40254223F4801219D19C
:101870001F4940F2FB33114A11481DF0AFFB1D48D0
:101880001DF0ACFB40F2FB319DE71B4940F2EF330A
:101890000A4A0B481DF0A2FB18481DF09FFB40F2BE
:1018A000EF3190E73468DB074CBF2C43AC43346026
:1018B0003B68BDE8F04118476A920300E2900300DC
:1018C00051910300C7920300EB920300249303009D
:1018D000020003000200010061930300A8930300CB
:1018E000F79303002A940300709403000100100092
:1018F000139103006E910300AB940300EC9403007A
:1019000007B50B784A78032100920348034A1DF07B
:10191000E4FD03B05DF804FB704E0300189503006E
:101920002DE9F0418CB002AF3D4602261E4C0FCC93
:101930000FC5D4F800803246C5F8008038461B4BEE
:101940001B49009608F076F9B8B96C4688B002AA2F
:10195000184B5361184B93614FF400739383174BEB
:1019600042F8103F00234FF4E651154803F0EAFA1D
:10197000A5462837BD46BDE8F0817830F9D007F19B
:101980001405103C08F08AF90FCC0FC53246C5F893
:101990000080064B0649009607F1140008F04AF94A
:1019A0000028D2D0E5E700BFE04E030058590300FD
:1019B00068590300359503005495030003000001A6
:1019C000704E03002DE9F041002588B000AF0E46AF
:1019D00004461EF03BFC3946FFF748FE174BE8462D
:1019E0008AB06A461D70164BD661C2E905374FF4BE
:1019F00000731384134B42F8103F13482B464FF4E7
:101A0000135103F09FFA1148C5461CF0CEFF18B1E0
:101A100029460F48FFF790FE0E481CF0C6FF18B18C
:101A200000210D48FFF788FE204600F037FDFFF744
:101A300077FF2037BD46BDE8F08100BFC87B00209E
:101A40006895030004000001704E03002C4303005E
:101A50008059030014430300785903002DE9F04135
:101A60000C4688B000AF05461EF0F0FB3946FFF784
:101A7000FDFDBCB16D468AB06A461B4BD761C2E919
:101A8000053440F201331384184B42F8103F002311
:101A90004FF41151164803F055FAAD462037BD46B4
:101AA000BDE8F0810126134BE84688B06A461E70F7
:101AB000114BC2E905374FF4007393830F4B42F883
:101AC000103F0B4823464FF4E65103F03BFA0C4815
:101AD000C5461CF06AFF18B131460A48FFF72CFED4
:101AE000284600F0C5FCD9E78D95030004000001ED
:101AF000704E0300C87B0020B09503000300000176
:101B00002C4303008059030010B5044605481CF01F
:101B10004CFF28B12146BDE810400348FFF70CBE3A
:101B200010BD00BF14430300785903002DE9F041B4
:101B30000321704A70481DF0BDFC03216F4A6E48B6
:101B40001DF0B8FC03216E4A6B481DF0B3FC6A48D7
:101B50000321684A1DF0AEFC6A481CF026FF28B13C
:101B60004FF4B01209216748FFF718FE66481CF0D1
:101B70001CFF654D28B14FF4B0120A212846FFF72B
:101B80000DFE624C624B2560624D5F482B601CF07D
:101B90000CFFF8B1604A20680921FFF7FFFD2068BB
:101BA0000921FFF79FFD5C4A20680821FFF7F6FD39
:101BB00020680821FFF796FD5849594B20684B6073
:101BC0004FF440738B601CF0F2FE0321554A4A48E3
:101BD0001DF070FC2868C0B11CF0E7FEA8B14E4AA9
:101BE00028680421FFF7DAFD28680421FFF77AFD51
:101BF0004D494B4B28684B6010238B601CF0D7FE7F
:101C000003214A4A3C481DF055FC00F0D5FE00F087
:101C1000B9FC00F00DFE20B90321454A36481DF0FD
:101C200049FC00F0AFF9034620B10121414A324896
:101C30001DF049FC01F006F800F00EFC002007F052
:101C4000AFF9064600284CD103213B4A2A481DF033
:101C500031FCFFF765FE002141F2502017F0EEFF46
:101C600001F01EF8354FDFF8E8800A2640F21B60CD
:101C7000002117F0E3FF206850B11CF096FE38B148
:101C800009212068FFF75CFC18BB4046FFF782FC87
:101C9000286850B11CF089FE38B104212868FFF78C
:101CA0004FFC10B92648FFF775FC013EDED1254BED
:101CB0001B780BB9FFF734FE13481CF076FE28B1F1
:101CC00000F006FA01462048FFF736FD00F006FC5A
:101CD000CBE708212068FFF733FC0028D8D138462D
:101CE000D4E701210346194A03481DF0ECFB3046B6
:101CF000BDE8F081C6950300704E0300F99503001E
:101D00002C9603002C43030014430300F8460020E4
:101D1000FC420300FC46002010000100EC460020BD
:101D20000D1601005F960300E04600208E9603002A
:101D3000AC960300D89603001E970300C0910300E1
:101D4000D6910300C87B002078590300FF9603005A
:101D5000AA9103002DE9F7430321414A41481DF0B0
:101D6000A9FB414D414F424E002340F635420193BD
:101D70002846002301A915F0CDFA044618B1022027
:101D80001CF020FEF0E73B78DDF80480002B41D00A
:101D900000F01CFD00283DD0DFF8D8904FF4A07172
:101DA000484600F0D5FCB0F5A07F05D2C0F5A07282
:101DB0002146484421F081FF2E4A08F1020132F900
:101DC000023B28F8243021F824300134A02CF6D12D
:101DD0004FF4A071404600F01DFE30684FF42072B1
:101DE00083680199DB689847031E234C22DA02219D
:101DF000224A1C481DF067FB2846019915F016FB86
:101E000023782BB1032130681CF0D7FD0023237009
:101E10000520B5E74FF420720021019821F04DFF15
:101E2000154B1B78002BD8D12846019915F0FEFAE6
:101E30000A20A5E72178002996D130681CF0BDFD65
:101E4000034638B90123237003210D4A05481DF0CC
:101E500031FB89E702210B4A02481DF034FB83E77E
:101E600046970300884D0300D00B0020CB7B002059
:101E700014470020A8740020CA7B00205F9703004D
:101E80008A970300A19703002DE9F84FDFF8E8B027
:101E90000546DBF80000164600AF00285CD0DFF8EE
:101EA000DCA0182A9AF800300CBF4FF018094FF048
:101EB00010092B4C43B16368AB4205D16378022B08
:101EC00002D123784B4545D0DFF8B48098F8003034
:101ED0002BB103211CF071FD002388F800304FF076
:101EE0000008204A204B4FF42071A2F80080A36024
:101EF00002F8029D4FF47A734FF00209C4E903130C
:101F0000DBF8000084F801906560836801211B689C
:101F10009847041E09DA01212346144A14481DF08B
:101F2000D2FA2046BD46BDE8F88F01236C468AB040
:101F30008AF800306A460F4BC2E90796C2E90535B8
:101F4000052342F8103F4FF423514346084802F05E
:101F5000F9FFA5460024E4E76FF01204E1E700BFB3
:101F60000047002002470020D00B0020BF9703004D
:101F7000884D0300D897030014470020C97B002038
:101F8000CA7B002090B53048304C89B008AF206043
:101F900020F0CCFC2368E0B9CBB11B686C4688B05C
:101FA00022462B49C4E905134FF40073A383294B40
:101FB00042F8103F00234FF4E251274802F0C2FFDD
:101FC000A5466FF0120420460437BD4690BD234B52
:101FD000E4E76C461B68224688B02149C4E9051332
:101FE0004FF40073A3831B4B42F8103F00234FF4C0
:101FF000E651194802F0A6FF1022A54602214FF42F
:102000007A50FFF741FF041E06DA01212346154AE4
:1020100011481DF058FAD6E7002200230024CDE92C
:10202000062301234FF40062CDE90334CDE90144D6
:102030000D4B0E4900940E4816F074FF0D490C48E4
:1020400020F0A1FDBFE700BFBC4303001447002000
:102050001B98030003000001884D0300169803003D
:102060003798030055980300551D0100D8C0002083
:10207000F82000208098030008B5084B1B784BB16E
:102080000122074B1A7007480321074A1DF012FA74
:10209000002008BD6FF01500FBE700BFC97B0020E2
:1020A000CB7B0020884D03008B98030010B50024E3
:1020B000044B1C700321044A04481DF0FBF9204620
:1020C00010BD00BFCB7B0020A4980300884D030007
:1020D000014B1878704700BFCB7B002037B50F4D00
:1020E00004462A680E4B12B11A68824214D00022AC
:1020F00021461C6042F210700A4B00F017FE214688
:10210000286042F210701CF0E0FC0321009023468E
:10211000054A06481DF0E1F903B030BD184700201C
:10212000500600201C470020E3980300904D030058
:1021300001290CBF0122002280B50D4B00AF1A709F
:102140000C4A88B00C4B08BF13466A460B49C2E9DB
:1021500005134FF400739383094B42F8103F00239B
:102160004FF4E651074802F0EDFEBD4680BD00BFCA
:10217000CE7B00209C9803001E9903002799030042
:1021800003000001904D03002DE9F04F052B14468C
:102190001D4685B040F292801378012B029340F0E7
:1021A0009080B5F1060A6BD0917856780429D378DF
:1021B00004F10604B2F904206CD1434F3868FFF7EC
:1021C0008DFF42F2107039681CF07FFC431EB3F59E
:1021D000F07F80464CD2DFF810B1DBF80030002BE6
:1021E00046D03A4B1B7853B3394B1F78F71BFFB2DD
:1021F0007B1E032B23D84FF000093B460221354AB2
:1022000035481DF060F94FEA48030393029B0193A0
:10221000324B00930023DBF800001A46194600F009
:10222000BFFD2B4B03991A782C484A44D2B209F1CE
:10223000010900F007FA5FFA89F39F42E6D801230B
:10224000264F01930097002352462146DBF80000F9
:1022500000F0A6FD0346B8B9324638464FEA4801B9
:1022600000F0F0F91A4B01361E700123174A137063
:10227000FFF72EFF08B9FFF7FFFE0120FFF744FC30
:10228000284605B0BDE8F08F0221154A12481DF01E
:102290001AF9E7E701290DD1124F51462046009760
:1022A0001CF0E5FB0028E3D041003246384600F040
:1022B000C9F9DDE7324651462046F8E76FF00C00D9
:1022C000DFE76FF01200DCE750060020CC7B002037
:1022D000CD7B00203D990300904D0300E87700205E
:1022E00069990300E8750020184700202DE9F043A4
:1022F00083B015461C4602AF002B00F09280167882
:1023000003210093484A334648481DF0E6F8A6F1F9
:102310001003062B00F28180DFE803F0041D2E3548
:102320003C6C790000F062F90022414B1A70414B7D
:10233000186808B11CF0EEFBFFF79EFE0120FFF7C6
:10234000E3FB3D4A032139481DF0B4F82046043729
:10235000BD46BDE8F083FFF7A9FE00F047F9002273
:10236000334B1A70334B186808B11CF0D3FB0020B4
:10237000FFF7CAFB314AE5E7FFF798FE0020FFF7B9
:10238000C3FB2F4ADEE7FFF777FE0120FFF7BCFB18
:102390002C4AD7E7082CD9D9D5F8016095F80580E3
:1023A00095F80690E9792B7A6D468CB002AAC2E9BD
:1023B000091307232448C2E90789C2E9050642F840
:1023C000103F4FF463510023184802F0BBFD1F4B30
:1023D000AD4630461E60FFF781FE4A464146304614
:1023E000FFF752FD00F002F90022114B1A70FFF7BF
:1023F00043FEABE7012CA9D06D78284600F0F0FA37
:1024000003212B46124A09481DF05DF89EE7012C76
:102410009CD0687800F060FAE9E7022133460D4A63
:10242000F1E76FF00C0491E77F990300904D0300F2
:10243000CC7B002018470020AF990300CA99030005
:10244000E5990300FF9903001A9A03005006002043
:10245000569A0300699A030008B50321024A03480B
:102460001DF028F8002008BD899A0300904D030054
:1024700010B5074C23684BB907F098FF2060032183
:10248000BDE81040034A04481DF014B810BD00BF59
:1024900040670020AE9A0300904D030010B50B4C2E
:1024A0002368834210D108F06FF80023084A2360A4
:1024B0001370FFF7FBFD00F099F8BDE81040032111
:1024C000044A05481CF0F6BF10BD00BF406700205D
:1024D000CE7B0020D09A0300904D030010B51E4C17
:1024E00094B02068002834D01C4B187888B30AA810
:1024F00000F080F900210F220DF1010021F0DDFB39
:102500009DF834308DF8003000F07EFABDF8403090
:102510008DF80100ADF802300E9B0193129B0293DF
:10252000FFF7D6FD0023CDF81E30CDF82230ADF8F0
:1025300026300B4B8DF80C0004930A4B2068059352
:1025400010230DEB0301CDF818D0ADF81C300BF0C3
:10255000CDF914B010BD00BF40670020CE7B002035
:10256000CB0A00208859030002460B46014815F0AB
:1025700001BA00BF600C0020014815F0CBBA00BFC3
:10258000600C002070B500244FF480454FF0FF3000
:102590004FF0FF31FFF7E8FF0E4A0F4B2146136063
:1025A0000E4BC2E90244C2E90544D561546014618E
:1025B0001846242221F081FB094B40F8045C1C7072
:1025C000FFF7DAFF03212B46BDE87040054A0648B5
:1025D0001CF079BF6C670020D17B00204867002089
:1025E000CF7B0020089B0300484E030008B54FF046
:1025F000FF304FF0FF31FFF7B7FF00234FF480416A
:102600000B4AC2E902335360C2E905331361094A38
:1026100053609160137382F82430074A1370FFF7F8
:10262000ABFFBDE808400321044A05481CF042BF47
:102630006C67002044670020CF7B0020379B03009D
:10264000484E03002DE9F0470D461646804600AF80
:1026500000286BD0002962D04FF0FF304FF0FF31DF
:10266000FFF782FF324BDFF8E4901A78314C002AF2
:1026700059D099F800300133DBB2B34217D060690A
:10268000F21AEA46D1B28AB050FA82F262616A4620
:102690002948C2E90761C2E90503052342F8103F52
:1026A00000234FF42251254802F04CFCD546236903
:1026B0002A4601334146224889F80060236102F02E
:1026C0006BF88542064605D902212B1A1D4A1B4884
:1026D0001CF0F9FEE3691A4A33441169E361936817
:1026E00050695B1A5168D269091A521AA2606422B1
:1026F0005A4321686360B2FBF1F2227394F82420FC
:1027000052B9B3F5707F07D3012284F82420032146
:102710000D4A0A481CF0D7FEFFF72EFF3546284623
:10272000BD46BDE8F08701221A70C0E70546F6E70E
:10273000CF7B0020446700204B9B0300484E0300E2
:102740006C670020849B0300AD9B0300D07B0020BE
:10275000F8B50D460646002832D079B34FF0FF3069
:102760004FF0FF31FFF700FF2A463146154802F0CF
:1027700043F885420746144C0AD92A1A002130181A
:1027800021F09BFA238B01332383002384F8243028
:10279000236A0C4A3B4411692362936850695B1AAF
:1027A0005168D269091A521AA260642263605343C5
:1027B0002268B3FBF2F32373FFF7DEFE2846F8BD71
:1027C0000546FBE76C6700204467002010B54FF01A
:1027D000FF304FF0FF31FFF7C7FE054B5C68B4F5E3
:1027E000F07F34BF00240124FFF7C6FE204610BD51
:1027F0004467002038B50446B0B10C4D4FF0FF30AF
:102800004FF0FF31FFF7B0FE234605F128042A46BA
:1028100003CAA24218605960154603F10803F6D1B5
:10282000BDE83840FFF7A8BE38BD00BF44670020B0
:10283000F8B51648164D00AF286020F077F8154E11
:10284000044648B914480221144A1CF033FE6FF0C4
:1028500012003470BD46F8BD012333702B686C46FE
:1028600088B06A461B680E49C2E905134FF400732D
:1028700093830C4B42F8103F074800234FF4E65176
:1028800002F060FB0020A546E4E700BFA44303007C
:102890008C670020D1BB0020284E0300F09B030072
:1028A000409C03000300000130B40446084800784F
:1028B00048B108480068856814312D6801EB8441EF
:1028C000AC4630BC60476FF0120030BC704700BFB0
:1028D000D1BB00208C6700202DE9F04FADF5097DBC
:1028E0002F4B05461B7802AF002B55D02D4B186897
:1028F00083683A1D1C68A9041423A047044618B92C
:102900007A68294B9A420FD07B6802210093274AAC
:102910002B4627481CF0E1FD6FF00104204607F527
:102920000777BD46BDE8F08F6E46D7E902318AB021
:1029300002AAC2E9071305231E48C2E9050542F8A9
:10294000103FA146A24623464FF42351184802F0F7
:10295000F9FAB546FFF74AFEFE685FFA89FB002EDA
:10296000DCD0B6F5007FB04628BF4FF40078514662
:102970004346284607F11802FFF796FF09F10109BF
:102980000028CBD15A46414607F11800FFF75AFEFE
:10299000C244A6EB0806E0E76FF01204BEE700BFF2
:1029A000D1BB00208C67002035534E535E9C030042
:1029B000284E0300899C030064234FF40041044A1D
:1029C0001370044A11600321034A04481CF07BBDC4
:1029D0000F0B002090060020CA9C0300804D0300CE
:1029E000642828BF6420064B187042F2107310FB55
:1029F00000F0C003B0FBF3F0024B1860704700BF5B
:102A00000F0B002090060020014B1878704700BF84
:102A10000F0B00200A4630B4E8B1E1B10F49097844
:102A2000642918D0520011B930BC21F046B90C49C4
:102A30000C4C0D6847F6FF710244B0F900306B434F
:102A4000DB13A342B8BF23468B42A8BF0B4620F836
:102A5000023B8242F1D130BC704700BF0F0B002017
:102A6000900600200080FFFF07EE900A2DE9F04F4E
:102A7000F8EEE77A2DED088B9FED379A9FED377AC8
:102A800067EE897A0646C7EE879A00249FED348A5E
:102A90009FED34AADFED34AAADF5017D0D01AC4206
:102AA00005D30DF5017DBDEC088BBDE8F08FE84640
:102AB0002F1BB7F5807F28BF4FF48077C1469FED6D
:102AC0002BBA04EB070AA5F1F00B544511D1C7F559
:102AD00080720021520009EB470021F0EEF8244BF0
:102AE00048461A78511C19704FF40071FFF7AAFD7F
:102AF000D5E776B37F2C1FD807EE904AF8EEE78A29
:102B000068EE8B8AB0EE480AFEF73AFC20EE0A0A1D
:102B100038EE298A20EE280AB4EEC98ABDEEC00A32
:102B2000F1EE10FA10EE103A1BB201DB38EE498AD2
:102B300028F8023B0134C8E7A3453DBF2B1B07EE35
:102B4000903AF8EE677AF7EE008A38BFC7EEAA8AA5
:102B5000D8E73346ECE700BFDB0FC94000007A46F8
:102B60000000000000A08C46000070430000003C04
:102B7000D2BB002070B50321234A24481CF09AFCE4
:102B8000234E244D244C4FF0FF334FF0FF3230469C
:102B900015F066FA2B684BB903211C481F4A1CF03C
:102BA00089FC05211E481BF051FFECE7012BEAD1FF
:102BB000237803F00301022903F10103237013D0EA
:102BC000032919D0012907D003211048154A1CF008
:102BD00071FC03211448E6E703210C48134A1CF05A
:102BE00069FC06211248DEE703210848114A1CF05F
:102BF00061FC05211048D6E70448104A1CF05AFC35
:102C000002210F48CFE700BF009D0300C04E030024
:102C1000280D002094060020D3BB00201F9D030038
:102C20009C8F03004D9D0300908F03007D9D03004A
:102C3000788F0300AC9D0300648F0300D59D0300D3
:102C40005C8F030010B588B000220023CDE9062375
:102C5000002305220C4CCDE90323CDE90133009379
:102C60004FF400622046094B094916F05BF9094907
:102C700020461FF088FF0321074A084808B0BDE836
:102C800010401CF017BC00BFD0210020752B0100A4
:102C9000D8C80020079E0300129E0300C04E030008
:102CA0000022024B1A60024815F072B99406002007
:102CB000280D00200122024B1A60024815F068B965
:102CC00094060020280D002010B5164B92F9004004
:102CD00010F0040F33F914404FEAE40318BF1B1936
:102CE00010F0020F18BF03EB640310F0010F18BFC0
:102CF00003EBA403B1F9004010F0080F14BFE31A6E
:102D00001B1903F30F03084C0B801378205C03445A
:102D10005BB2582BA8BF582323EAE3731370B1F9B1
:102D2000000010BDB08F03002F9E0300F8B50746CA
:102D30000E461C4643B31BF0C8FE431E9F2B0546A0
:102D400024D840F6A8420021204620F0B6FF07EE26
:102D5000905AF0EE006AF8EEE77AC4E90076A560D2
:102D600086EEA77AF1EEC77A4FF07E52084BC4ED9B
:102D7000067AE360074B2361074B636104F69C43CB
:102D80001A60064BC4F8A43C2046F8BD0024FBE7BB
:102D90003F9E03003C6E03003C5A030078563412F9
:102DA0002DE9F74F0093002800F03D810C9C002C8A
:102DB00000F03981456990ED066A8468019500F656
:102DC0009C4619B104F11F05954259DBD0F8A02C9F
:102DD0009FED967A0132C0F8A02CD6ED007A67EE0E
:102DE000877A0021C6ED007A43F2390CDFED905A64
:102DF000B7EE005A8F4F00F52775A14224DB00F291
:102E00009C72964600254FF4A0684FEA440A661C5F
:102E1000AA4500F39D80009B002B40F0E480DFED8D
:102E2000866A9FED867A0D9B04F2E7115F000C9E87
:102E3000009B00F11C0500EB8101A342C0F2B280AF
:102E4000002003B0BDE8F08FD0F8A42CB0EE457A96
:102E500007FB02C2C0F8A42C22F0004207EE902A21
:102E6000F8EEE77AF5EC016A17EEA57AD6ED007A6E
:102E700066EEA77A67EE277A0131C5ED9F7ABCE747
:102E80000025F7EE006AC0F8A05CFFEE005AC6ED20
:102E9000006A9FED6B5ADFED6B4A01F1010A01F107
:102EA000200BC268565D2A44B442B44692F80180B1
:102EB000A5DD1AF8152011F81570A04547EA02277C
:102EC0003FB2A8BFA04617F4F84F07F00042C7F37F
:102ED000842EC7F309091BD1B9F1000F0AD107EEFF
:102EE000902AA73600EB8606E04520DC0135102D40
:102EF000D7D184E707EE909AF8EE677A67EE857A85
:102F0000002F26FEA57A67EE877A67EEA47AE8E7B7
:102F1000BEF11F0F1FBF42EA49320EF1700E42EAA6
:102F2000CE5307EE903A08BFDFED477AD9E71BF999
:102F30000C300CF1010C07EE103AB8EEC77A27EE10
:102F4000277A86EDA07AB0EEC77AA6EC017ACBE7B5
:102F500037464FF0000CDFED3C7A4FEA460B00F2AB
:102F60001C59A4450DDB016967EE867A01EB8501EA
:102F700091ED007A67EE277A0135EEEC017A0236A0
:102F800046E7B7FBF8F108FB1171019BF9EC016A08
:102F900003EB810191ED007A0CF1010C46EE877A8A
:102FA0005F44DEE7D5ED007AB2EC016A77EE867A0F
:102FB000F4EEE67AF1EE10FA51F8040B45F8040B42
:102FC0000EDCF4EE477AF1EE10FA48BFF0EE477AE5
:102FD000FDEEE77A17EE900A013330803E442CE78D
:102FE000DFED157AF4E7009B022B7FF429AF04F2A2
:102FF000E71500F11C0600EB850000250D9B9900EC
:103000000C9BA542BFF61CAFD6ED007AB2EC017A5C
:1030100077EE877AC3ED007A50F8047B013546F8E5
:10302000047B0B44EDE74FF0FF300AE79A99593FD4
:10303000000080306D4EC64100FEFF46000000C714
:103040000000803A0000803800000000F8B50F460C
:1030500000293BD00668012230461BF0ACFD01463A
:10306000044630461BF06FFDC3070DD4AF23184A4A
:10307000184919481BF0B2FF394618481BF0AEFF3B
:10308000AF2113481BF0A1FF214630461BF071FD14
:1030900025182946002230461BF055FD2D1AAC425A
:1030A0000BD0B7230A4A0E490B481BF097FF39464D
:1030B0000C481BF093FFB721E3E7214630461BF095
:1030C0005EFD2146BDE8F8401BF09ABEF8BD00BF8A
:1030D000509E0300739E030051910300849E0300E1
:1030E000BC9E0300E29E03002DE9F0474B420668B8
:1030F00003EA010931EA03031446B2681ED0B2F5AF
:10310000004F2CBF082304234B4528BF4B464F4696
:10311000A1EB090909F1FF3A1AEA090F1CD0374956
:103120004FF4A273364A37481BF058FF36481BF05D
:1031300055FF4FF4A27132481BF047FFB2F5004F24
:1031400034BF04230823994204D82146BDE8F04740
:103150001BF098BE0027DDE71CB900252846BDE816
:10316000F087B2EBD40FF8D909EB0401C91A104665
:103170001BF02BFD014630461BF081FD80460028E8
:10318000EBD0B36807EBC005B3F5004F34BF0423A1
:1031900008231D4435445544B5FBF9F509FB05F5F5
:1031A000ED1B294630461BF006FD2C44073424F065
:1031B0000704A41B804507464FEAE40408D20246F0
:1031C000414630461BF095FD414630461BF0D6FD8A
:1031D000394630461BF0CDFC3844844208D239468B
:1031E000304622461BF085FD214630461BF0C6FDC9
:1031F0000122394630461BF0C2FCAFE71E9F030098
:10320000509E030051910300399F0300B2F5802FB7
:103210002DE9F04110D2042A28D843494FF4F9731C
:10322000424A43481BF0DAFE42481BF0D7FE4FF4F7
:10323000F9713E481BF0C9FE0823D21ACC1D114477
:1032400024F0070421F00701091B17294FEAD106D2
:103250000ED8394940F2FB13344A35481BF0BEFE04
:1032600034481BF0BBFE40F2FB11E2E70423E4E725
:103270000027046031463046A660E7601BF0AEFCD4
:103280000121421D804630461BF09FFC9200D51D57
:10329000ED082844B0423AD8B8F1FF3F3946A2F1D0
:1032A000100204F11000B8BF3A4620F006FD2A468D
:1032B000394620461BF07BFC3B463A4639462046C1
:1032C0001BF04CFCA6EB05082046394601221BF0FA
:1032D00056FC424629461BF06AFC2B463A462946D4
:1032E00020461BF03BFC314620461BF060FC434669
:1032F0003A46314620461BF031FC31462046012239
:103300001BF03DFC2946BDE8F0411BF037BD0B49E1
:103310004FF40373054A06481BF060FE05481BF096
:103320005DFE4FF4037184E7569F0300509E030037
:1033300051910300779F0300909F0300B99F030002
:103340002DE9F04F91B0009302F004030293C2F311
:10335000C2030133840705460E46DDF868900392E8
:10336000059340F0F881041D30B1072909D86FF0AA
:103370001B0011B0BDE8F08F01F007063444C6F120
:1033800008064FF000084FF0040B009B4FF0FF328F
:10339000591E47464346DA46CDF8108001920DB1DA
:1033A000009820600598002800F3D7809948009A7B
:1033B000824203D398488242C0F0CF80039AA4EBA4
:1033C000050E92074FEA9E0040F1E2804FF0000C9C
:1033D000CCE07A285CD84B280CD8472858D8292824
:1033E0002AD8252851D053D8202877D023384342D3
:1033F000434173E04C382E284AD8DFE800F06F498B
:10340000494949494949494949494B49494949492A
:1034100049494959494B4B5959596F4B6C496F4967
:10342000184B184949807D4B49494B497D00002084
:1034300000234FF0040B39E001222A38C0B202FA0F
:1034400000F010EA0E0F49D110F0625C30D110EAA2
:10345000020343D06046013C5C44B4FBFBF40BFB2D
:1034600004F4002D60D0AAEB050CA444B4453FF64B
:103470007EAF00286AD1BAF1040F45D159F8040B88
:1034800020604FF0040A043428E0019B013B0193C3
:10349000002323E011F8013C6C2B32D1002011F8FD
:1034A000023C6C2B0346C4D14FF0080BDA46D2E73E
:1034B00009F1070929F00709073424F00704F9E89E
:1034C00002AB35B106982044B0423FF650AFC4E994
:1034D00000AB002308344FF0080BDA4611F8010F57
:1034E000002800F0C080002B7FF473AF2528F5D1B1
:1034F000019B0133019301234FF0040BEDE71846C4
:1035000096E700200346A6E7BAF1080F40F09D8039
:1035100009F1070929F00709B9EC027B84ED007B6A
:103520004FF0080A0834D9E780B9BAF1040F02D184
:1035300009F10409A5E7BAF1080F40F0868009F106
:10354000070929F0070909F10809E9E70598013891
:10355000059059F8040B009021E7039A90074CD589
:103560004FF0010CA4EB050E4FEA9E00BEF5007F64
:103570001FD32A494FF41F73294A2A481BF02EFDF6
:1035800029481BF02BFD4FF41F7125481BF01DFD32
:103590000F2F10D8002D4BD007F140020DEB020C7D
:1035A000019A0CF8200C0CF8102C049801300490AF
:1035B00022E00F2F0CD9194940F28123184A1948EB
:1035C0001BF00CFD19481BF009FD40F28121DCE7DE
:1035D000D5B107F140020DEB020E019AC0B20EF810
:1035E000200C0EF8102CBCF1000FDED060F07F0034
:1035F0000EF8200C08F101080137C5F108024FF65A
:10360000DA7E0434069269E7BCF1000F10D001366F
:10361000F2E700BF04420300C0FE03006E94030003
:10362000E49F03005191030012A0030033A00300A4
:10363000029A0236002ADFD10098CDE90631FDF763
:1036400042FEDDE906310644D6E740F2C623434A8E
:10365000434944481BF0C2FC514643481BF0BEFCA2
:1036600040F2C62191E7631BB3F5806F0CD33C4950
:1036700040F2D223394A3B481BF0B0FC3B481BF0D8
:10368000ADFC40F2D22180E71DB9A6F10804E01894
:103690006FE6029A9B0828602B709DF81030C2B12B
:1036A000EB7085F80280B8F1000F05D0002208A861
:1036B000C5F1010C97420ED14FF0000AC5F101038C
:1036C0000DF1200901930DF1300B574512D1601B0C
:1036D0004FE66B70E5E710F8013B190608D50CEBD7
:1036E000040EB64503F07F033FF641AE04F8013BFC
:1036F0000132DFE7B8F1000F03D099F90020002A6A
:1037000017DB029BD3B11AF80B2004F8012B00221F
:10371000019B18191044B0423FF629AE99F80000F9
:10372000009904F8010B2046039220F0B8FA039A9E
:1037300014440AF1010A09F10109C6E799F80020C9
:1037400055F822300093029B009845F82230FDF78F
:10375000BAFD421CDCE76FF00D000AE6E49F0300AF
:103760006E940300519103004DA0030062A003007A
:103770002DE9F04F97B000AF89460446D7F880B0E6
:10378000FA623B6258B9A94940F29933A84AA9485C
:103790001BF024FC40F29931A5481BF016FCCBF33A
:1037A000C00390F802A07B6141B9457800780AEB2C
:1037B000800020444D4517D8A0EB0409E378FB6155
:1037C000BAF1000F02D01BF0010F16D1FB6953BBF9
:1037D000FB6A1BB1494620463A6A98474D4628463F
:1037E0005C37BD46BDE8F08F461C3046FDF76BFDEB
:1037F0000130304409F10109DCE7626823787A621C
:10380000FA6A9900B96104EB8301002A40F0028151
:103810000E464FF000084D4601EB0A094E454CD1CB
:1038200001EB0A0610E01BF0020FD1D023789A00BA
:10383000BA61626804EB83017A62FA6A002A77D17E
:103840004D46904601EB0A061BF0050F0CBF022304
:103850000123FB62FB6906EB430A0BF00203BB6228
:103860005645BCD016F8021B16F8013C54F82390BC
:10387000714B994502D3714B994536D37B69002B27
:1038800040D0786A1BF061FB00283BD0E9468AB043
:103890006A466B4B53617B6AC2E906314FF4007391
:1038A0001384684B42F8103F00234FF412516648CE
:1038B00001F048FB023DCD46D2E716F8013BF96224
:1038C00054F82300FDF7FFFCD7F88430F96A013083
:1038D0004BB1D7F8883098453EBFD7F8843023F8ED
:1038E000180008F10108054498E77B6923B1786A5C
:1038F0001BF02BFB0028C9D11BF0010F05D1FB6A7F
:10390000ED1AADE7BB6A002BAAD04846FDF7DBFCF9
:10391000D7F8843053B1D7F8883098453FBFD7F8EF
:103920008420431C22F8183008F10108054497E769
:10393000BAF1000F74D01BF0040674D0D0460026F4
:1039400007F1480052463B61B96220F0A8F9B96A14
:103950003B6901EB0A02BA62FA69F9695200FA603E
:10396000BA6A02EB41023A610BF00202BA60BA6A2B
:1039700039698A426AD162781BF0020F18BF0021B0
:103980007A6208BF4FEA5801B2181BF0010FD2B299
:1039900040F0E5801BF0040F14BF404600207B611F
:1039A0006270A070E17020463A6AB969FB6A984774
:1039B000051EFFF614AF7B69414623707B6A3A6AA5
:1039C0006370FB6984F802A0E37007F14800FB6AAA
:1039D0009847B0F10008C0F2F680BB69A9EB0A0174
:1039E000C91AFB683A6AC91AD7E90A039847002836
:1039F000C0F2EB804FF0000BA84408EB000507F184
:103A0000380AB345C0F0AD8000213A6A0846FB6A27
:103A10009847E4E656464FF0000807F1380091E772
:103A20005646D04695E7B04693E700BF79A003001D
:103A3000E49F03005191030004420300C0FE030011
:103A400094A0030004000001004E0300BA6A12F8BB
:103A5000021B12F8015CBA6254F825005C4A9042DD
:103A600002D35C4A904218D37A693AB1786A7B6093
:103A70001BF06BFA7B6800287FF479AFBA68002AE4
:103A80004CD00F2E40D9544940F24D43534A54482C
:103A90001BF0A4FA40F24D417EE67A693AB1786AA9
:103AA0007B601BF052FA7B6800287FF460AF1BF04C
:103AB000010F0BD00F2E27D9474940F24343474A05
:103AC00047481BF08BFA40F2434165E61BF0040FB8
:103AD0003FF44DAFB8F10F0F09D9424940F24643C8
:103AE0003E4A3F481BF07AFA40F2464154E608F15C
:103AF000280207F1300008F1010102EB000808F884
:103B0000105C5FFA81F832E706F1280207F1300015
:103B1000711C161806F8205CCEB228E7B8F10F0F1A
:103B200009D930494FF48A632C4A2D481BF056FAC4
:103B30004FF48A6130E608F1280207F1300C08F1F1
:103B40000100944407F1580208F1020852FA80F08B
:103B50000CF8101C5FFA88F800F8105C07E70020EA
:103B60001DE71BF80A3054F8239087F83730D7F850
:103B700084302BB3D7F888309B4521D2D7F88430D6
:103B800033F81B8001213A6AFB6A07F13700984736
:103B900000281ADB0544B8F1000F06D14846FDF7AE
:103BA00092FB00F101081FFA88F8414648463A6A3C
:103BB000FB6A9847002808DB05440BF1010B20E75E
:103BC0004FF00008DEE7454609E6054607E600BF78
:103BD00004420300C0FE030037A10300E49F03007A
:103BE0005191030056A10300014B1860704700BFBC
:103BF0009806002038B50D4604462022002120F00A
:103C00005CF80022EB68E361AB68A3612B68236278
:103C10006B68A26263622A6923B1591E194208BF08
:103C200042F0010222610122002104F12C001EF069
:103C30002FFF48B1054906482F23064A1BF0CEF94D
:103C40002F2104481BF0C1F938BD00BFADA103000E
:103C50005191030087A103002DE9F04F002789B09F
:103C6000CDE90123436A04468B428846BA4605974C
:103C7000079754D300F11406EFF31185402383F323
:103C80001288BFF36F8F3046A94616F013FB58B960
:103C900088234D4A4D494E481BF0A0F931464D4806
:103CA0001BF09CF9882163E0304616F027FB079A49
:103CB0002AB1394620461BF072FA0023079306A961
:103CC00020461BF098F906998346414530D3226877
:103CD000236A204613F8221003EB820A21F0030125
:103CE00003F82210216842461BF0A9F9E36820601E
:103CF000984218D04FF0000B304616F0E9FA50B356
:103D000089F31188BFF36F8F059929B1A2690AB1B0
:103D10002046904700230593BBF1000FACD15046DD
:103D200009B0BDE8F08F236943F008032361E1E7A0
:103D300018B120461BF09DF9DEE7DDE9013213439F
:103D400039D003911EF019FF0399A0BB9DBB3046EB
:103D500016F0BEFA78B940F231131B4A1E491C48CE
:103D60001BF03CF931461D481BF038F940F2311187
:103D700015481BF02AF985F31188BFF36F8F04F102
:103D80002C00DDE9012314F06BF98346EFF3118970
:103D9000402383F31288BFF36F8F304616F08AFA00
:103DA00000283FF475AFBBFA8BFB304616F0A6FA3D
:103DB0004FEA5B1BA0E7204607AB05AA27681BF06C
:103DC00077F9834698E700BFB6A10300E3A103009B
:103DD00051910300F8A103000EA2030025A20300E5
:103DE0002DE9F0410446C36908460E46984704F1A0
:103DF00014050746EFF31188402383F31288BFF3BD
:103E00006F8F284616F056FA68B988231A4A1B495C
:103E10001B481BF0E3F829461A481BF0DFF88821FD
:103E200015481BF0D2F8284616F068FA33783A465F
:103E300043F001033370616820461BF000F96060B5
:103E400020461BF0C7F9284616F042FA68B940F23E
:103E50003113094A0C490A481BF0C0F829460B489F
:103E60001BF0BCF840F23111DAE788F31188BFF398
:103E70006F8FBDE8F08100BFB6A10300E3A103008E
:103E800051910300F8A103000EA2030025A2030034
:103E90002DE9F843044600F11407EFF3118840239D
:103EA00083F31288BFF36F8F384616F003FA054686
:103EB00068B98823344A354935481BF08FF83946AC
:103EC00034481BF08BF888212F481BF07EF83846C9
:103ED00016F014FA2369A26813F0080F02D1636880
:103EE0009A4200D9636A9B1A002B3FD0216A11F8CD
:103EF000223001EB820913F003003AD0022803D1EB
:103F000051F82260B60805D1D8071FD44846E369A6
:103F100098470646A168324620461BF090F8314685
:103F2000A06020461BF099F8384616F0D1F910BB76
:103F300040F23113144A184915481BF04FF839461E
:103F400016481BF04BF840F23111BDE743F0020375
:103F500001F82230E3694846A56898472946024699
:103F600020461BF06CF80025A060DDE71D46A94641
:103F7000DAE70546FBE788F31188BFF36F8F002D62
:103F80008BD14846BDE8F883B6A10300E3A1030046
:103F900051910300F8A103000EA2030025A2030023
:103FA0002DE9F0410446C36908460D46984704F1DF
:103FB00014060746EFF31188402383F31288BFF3FA
:103FC0006F8F304616F076F968B98823274A28495A
:103FD00028481BF003F8314627481AF0FFFF8821D4
:103FE00022481AF0F2FF304616F088F92B786FF36A
:103FF00000032B7023699B0705D5E268236A03EB56
:1040000082039D4222D12B786FF341032B70D4E9B8
:104010000231994204D13A4620461BF010F8A060C4
:10402000394620461BF019F8304616F051F990B980
:1040300040F231130D4A11490E481AF0CFFF3146B4
:104040000F481AF0CBFF40F23111C9E72B6867F334
:104050009F032B60E8E788F31188BFF36F8F04F1AB
:104060002C00BDE8F04113F093BF00BFB6A10300E0
:10407000E3A1030051910300F8A103000EA2030085
:1040800025A2030070B5044600F11405EFF3118674
:10409000402383F31288BFF36F8F284616F00AF986
:1040A00068B988231A4A1B491B481AF097FF29460A
:1040B0001A481AF093FF882115481AF086FF2846FF
:1040C00016F01CF92369A06813F0080F02D1636889
:1040D000984213D9646A241A284616F0F9F878B978
:1040E00040F231130A4A0E490B481AF077FF29466D
:1040F0000C481AF073FF40F23111DDE71C1AEBE7B0
:1041000086F31188BFF36F8F201E18BF012070BD8A
:10411000B6A10300E3A1030051910300F8A103003D
:104120000EA2030025A203002DE9F84F0446A38B3D
:1041300008461907154612D4022803F0070165D175
:1041400020461BF054F888B10138042800F237816A
:10415000DFE810F05C0035018200D4000401012882
:104160000CBF43F0100143F02001A183143420461A
:1041700016F0AEF8002840F09D819A4940F23113C4
:10418000994A9A481AF02AFF2146B1E003F0070243
:10419000501F01281ED80020062A2768C4E9000005
:1041A00014D13A4603E0E08B0130E0831268002A24
:1041B000F9D123F0070343F002022046A2831BF04B
:1041C00016F890B342F02002A2832EE023F00703FA
:1041D0009AB2F2E7042A33D123F007039AB22046B9
:1041E000A2831BF004F810B142F02002A283A38B3B
:1041F00003F00709894540F0EC80A18BCA0640F125
:10420000508121F01003A38301F00701D4F8188036
:10421000A38BB8F1000FB9DA0022276823F0070357
:10422000C4E9002243F00103A383A38B03F0070931
:10423000894540F0CF80002FDFD00026B24644E011
:104240006B4940F21B136B4A68481AF0C7FE40F2F4
:104250001B1168481AF0B9FE49B167494FF4AB73B6
:10426000644A62481AF0BAFE4FF4AB71F1E7236872
:104270004BB9624940F257135E4A5C481AF0AEFEF1
:1042800040F25711E5E723691E684EB95C494FF4C7
:10429000AD73584A55481AF0A1FE4FF4AD71D8E7F6
:1042A0000F4688464FF00609A38B23F0070343F01F
:1042B00006039BB2A383A268002A40F08D80002FE2
:1042C00040F08D80002E98D0BA4643F0080304F1E8
:1042D000140B5846A38315F0FBFF002840F09A808A
:1042E000404940F23113404A40481AF077FE59469F
:1042F00044481AF073FE40F23111ADE0022909D0B2
:10430000414940F25D133B4A38481AF067FE40F2DB
:104310005D119EE7E78B4FB13C494FF4AF73354ACF
:1043200032481AF05BFE4FF4AF7192E723695E6882
:104330004EB9334940F261132E4A2C481AF04EFE12
:1043400040F2611185E7A38BB84623F0070343F0E1
:1043500004039BB24FF00409A383ACE7012909D001
:104360002B494FF4B273234A20481AF037FE4FF41A
:10437000B2716EE723684BB9204940F265131D4ABC
:104380001A481AF02BFE40F2651162E723699E6815
:104390004EB91B494FF4B473164A14481AF01EFE66
:1043A0004FF4B47155E70027A38BB84623F00703F9
:1043B00043F005039BB24FF00509A3837BE70C494B
:1043C00040F26B130B4A09481AF008FE40F26B11D9
:1043D0003FE7002700266EE74FF0010A75E7924697
:1043E00073E700BF0EA20300B6A1030051910300C2
:1043F0006E9403003AA203005FA203006BA20300C5
:104400008EA2030025A20300A5A20300BBA2030005
:10441000CAA2030085F31188BFF36F8FBAF1000FB2
:104420001CD177BB16B120462549B047EFF3118563
:10443000402383F31288BFF36F8F584615F03AFF7D
:1044400038BB88231F4A204920481AF0C7FD594627
:104450001F481AF0C3FD88211A48FBE6A16800290D
:10446000DFD00D680029DCD043464A462046D1F80B
:1044700004A0D0471DB12B6829461D46F2E72B4604
:10448000FAE7394643464A4620463F681AF0DBFEC3
:10449000C7E7584615F032FFA38B23F00803A38328
:1044A000ABE68B067FF562AE21F02003A38301F01B
:1044B000070145E685F31188BFF36F8FBDE8F88FDC
:1044C000D5440100B6A10300E3A10300519103000C
:1044D000F8A10300F8B504460D4600F11406EFF309
:1044E0001187402383F31288BFF36F8F304615F096
:1044F000E1FE68B988230C4A0C490D481AF06EFD9C
:1045000031460C481AF06AFD882107481AF05DFD13
:10451000304615F0F3FEA5613A462046BDE8F84066
:104520000121FFF701BE00BFB6A10300E3A1030014
:1045300051910300F8A103002DE9F04704460F460E
:104540001AF071FE051E68DB04F11409EFF3118AFD
:10455000402383F31288BFF36F8F484615F0AAFEFD
:10456000804660B98823384A384939481AF036FD00
:10457000494638481AF032FD8821334842E048461F
:1045800015F0BCFE4FF6FF72E38BA68B934206F04C
:10459000070645D0022E15D135460133E383484640
:1045A00015F096FE002841D140F23113264A2A49DF
:1045B00027481AF013FD494628481AF00FFD40F22B
:1045C0003111DAE7062E13D8DFE806F0092D1212B2
:1045D000090409006FF085054FF00008DFE70023AC
:1045E0003B60636883B9C4E9007786B13546F3E779
:1045F0001B4917484FF4E4731A4A1AF0EFFC4FF4C2
:10460000E47118481AF0E1FC1F606760EDE752465C
:1046100002212046FFF788FD35462846BDE8F08791
:104620006FF00A05D8E76FF00405D5E78AF3118823
:10463000BFF36F8FB8F1000FEFD000233246394639
:1046400020461AF000FEE8E7B6A10300E3A103004C
:1046500051910300F8A103000EA2030025A203005C
:10466000CAA203003AA20300F8B5054600F11406F9
:10467000EFF31187402383F31288BFF36F8F304627
:1046800015F018FE60B98823254A264926481AF0F5
:10469000A5FC314625481AF0A1FC882120482BE0D2
:1046A000304615F02BFEAC8B04F00704022C17D01B
:1046B000012C0CBF6FF004046FF08504304615F038
:1046C00007FE38BB40F23113154A194916481AF053
:1046D00085FC314617481AF081FC40F23111DDE7C4
:1046E000EB8B5BB91449104840F2EF13134A1AF0F0
:1046F00075FC40F2EF1111481AF067FC013B9BB2C8
:10470000EB83002BDAD13A4621462846FFF70CFD11
:104710002046F8BD87F31188BFF36F8FF8E700BF1D
:10472000B6A10300E3A1030051910300F8A1030027
:104730000EA2030025A20300E0A203003AA2030098
:1047400008B54268034602F00302022A81600AD0DB
:10475000032A4FF0000103D0012A0AD1596006E074
:104760001868596008BD186800225A6058B90020BE
:10477000F8E7064906484523064A1AF02FFC45216A
:1047800004481AF022FC16F091F9F0E76E94030049
:1047900051910300EEA203002DE9F34180460E463D
:1047A000154600272A4601A940461AF089FD04460D
:1047B0000246314601981FF072FA2D1B2744264409
:1047C00001D0002CEED1394640461AF096FD48B192
:1047D000064907484923074A1AF000FC49210548C1
:1047E0001AF0F3FB384602B0BDE8F081ADA103003A
:1047F0005191030014A303002DE9F34180460D46B7
:10480000164600273246404601A91AF08BFD0446A1
:104810002DB10246019928461FF041FA2544361B66
:10482000274401D0002CEDD1394640461AF096FDC0
:1048300048B1074907488E23074A1AF0CFFB8E215B
:1048400005481AF0C2FB384602B0BDE8F08100BF4F
:10485000ADA103005191030014A3030030B5002261
:1048600089B00F490F481EF048FA002200230024A7
:10487000CDE906230E230C4DCDE903344FF400623D
:104880002846CDE90144094B0949009414F04AFB3C
:10489000084928461EF077F9204609B030BD00BF10
:1048A000FD49010088330020A8220020E94C0100C6
:1048B000D8D000203FA303002DE9F0470446074667
:1048C0004FF00109DFF8508014B93846BDE8F08791
:1048D00094FAA4F5B5FA85F509FA05F32E0108EB6B
:1048E00005156FEA030A24EA03042B7B002BEBD0A7
:1048F00058F806301B694BB94644736804222846B1
:10490000196807EA0A0700F0F7FADDE72846984732
:104910000028D9D1F0E700BFD04E03002DE9F047C1
:10492000DFF8D4902D4C8046A9EB04038F2B0F4663
:104930000BD92B4940F241132A4A2B481AF04EFB5F
:1049400040F2411127481AF040FB28481AF030FD88
:10495000064660B300252846BDE8F087237B6BB18F
:104960002368DB680BB12046984723681B69B3B9FD
:10497000636804222046196800F0BEFA013610343C
:104980004C4518D91A494FF4A773164A16481AF01D
:1049900025FB18481AF022FB4FF4A771D2E72046F6
:1049A00098470028E4D00AFA06F31D43E6E70546D7
:1049B0004FF0010AE4E7D1D3B8F1000FCBD0002DBE
:1049C000C8D02846FFF778FF0546002FF7D0002112
:1049D00040F2391015F032F9F1E700BFD04E030074
:1049E00074A3030047A3030051910300A4670020B0
:1049F000A4A30300C5A30300E04E0300014813F085
:104A0000C7BA00BF400D0020014B53F8200070478B
:104A10005073030008B5034608462BB1044A1360DF
:104A200000F0AAFD002008BD6FF01500FBE700BFF5
:104A30009C06002010B5044C237813B9034813F0EA
:104A4000A7FA0123237010BDD4BB0020400D002025
:104A500010B5044609481AF0ABFC3CB1084BD3E84A
:104A6000EF1F0139C3E8E21F002AF8D105481EF004
:104A700050F9BDE81040044813F08ABA9C67002042
:104A8000A067002088330020400D00200020014650
:104A9000034BD3E8EF0FC3E8E21F002AF9D17047B8
:104AA0009C67002070B5FFF7F1FF05460F4C104ED4
:104AB000B44219D90F4940F201230F4A0F481AF0A6
:104AC0008DFA0F481AF08AFA40F201210A481AF0CA
:104AD0007CFA63685B792BB123685B6813B1294664
:104AE000204698471034E3E7F3D370BDD04E03005F
:104AF000E04E0300A4A3030047A303005191030069
:104B0000C5A3030010B5044C04492046FFF772F812
:104B1000034B1C6010BD00BF280B00203C7303003A
:104B20009067002008B50023064A07491370074A1A
:104B300007481360074A1360FFF76CFFBDE80840A1
:104B4000FFF7E0BFD5BB002040420F009C6700206C
:104B5000ADF30200A06700200146002200230148B7
:104B6000FFF77AB8280B00200148FFF791B900BF82
:104B7000280B0020024B01461868FFF711BA00BF4E
:104B8000906700200148FFF77DBA00BF280B002086
:104B900070B52E4B1878002857D0FFF7E5FF054673
:104BA00040B32B4BD3E8EF1F0139C3E8E21F002AC3
:104BB000F8D1284C284EB44218D9284940F2F513B0
:104BC000274A28481AF00AFA27481AF007FA40F24A
:104BD000F51123481AF0F9F963685B7923B123686A
:104BE000294620461B6898471034E4E7F4D328464A
:104BF000FFF7C0FF1D4B1E4C1B68002B19DD1EF07C
:104C000035F84FF47A75A0FB050647F6122200230B
:104C100005FB0161F7F72CFDD4E90032C01A40F220
:104C2000E93361EB0201984271F1000101D3FFF712
:104C300039FFD4E9003213F57A7342F10002C4E976
:104C40000032BDE87040FFF79DBF70BDD4BB0020AF
:104C5000A0670020D04E0300E04E0300A4A3030091
:104C600047A3030051910300C5A303009C670020E4
:104C70008033002070B5154D297829BB0120FFF73E
:104C80004DFE134C134EB44217D913494FF4DD7344
:104C9000124A13481AF0A2F912481AF09FF94FF479
:104CA000DD710E481AF091F963685B791BB12368D6
:104CB00020469B6898471034E5E7F5D3FFF768FF77
:104CC0000028FBD101232B7070BD00BFD5BB002095
:104CD000D04E0300E04E0300A4A3030047A303004B
:104CE00051910300C5A303002DE9F0472F4B304F2E
:104CF000FB1A1B090BD12F4940F29E332E4A2F4835
:104D00001AF06CF940F29E312B481AF05EF900213E
:104D10000846FFF703FE044640B340F21B684FF01D
:104D2000000915F01BF8264B186030B1254B1B68A5
:104D3000092B02DD244813F02BF90025DFF888A0A9
:104D400044B12046FFF7B8FD044618B94FF0FF38CC
:104D50004FF0FF39FFF71CFF064628B95DB9424600
:104D60004B46504613F07CF93546E9E74FF0FF38E3
:104D70004FF0FF39D5E70D4D08E0F0D22B689B6965
:104D80001BB100222846114698471035BD42F4D980
:104D90000E4940F29233084A08481AF01FF90C48AD
:104DA0001AF01CF940F29231AEE700BFD04E03007A
:104DB000E04E0300E4A3030047A303005191030066
:104DC00098670020A0670020400D0020A4A30300E6
:104DD000C5A3030013B52C481AF0EAFA2B4B1B7835
:104DE000002B35D0EFF31184402383F31288BFF3F7
:104DF0006F8F274815F05EFA68B98823254A26493F
:104E000026481AF0EBF8224925481AF0E7F88821DD
:104E100020481AF0DAF81E4815F070FAFFF7B8FECD
:104E20001B4815F055FA68B940F23113194A1D496B
:104E30001A481AF0D3F816491B481AF0CFF840F276
:104E40003111E5E784F31188BFF36F8F02B010BD15
:104E5000164B1B68002BF9D050B9002200231448D0
:104E6000CDE9002347F61222002315F05DFDEDE7A2
:104E70000928EBD10E481DF04CFF0E4802B0BDE8EA
:104E8000104013F085B800BFA0670020D5BB0020FC
:104E900094670020B6A10300E3A103005191030031
:104EA000F8A103000EA2030025A2030098670020CA
:104EB00088330020400D002010B5064B04461B68C7
:104EC00098472146A0600448FEF78AFFBDE81040DD
:104ED000FFF780BF9C060020280B0020044A054BEA
:104EE0009B1AB1EBD30F34BF52F83100002070474A
:104EF000804D0300D04E03000E4B10B5C31A1B119A
:104F00000133DBB248B90C490C48DF230C4A1AF0D4
:104F100065F8DF210A481AF058F84468237143689D
:104F20009A7101224368196043685A71BDE81040C4
:104F3000FFF780BDD04E030084A40300519103000D
:104F40004CA403002DE9F04F8FB0C1F34A2804AF01
:104F50000D469146B8607B600C0DB8F1000F68D02B
:104F600000264FF0040B4FF00A0A07F11403C7F8AC
:104F70000C80C7E907667E620193CDF808B0CDF8D2
:104F800000A007F11C0332464846F968FEF7F0FB23
:104F9000B0F5006F03461CD36C468AB0D9F80410F4
:104FA00004AB2C481A46C3E9050140F2FF71D961F0
:104FB0004FF400711984284B42F8103F4FF41251FE
:104FC00033462648FFF7BEFFA5462C37BD46BDE851
:104FD000F08FC0F30A0804F11700184420F007000E
:104FE00080083B60FFF7B8FD68F35325044640B3E3
:104FF0003B6800F11001C7E9083607F11403F961B5
:10500000CDE900A3CDF808B04846154AF96807F184
:105010001C03FEF7ADFB002813DA124912484FF4C7
:10502000A373124A19F0DAFF4FF4A3710F4819F075
:10503000CCFF04F1170020F007008008FFF78CFD7B
:10504000044668F353252A4620467B68B9681AF05F
:10505000E1F9BAE7A4A4030004000001584E0300DC
:10506000E9F3020010A5030051910300E3A403003B
:105070002DE9F04F87B00446DDE9106ADDE91279C9
:1050800093469846039127B33B4652461021002091
:10509000CDF80090CDF81490FEF752F9051E0BDA0A
:1050A000264940F26513264A264819F097FF40F238
:1050B0006511234819F089FFB5F5006F0ADB40F24E
:1050C000FF730221204A214807B0BDE8F04F1AF0D3
:1050D000FAB93D4606F11700284420F00700800881
:1050E000FFF73AFD04F007040BF0070BE40044EA75
:1050F0008B1444EA452444EA06540646A0B19FB105
:105100003B4652462946CDF800901030FEF718F97C
:10511000002809DA094940F28513094A094819F0BB
:105120005DFF40F28511C4E74346224630460399AD
:1051300007B0BDE8F04F1AF06DB900BF0FA503002E
:10514000E3A403005191030019A50300584E030086
:10515000406820B1034BC01A40F3CF0070474FF0B6
:10516000FF307047804D03000EB403B503AB53F816
:10517000042B01460448019301F0CCFA02B05DF81B
:1051800004EB03B0704700BFA9510100CA0605D463
:105190008B064CBF02490349FFF7E6BF704700BFCB
:1051A000B1B0030051A5030038B54B6805461A6835
:1051B000CB680C469A4202D108461AF0A8F96368F7
:1051C000D3E8EF2F511CC3E8E01F0028F8D1A368F3
:1051D0009D5463681A68E3689A4209D905490648EC
:1051E0007223064A19F0FAFE7221044819F0EDFE06
:1051F000002038BD83A503005191030054A503008E
:105200002DE9F04F8BB09B46169B9DF854A006935A
:10521000179B04460593189B0D469046199E0493D0
:10522000BAF1000F00F0AE80BAF1040F0BD9A44917
:1052300040F24623A34AA44819F0D0FE40F246218A
:10524000A04819F0C2FE06F00103089306F0080317
:10525000079306F4807309931AF0C4F806F0020964
:10526000024600283CD020469849FFF77DFF0746BC
:10527000B9F1000F08D016F0440F33D12A4620466A
:105280009349FFF771FF0744089B53B1914B2046A8
:1052900053F82A20904B9149002A08BF1A46FFF77D
:1052A00063FF099B002B49D0079B002B63D1B8F10A
:1052B000000F65D0424620468949FFF755FF054655
:1052C000069B3D44002B6CD1049B002B40F0818059
:1052D000F30700F1EE8031462046FFF757FFE2E08A
:1052E0000746C5E77F4B18680028CCD07E4B4FF4AB
:1052F0007A791B684FF03C0CB5FBF3F5B5FBF0F188
:105300004FF4616300FB115509FB05F5B1FBF3F2A6
:10531000B5FBF0FE03FB121100FB1E55B1FBFCF3C5
:1053200009FB05F5B5FBF0F50CFB131120460091C8
:10533000CDE901E56D49FFF717FFA4E7079BEBB146
:105340006B4B204653F82A206A49FFF70DFF0546AC
:10535000B8F1000F05D0424620466149FFF704FF2F
:105360000544BBF1000FABD05A4620466249FFF717
:10537000FBFE0544A4E74FF0000BE1E7079DE7E7DC
:1053800045469DE7BBF1010F069B06D1DBB9049BA7
:10539000002B00F0888000251BE0002BF7D0574839
:1053A00012E057482246069B564919F09DFD0028F9
:1053B0000CDA55494FF42873424A434819F00EFE5F
:1053C0004FF428713CE74E485546EBE7049B002B11
:1053D00065D0DFF84481DFF84491049F3146102FF7
:1053E000204628BF10274FF0000BFFF7CFFE5D458A
:1053F00042DC059B494620461A78FFF7B5FE4FF080
:10540000010B1BF0070F03D141462046FFF7ACFE0E
:105410005F4538D9059B4946204613F80B20FFF716
:10542000A3FE0BF1010BBBF1100FEAD14FF0000B03
:1054300020463649FFF798FE5A46059B20469A5C5F
:10544000A2F120015F2928BF2E223149FFF78CFEEF
:105450000BF1010BBBF1100F1AD01BF0070F03D19A
:1054600041462046FFF780FE5F455A46E5D8414653
:105470002046FFF779FEEBE741462046FFF774FE32
:105480000BF1010BB3E720462249FFF76DFEC8E799
:10549000059B3B440593049BDB1B04939DD1BAF110
:1054A000000F7FF415AF20460BB0BDE8F04F1AF0A7
:1054B0002EB82046084A0949FFF756FE0BE700BF01
:1054C000B8A5030054A5030051910300C3A5030030
:1054D000C7A5030060730300B3A50300AD950300E7
:1054E000ECA50300AC670020A8670020D0A503004E
:1054F00074730300F0A50300F6A5030029F502006C
:10550000A951010015670100FBA503000AA60300CD
:105510000CA603005B9603005D96030004A603003F
:1055200042F20F7373B58B4228BF0B4605680446E1
:10553000052168460D4A17F03DFF06466368284678
:105540000B225B680A4919F0D4FF6368324669464A
:1055500028465B6819F0CDFF63681B2228465B680C
:10556000044919F0C6FF02B070BD00BF27D5030083
:105570002BA603000FA6030000210123064A904238
:1055800006D8064A01B901231360054B186070471D
:10559000012140085B00F2E740420F00A8670020AD
:1055A000AC6700202DE9F34143680DF107011C6849
:1055B000104865681AF015F830B99DF807100129F0
:1055C00002D10C4800F04EF801232B7725682F6894
:1055D000D5E90136D3E9004824B96B681C6002B0F4
:1055E000BDE8F081214630464246B847241A0644B9
:1055F000F2E700BF74430300F8B50D460446064FBA
:105600004618B44201D12846F8BD14F8011BBB6806
:1056100001485B689847F4E77443030010B543689A
:105620001C6809481DF082F948B9084908489923BF
:10563000084A19F0D3FC9921064819F0C6FC2368E2
:105640005B685C6010BD00BF7443030095A6030057
:105650005191030057A60300014B036000207047DF
:10566000BC73030070B544690D469CB31E4A237990
:10567000565CB34231D01D4A525C9A4230D1A36885
:105680009847002810DA022D0CD0032D0BD110F111
:10569000860F07D0D4E8EF3F43F00203C4E8E23FAF
:1056A000002AF6E7267170BD022D267101D0002078
:1056B000F9E7D4E8EF3F23F00403C4E8E23F002A0F
:1056C000F7D1D4E8EF3F23F00203C4E8E23F002A19
:1056D000EDD0F6E76FF05700E5E76FF07700E2E70F
:1056E0006FF08500DFE700BFE5A60300E1A6030039
:1056F00070B5104B0D461C68B4B10F4B19680023F0
:105700008B4202DB6FF0010070BD224612F8106B75
:10571000864202D014460133F2E7E0681DF006F934
:1057200028B100202C60EFE76FF00C00ECE76FF081
:105730001200E9E7A8060020BC7303002DE9F0473A
:10574000D0F808901D4688B0D9F80C3080460F4636
:10575000164698470368202B09D9194A0121194890
:1057600019F0A8FE6FF0150008B0BDE8F087002E14
:1057700001DA154AF2E746EA05045A1E144005D03C
:105780000121124A0F4819F09EFEEBE7202239460C
:1057900068461EF092FA2046A542E5D9A5EB040A18
:1057A000BAF1200F28BF4FF0200A6A465346404600
:1057B000D9F804703119B8470028D5DB5444EBE719
:1057C000E9A60300184E03000FA703002CA703004F
:1057D00008B5044819F0E2FBBDE80840024819F09A
:1057E000DDBB00BF64A7030099A703002DE9F84FB4
:1057F00080460C4600AF002965D0D1E90012E94689
:105800008AB0A3686D464FF0050A2E463748C5E9B1
:105810000723C5E9050146F810AF002332464FF4CF
:1058200021513348FFF78EFBD4E90312CD4663695B
:10583000AD463048C5E90723C5E90501C5F810A004
:10584000002332464FF421512948FFF77BFBCD4618
:10585000E3690121284A264819F035FE264600252D
:105860004FF00A0ADFF8A0B0E946D6E908E0D6E929
:105870000A138EB06A46C2F81CE005F1010EC2E9B7
:1058800008E0A81CC2E90A01E91CC2E905B5C2E9A1
:105890000C1342F810AF002345F2400114480435C0
:1058A000FFF750FB102DCD4606F11006DCD1236E1C
:1058B0000121124A0E4819F006FEA3690121104A7F
:1058C0000B4819F000FEB8F1010F07D1EFF3058383
:1058D0000C4A41460648103B19F0F5FD214640466A
:1058E00011F0FEF9BD46BDE8F88F00BFC7A7030061
:1058F000984E0300F6A7030025A8030077A803002D
:1059000086A80300B4A8030034A8030030BFFFF743
:10591000FDBF00BF074A936893F90E10002907DB0B
:10592000926993421FBF044A536843F08053536007
:10593000704700BFA06D002000ED00E070B5344C52
:1059400006460D463348344919F0E0FEA36AD906ED
:105950004DD53048314919F0D9FE1120A36A1A07F4
:1059600004D52C482E4919F0D1FE1220284CA36AE8
:105970009B0712D52B49274819F0C8FE636BA26A12
:10598000110609D50121284A224819F09CFD1EB1B3
:10599000A36A23F08003A36213201D4CA36ADA07D5
:1059A00004D51C48214919F0B1FE1420A36A9B06B6
:1059B00004D518481E4919F0A9FE1520144B9A6AFF
:1059C000D60602D49A6A940713D59B6AD90610D5D5
:1059D000184940F23313184A184819F0FFFA1848CA
:1059E00019F0FCFA40F23311134819F0EEFA1020C6
:1059F000B4E7074B9A6A920642BF5A6A22F40052F1
:105A00005A629A6A42F0FF029A6200232B7070BDBC
:105A100000ED00E0984E0300C7A80300DDA80300D6
:105A200010A9030023A903003BA9030051A9030007
:105A300070A90300D1A903009FA90300519103009D
:105A40001BAA030010B5244C2449254819F05EFE1A
:105A5000A36A99013ED52248224919F057FE1E201B
:105A6000A36ADA0104D51E481F4919F04FFE1F2012
:105A7000194CA36ADB0204D519481C4919F046FEEB
:105A80000220A36A1C0304D51548194919F03EFEEB
:105A90002120114CA36A590304D51148154919F066
:105AA00035FE2220A36A9A0304D50D48124919F045
:105AB0002DFE2320084CA36ADB0304D508480F49B8
:105AC00019F024FE2420A36A6FEA03436FEA13430C
:105AD000A36210BD1D20C3E700ED00E07FAA030014
:105AE000984E030097AA0300AAAA0300C4AA0300C1
:105AF000EEAA03000CAB030031AB03004BAB030079
:105B000070B5294C06460D462848294919F0FEFD76
:105B1000A36AD9043CD52548264919F0F7FD17207A
:105B2000A36A1A0504D52148234919F0EFFD18206E
:105B30001D4CA36A9B0512D51C48204919F0E6FDAF
:105B4000A36BA26A100409D501211D4A174819F058
:105B5000BAFC1EB1A36A23F40043A3621920124CBD
:105B6000A36A590504D51148164919F0CFFD1A202A
:105B7000A36ADA050ED50D48134919F0C7FD1B209D
:105B8000094A936A43F47F43936200232B7070BDEC
:105B90001620C5E7A36A9B04F2D504480B4919F007
:105BA000B5FD1C20ECE700BF00ED00E0984E0300BF
:105BB00076AB03008CAB030010A903009DAB030080
:105BC000B6AB0300CBAB0300E6AB030070A9030048
:105BD000F0B59DB0754B05465868002600AFC0F380
:105BE000080386F31188BFF36F8F02F07F44B4F18E
:105BF0007F4F07D102F00C04082C12D16C496D487C
:105C000019F084FD6C494FF485636C4A6C4819F0B7
:105C1000E5F96C4819F0E2F94FF48561674819F02D
:105C2000D4F914074CBF0D460126002DEAD00022FE
:105C3000FA71DA1E092A00F29780DFE802F0058D7A
:105C400090709595959595935F495A4819F05EFD2A
:105C50000023564CFB71E36A9A0705D55B4955480A
:105C600019F054FD002429E0E36A002B01DA5849B9
:105C7000F5E7E36A5B0062D556494E4819F046FDE8
:105C80006369AA6943F480736361BFF34F8FBFF305
:105C90006F8F636932F8022C23F480736361BFF362
:105CA0004F8FBFF36F8F4DF602739A4221D12B684D
:105CB0000121494A3F4819F006FC2C68FB79ABB931
:105CC0006822294607F108001DF0E9FF7B6A002ED3
:105CD00066D0C3F3080222B96FEA53236FEA432365
:105CE0007B62204607F10801FFF780FD7437BD464F
:105CF000F0BDA36ADBB22BB10120F91DFFF71EFE38
:105D00000446DBE7A36A13F47F4F04D00120F91D9A
:105D1000FFF7F6FEF4E7A36AB3F5803F02D3FFF77F
:105D200091FEEDE72D4940F2FA23244A244819F068
:105D300055F92B4819F052F940F2FA216EE727493C
:105D400040F2FE231D4A1E4819F048F9254819F073
:105D500045F940F2FE2161E70020F91DCEE7002061
:105D6000F91DD5E720497AE7204A6C4610F4F87F00
:105D70008AB01F4918BF11466A46103BD3614FF4E1
:105D800000731C4813841C4BC2E9050142F8103F04
:105D900000234FF411510748FFF7D4F8A54661E7F7
:105DA00023F4FF7323F001039AE700BF00ED00E046
:105DB0002CAC0300984E030057AC03009FA90300CE
:105DC000519103006AAC0300A8AC0300BFAC030010
:105DD000E0AC0300EEAC03000DAD03006E940300D5
:105DE00029AD03004DAD03007DAD030013AC0300EE
:105DF000FEAB0300A1AD030004000001064B5A698D
:105E000042F010025A615A6942F480625A615A693A
:105E100022F008025A61704700ED00E0EFF30880BD
:105E2000EFF3098101B57246FFF7D2FE01BD00BF55
:105E3000002080F31488BFF36F8F002080F30A885E
:105E400080F30B880F4880F308880BF0CBF9002013
:105E50000D490860BFF34F8F00F02CF8402080F30D
:105E600011880A484FF40061401880F30988EFF365
:105E700014800221084380F31488BFF36F8F00F071
:105E80000BF900008810012094ED00E048F7002095
:105E9000002318460649D1F89020C2F30722934206
:105EA00000DB7047C1F89830C1F8A0000133F6E775
:105EB00000ED00E010B572B6002484F31388FFF7FC
:105EC000E7FF23464FF0FF300C4A03F12001013376
:105ED000102B42F82100F8D100234FF0FF30074A81
:105EE00003F160010133102B42F82100F8D162B6B2
:105EF000BFF34F8FBFF36F8F10BD00BF00E100E015
:105F0000084B9B6883420BD1EFF3058343B1064BEB
:105F10005A6842F080525A605A6A22F400425A6229
:105F200013F022BFA06D002000ED00E023498A6835
:105F300082F8D1E04FF030001044EFF3098C80E894
:105F4000F01F1EF0100F03D102F1900080EC108AB8
:105F5000402080F31288BFF36F8F194F4FF0006617
:105F60008A698A603E6092F9D1E0D2F88800002305
:105F7000C2F8883080F311881EF0100F03D0002380
:105F8000E1EE103A03E002F1900090EC108AEFF39A
:105F9000148323F0040383F31488BFF36F8F02F19B
:105FA000300090E8F01F8CF3098802F1000004B57E
:105FB00019F0B4FBBDE8044070470000A06D00205C
:105FC00004ED00E01EF0040F0CBFEFF30880EFF3C8
:105FD0000980816911F8021C0229FFD001B57246BF
:105FE00019F089FB01BD00BF00B2002807DB0123C7
:105FF0004109034A00F01F00834042F821307047F6
:1060000000E100E000B200280CDB01220649430950
:1060100000F01F008240203341F82320BFF34F8F50
:10602000BFF36F8F704700BF00E100E038B5D307C2
:1060300004460D4612D48B1C072B10D95823114A45
:106040001149124818F0CAFF294611480623224672
:1060500018F0C4FF58210B4818F0B7FF002320B2F6
:106060000028ACBF00F160400A4A4FEA4313DBB29C
:10607000ABBF00F5614000F00F0080F8003313540F
:1060800038BD00BFB4AD0300EBAD03005191030078
:1060900006AE030014ED00E0144A08B5144B22F0DC
:1060A0007F029A60BFF34F8FBFF36F8FD3F88820C2
:1060B00022F47002C3F88820D3F8882042F4A002AA
:1060C000C3F888204FF04042C3F83422BFF34F8F0B
:1060D000BFF36F8F0023E1EE103A10F029FF14F0A8
:1060E00015F900F079F810F063FF00BF0000000020
:1060F00000ED00E042F8203C009B0D4942F81C3CBA
:10610000019B21F0010142F8183C029B42F8081C57
:1061100042F8143C4FF0807342F8043C0023C0F86E
:1061200088304FF47D43203A0265C0F8D030704784
:10613000B7EF0200104B9B6883421AD1EFF3058042
:10614000B8B9EFF31181402282F31288BFF36F8F49
:106150001A7B22F002021A73EFF3148323F0040374
:1061600083F31488BFF36F8F81F31188BFF36F8FB0
:1061700070476FF015007047A06D00200E46154661
:10618000002300B5E1EE103AEFF3148323F004038B
:1061900083F31488BFF36F8FBFF36F8F084B986042
:1061A000836F83F30B882C4686F309880020054B08
:1061B00098472046002100220023034C204700BFBF
:1061C000A06D002025F70200B7EF02001022014B5E
:1061D0001A61704700ED00E00023402040F20F12EA
:1061E00010B5044CE1180133934281F80003F9D152
:1061F00010BD00BF00E100E008B5EFF30583064ADB
:10620000103B02EBC30152F8330049688847BDE8F0
:106210000840FFF77FBB00BF044403001FB5094CD3
:10622000094A23460121094800F012F9002303938B
:10623000074B0121E41A01A80193029400F02CF904
:1062400004B010BD00F0022000000020E073030045
:10625000180F002010B50C7A0B6804F01F0223F011
:106260001F031A43CB68640923F01F03054943EA5F
:10627000440343F00103C1F89800C1F89C20C1F821
:10628000A03010BD00ED00E010B50A4BD3F89030FF
:10629000C3F30723013B984208D901210346064A6C
:1062A000064819F010F96FF0150010BDFFF7D2FF86
:1062B000FBE700BF00ED00E04AAE0300804E0300A4
:1062C0002DE9F04F8946144606464FF00008514D1F
:1062D00085B0C84527DAD6F804A0BAF1000F44D03B
:1062E000BAF11F0F17D91AF01F0F14D1D6F800B04A
:1062F0001BF01F0F0FD1584619F037FA07460AEB6B
:106300000B00013819F031FA874210D06FF01507F1
:10631000414A3B4601E04346404A0121404819F0CA
:10632000D2F86FF01504204605B0BDE8F08F17F1E4
:10633000160FEDD0BC42EBDDC5F89870D5F89C1077
:10634000C5F89870D5F8A03021F01F0143F01F0B5D
:10635000D6E900321A44994202F1FF3A1DD1D345E1
:1063600007D13146F8B219F009FA08F101080C36E4
:10637000AFE73146C5F89870D5F89C3022F01F027F
:1063800003F01F031343C5F89C30E0B219F0F6F98F
:1063900010F1160FC5D0441CE7E7C5F89870D5F882
:1063A000A020013B23F01F0302F01F021343D3453B
:1063B0003146E0B2C5F8A030E8D019F0DFF910F1AD
:1063C000160FAED0C5F89870D5F89C209DF808300F
:1063D0000BF1FF3B62F304038DF80830D5F8A030D1
:1063E0009DF808205B0863F347128DF80820D6E972
:1063F00000321344009323F01F035B44A3EB0A0312
:10640000013023F01F036946C0B20393FFF73CFF3E
:10641000BEE700BF00ED00E093AE030070AE0300E6
:10642000804E03000522044BC3F89420BFF34F8F26
:10643000BFF36F8F704700BF00ED00E0BFF35F8FC9
:106440000022024BC3F89420704700BF00ED00E02B
:1064500038B50C4D0C462A78FFF732FF28701630FD
:106460000FD140F26F13084A0849094818F0B6FDE9
:106470002146084818F0B2FD40F26F11024818F0AA
:10648000A4FD38BDD7BB0020B6AE03006E94030058
:1064900051910300E5AE03002DE9F74F314E8946D7
:1064A00005464FF00008B3462F4FC84502DB03B046
:1064B000BDE8F08FD5F804A0BAF1000F4CD02968E0
:1064C0000846019119F051F9019904460AEB0100BF
:1064D000013819F04AF984424FF01402234B15D0C9
:1064E00002FB08F36FF015024BF8032040F27F1314
:1064F0001F4A2049204818F071FD49461F4818F0EE
:106500006DFD40F27F111A4818F05FFD14F1160F6F
:106510003460EBD01978A142E8DD02FB08B0C7F87F
:106520009840C7F89840D7F89C4000F10801007BDC
:1065300064F304000871D7F8A0000C79400860F3F8
:1065400047140C71D7F89C1021F01F017160D7F827
:10655000A01021F01F01316108F1010814360C353B
:10656000A3E700BFDC67002000ED00E0D7BB002000
:10657000B6AE03006E9403005191030011AF030007
:106580002DE9F041574C584ED4F890303568C3F39C
:1065900007239D4286B013D94FF4D373534A54490D
:1065A000544818F01BFDD4F8902029465248C2F3F5
:1065B000072218F013FD4FF4D3714C4818F005FD75
:1065C0000020FFF73BFF4D4BC4F8C03085421AD185
:1065D0004B4C01A82570FFF73FF8002506464FF009
:1065E0004108484FAE4215D1002023783D49D1F8EB
:1065F0009020C2F3072293426DDB0020FFF712FFC9
:1066000006B0BDE8F081716801EB0011FFF722FED2
:106610000130DBE7019A290102EB0513D3F80CC026
:106620000CEA0700B0F5001F27D0B0F5800F40D06E
:10663000B0F5801F4DD1586852589B68CDE90202D1
:106640002122013B20F01F010B4423F01F038DF892
:1066500010200593207802A9FFF716FE002835DAEE
:1066600023494FF4E873214A224818F0B7FC264822
:1066700018F0B4FC4FF4E8719FE758689B685258D3
:10668000013B20F01F010B4423F01F031CF0010FFE
:10669000CDE902028DF810800593DBD01B497423ED
:1066A000124A144818F09AFC194818F097FC742103
:1066B00083E758689B685258013B20F01F010B4448
:1066C000CDE9020223F01F030222C0E72378013341
:1066D0002370013586E7C1F89830C1F8A000013376
:1066E00085E700BF00ED00E0EC730300B6AE0300E9
:1066F0006E9403005191030040AF0300AAFF4400D1
:10670000D7BB00200000F0FFC9AF030074AF030047
:106710009AAF0300F0B587B007460E461446002135
:10672000102268461D461DF0C8FA02238DF802307B
:10673000054B2A4621466846CDE90476019316F0BA
:10674000FFFE07B0F0BD00BFAFF7020008B502487A
:1067500016F010FEFEE700BF02B0030008B5024BC2
:106760001B689847002008BDF0670020034B044ACF
:106770001860937843F0020393707047F06700202D
:10678000AC06002008B50649064821F00701C1F112
:10679000005202F53C32FCF739FD002008BD00BF75
:1067A0003F210220F467002008B54FF0FF324FF080
:1067B000FF33074811F0DEF848B1064906488D233B
:1067C000064A18F00BFC8D21044818F0FEFB08BDAA
:1067D000BC06002041B003005191030007B0030044
:1067E000014811F097B900BFBC06002038B5054636
:1067F000FFF7DAFF2A4608210648FCF775FC044635
:1068000020B91DB118F0D9FF0C230360FFF7E8FF92
:10681000204638BDF467002010B50446FFF7C4FFDA
:1068200021460348FCF712FCBDE81040FFF7D8BF33
:10683000F467002070B541690446867A0A4D59B163
:10684000437ADB0706D4342303FB0653DB6A1B6859
:106850009B689847002363613420214606FB005063
:10686000BDE870401CF006B9AC0D00203422024B8C
:1068700002FB0030704700BFAC0D00203421827A4B
:10688000064B01FB02331A6B93F82430801A1B333A
:1068900023F00303B0FBF3F0704700BFAC0D002002
:1068A00038B53424827A064B04FB0233DB6AD3E921
:1068B00001240C601568FFF7E1FF04FB005038BDB0
:1068C000AC0D002008B5437A4BB10C495A230C4A51
:1068D0000C4818F083FB5A21094818F076FB4368EE
:1068E0003BB109495B23064A064818F077FB5B2158
:1068F000F2E703824369C36008BD00BF74B00300C0
:106900004FB003005191030085B003002DE9FF470C
:106910000546684617461C4603911CF0A9F9DDE9B7
:10692000008945B95E49EE235E4A5F4818F056FB80
:10693000EE215C4818E005F11C06EFF3118A4023B4
:1069400083F31288BFF36F8F304613F0B3FC68B93E
:106950008823564A5649544818F040FB314655485A
:1069600018F03CFB8821514818F02FFB304613F0FB
:10697000C5FC6B8C002B5CD02A8C9A4239D9002242
:106980000023284611F078FA0446002831D030461A
:1069900013F09EFC68B940F23113444A464942481C
:1069A00018F01CFB3146454818F018FB40F2311135
:1069B000D9E78AF31188BFF36F8F039D002D5ED056
:1069C00042464B4668461CF077F93421A27A3C4B8C
:1069D000204601FB0233DB6A03A91B681E68DDE960
:1069E0000023B0476061002839D12046FFF722FF1D
:1069F00030E06C8C3046631E6B8413F069FC002819
:106A0000C9D08AF31188BFF36F8F95F824302A8C90
:106A10001B33121B2C6B23F0030302FB0344284B94
:106A2000284AEB1A9B105343A37295F82430E37263
:106A3000C3E7304613F04CFC0028ACD08AF3118831
:106A4000BFF36F8F23463A46284611F015FA0446E5
:106A50000028B2D10024204604B0BDE8F087039B93
:106A60009D420DD9184940F245130E4A0E4818F0C0
:106A7000B5FA164818F0B2FA40F2451159E76561C7
:106A8000012300212381039BE27A6160638204F188
:106A900018001DF012F92046FFF714FFDBE700BFD6
:106AA000BEC903004FB0030051910300B6A103001B
:106AB000E3A10300F8A103000EA2030025A2030036
:106AC000AC0D0020C54EECC49FB00300B0B0030075
:106AD00070B50C46054658B928494FF4D073284A7A
:106AE000284818F07BFA4FF4D071254818F06DFA59
:106AF00049B9254940F2A113214A224818F06EFAFB
:106B000040F2A111F1E7EFF31186402383F31288DD
:106B1000BFF36F8F1D4813F0CDFB60B988231C4A6B
:106B20001C49184818F05AFA18491B4818F056FA28
:106B300088211748DAE7154813F0E0FB00232360AB
:106B40006B689BB9C5E90044104813F0C1FB80B9DC
:106B500040F231130E4A11490A4818F03FFA0B4926
:106B60000F4818F03BFA40F23111E2E71C606C600C
:106B7000EAE786F31188BFF36F8F70BD14E8030056
:106B80004FB003005191030068B903000068002072
:106B9000B6A10300E3A10300F8A103000EA20300C5
:106BA00025A2030070B5044658B92349234840F292
:106BB000AD13234A18F012FA40F2AD11204818F034
:106BC00004FAEFF31186402383F31288BFF36F8F2B
:106BD0001C4813F06FFB60B988231B4A1B491748F8
:106BE00018F0FCF917491A4818F0F8F988211648E6
:106BF000E5E7144813F082FB25682DB162682B6825
:106C00009542236008BF63600E4813F061FB68B9CA
:106C100040F231130C4A0F49084818F0DFF90949CE
:106C20000D4818F0DBF940F23111E0E786F31188E6
:106C3000BFF36F8F284670BD14E803005191030025
:106C40004FB0030000680020B6A10300E3A10300D9
:106C5000F8A103000EA2030025A2030070B50446AC
:106C600098B13426104D2046037A6468013BDBB2AC
:106C700003724BB9C3604360837A06FB03539B6A7C
:106C80007BB19847002CEED170BD084908484FF4FD
:106C9000E373084A18F0A2F94FF4E371054818F0BD
:106CA00094F9FFF7C7FDEDE7AC0D002068B90300CC
:106CB000519103004FB0030008B558B9074908487F
:106CC0004FF4F873074A18F089F94FF4F871054842
:106CD00018F07BF9027A0132027208BD68B903002C
:106CE000519103004FB0030008B5034658B9084955
:106CF000084840F23B23084A18F070F940F23B2163
:106D0000054818F062F918465B68002BFBD108BDF6
:106D100068B90300519103004FB0030070B50D46F0
:106D2000044658B90F4940F246230F4A0F4818F05D
:106D300055F940F246210C4818F047F949B90C4979
:106D400040F24723084A094818F048F940F2472121
:106D5000F1E746681EB10846FFF7C6FF466065606A
:106D600070BD00BFA4B503004FB0030051910300F4
:106D7000B3B0030038B505460C4659B90C490D4867
:106D800040F252230C4A18F029F940F252210A48E5
:106D900018F01BF920B9BDE838400846FFF78CBF52
:106DA000FFF7A2FF2146FFF7B9FF284638BD00BF15
:106DB000B3B00300519103004FB0030008B548B9C8
:106DC0000B492B230B4A0C4818F008F92B210948D2
:106DD00018F0FBF883883BB108492C23054A064884
:106DE00018F0FCF82C21F2E783680B44036008BD1F
:106DF00068B90300C0B0030051910300ECB0030078
:106E000008B5034600689A68821A91420BD909496D
:106E1000094840F25513094A18F0E0F840F25511BC
:106E2000064818F0D2F89A88401A114418609980E0
:106E300008BD00BF0BB1030051910300C0B00300B7
:106E400008B5828803468A420BD20949094840F2B4
:106E5000C313094A18F0C2F840F2C311064818F0EB
:106E6000B4F8521A828000680844186008BD00BF58
:106E7000FBB0030051910300C0B0030008B5034606
:106E80009A8800688A420BD20849094840F2CF1319
:106E9000084A18F0A3F840F2CF11064818F095F808
:106EA000521A01449A80196008BD00BFFBB003006C
:106EB00051910300C0B00300F8B5858803680E4601
:106EC00004465F1918F098FCB04209D206490748F9
:106ED0003E23074A18F082F83E21054818F075F85D
:106EE0003544A5803846F8BD2FB103005191030009
:106EF000C0B0030008B5284A284B1A6006F096FE79
:106F000041F6F8732648D0F82416C1F3080203EAC4
:106F10005133132182F48072883201FB0233214AFB
:106F2000590ADB0548BF0131C2F80419D0F82036F0
:106F30004FF47A60C3F30801C3F30943434342F2B9
:106F40001C5081F4807101F2172100FB01334FF4D2
:106F50007A701B0AB3FBF0F100FB1133B3F5FA7F33
:106F600028BF01310E4BC2F81C17D3F840131C295F
:106F70000CD1D3F84433012B08D13423C2F8243682
:106F8000D2F83C3623F40023C2F83C360122054BEC
:106F90000020C3F8002608BD0020A1074C090020EE
:106FA00000C0FF000000125048B1054B054A1B68A5
:106FB000B3FBF2F35843044B43F001031847704707
:106FC0004C09002040420F00D0550300084B0246F8
:106FD000596811B11968884207D0D86830B19968EA
:106FE00004488A4218BF002070471846704700BF07
:106FF000046800200C68002002460B46014810F08F
:10700000B9BC00BF140D0020014810F083BD00BFC3
:10701000140D002038B504460D464FF0FF304FF0F8
:10702000FF31FFF7E9FF2046FFF7D0FF08B14368C3
:107030007BB90B4B5A6812B1DA686AB9012243F87E
:107040003240002403EBC2035D60FFF7DDFF204602
:1070500038BD6FF07704F8E76FF01B04F5E700BF69
:107060000468002038B131B18B6918440278024BB2
:10707000002A08BF18467047EEA503000120014909
:10708000FFF7C8BF2474030010B5036804465A6DA7
:107090001AB1196E044810F0C1F82168034810F0C5
:1070A000C5F90023236010BD480C0020B00B002060
:1070B000002807DA5430522802D8034B185670477C
:1070C0006FF00400704700BF69B40300002805DAC0
:1070D0005A30582804D8044B18567047002070477F
:1070E0006FF00400704700BF10B403002DE9F743B0
:1070F000436804461E69884615460146002200235F
:10710000234810F007F9014600283ED12768642281
:1071100038461CF0D2FDD6F8E41000220023896A1C
:107120001C481BF03CFC386660B3B94649F8540F64
:1071300061684046FFF796FF8046304618F0B5FB81
:107140002901AB0103F4006301F48071194305F0D8
:1071500003030B4342463946CDF8009006F17C000C
:107160000FF092FA054606F5807018F0A6FB002D88
:1071700002DA2046FFF788FF284603B0BDE8F04357
:10718000FFF796BF6FF00B05F3E703B0BDE8F083A0
:10719000B00B0020480C002070B5436804461E69FF
:1071A0000D46002201460023144810F0B3F80146B2
:1071B00008BB342220681CF080FD61682846FFF778
:1071C00051FF0546304618F070FB2A46216806F14B
:1071D0007C000FF08DFC054606F5807018F06DFB05
:1071E000002D03DA2168054810F020F92846BDE893
:1071F0007040FFF75DBF6FF00B0070BDF00B00201B
:1072000070B5044643681E69304618F04EFB21688D
:1072100006F17C001BF077FB054606F5807018F040
:107220004CFB2168034810F001F92846BDE8704086
:10723000FFF73EBFF00B0020F8B50446056900AF2C
:10724000284618F032FB05F17C001BF045FB94F852
:1072500020301B0703D4D5F8FC0018F0EFF9002606
:1072600005F58070C5F8FC6018F027FB88B06A4609
:10727000E3680949C2E905134FF400739383074B90
:1072800042F8103F4FF4E65133460548FDF75AFEE9
:107290003046BD46F8BD00BF66B1030003000001E3
:1072A000504E03002DE9F04F89B0046900AF04F59A
:1072B00080738246FB60F8681BF0B1FB204618F033
:1072C000F4FA6D468AB06A46DAF814609AF82090AB
:1072D000B54B0921536102234FF00108C2E9063181
:1072E00013620623C2F8248042F8103F00234FF4B3
:1072F0004351AE48FDF726FED4F8FC30AD46002BD6
:1073000040F0AC8119F0080F0BD0A94A4B4641461A
:10731000A64818F0D8F86FF085050023C4F8FC30B3
:1073200032E104F1FC01F0B2FEF7E2F9002802DBE1
:10733000D4F8FC0040B9012133469E4A9B4818F01E
:10734000C2F86FF01205E8E718F0B8F90346002814
:1073500078D0D4F814B0D4F81880BBF1000FE569E8
:1073600008BF4FF0100BB8F1000F08BF4FF0100826
:10737000D4F8FC0065B9C7E9060518F09FF9054681
:107380008368DB6898470379DA0771D54FF4805535
:10739000D4F82490B9F1000F7FD001DC4FF0FF3911
:1073A000A66AE36A002E08BF4026002B08BF2023F0
:1073B000D4F8FC007B618368BB60B3FBF5F37B60B2
:1073C00018F07CF9D4F8FC30C7F810D08CB06A46BD
:1073D00001685B68D3617B687748C2E908354FF480
:1073E00000739385754BC2E90501C2F8289042F8F5
:1073F000103F00234FF473516C48FDF7A3FDD7F8FD
:1074000010D08AB06A466E4BC2E90786C2E9053BD6
:107410007B695362062342F8103F00234FF4435127
:107420006248FDF78FFDBB68D7F810D0AB4237D26A
:10743000644940F24533644A644817F0CFFD40F296
:10744000453127E0D4F8FC2088B0D26811686A463C
:107450005F48C2E905014FF4007191835D4942F82C
:10746000101F4FF4E2515148FDF76CFDAD4668E73F
:107470002846594907F1180219F0A1FEFD69002DAF
:1074800086D1564940F2FE234F4A504817F0A6FDD8
:1074900040F2FE214C4817F098FD4FF400797FE749
:1074A000B5FBF8F308FB135363B14D4940F2473382
:1074B000454A464817F092FD4A4817F08FFD40F2C2
:1074C0004731E7E7B5FBF6F306FB135363B14649D3
:1074D00040F249333C4A3D4817F080FD434817F0DD
:1074E0007DFD40F24931D5E7D4F8FC3023609B683C
:1074F000B3FBF5F205FB123363B13D4940F26D3346
:10750000314A324817F06AFD3A4817F067FD40F2F9
:107510006D31BFE7384BE5616360384B04F17C05A2
:10752000A360374B2146E3607B692846E362354B15
:10753000C4E905B823617B68A662C4E908390EF086
:10754000ABFD00281ADA9AF82060F30716D416F07B
:10755000020621D1022103462B4A144817F0B3FF3B
:10756000214628460EF020FDB0F1000852DA0F48FF
:1075700043460121254A17F0A6FF4046FFF798FD34
:1075800000280546FFF6C9AEF86818F096F92846B7
:107590002437BD46BDE8F08F01211D4A034817F08E
:1075A00089FF6FF01D05B8E673B10300504E03006C
:1075B0009EB10300DBB103003AB2030007000001F3
:1075C0006DB20300ACED03000FB203005191030054
:1075D000F4B103000300000133F8020092D303006A
:1075E0009CB20300BAB20300E6B2030005B3030085
:1075F0002FB303006FB303008FF8020073F802008B
:107600005FF802002FF802009FB30300EEB30300FF
:10761000C0B30300284621460EF03EFD051E07DAE2
:1076200010482B460121104A17F04DFF2846A5E7C8
:1076300088B06A46DAF80C300C49C2E905134FF4F9
:10764000007393830A4B42F8103F4FF4E6513346E0
:107650000448FDF777FCD7F810D095E76FF00F05D9
:107660005BE600BF504E0300E0B3030005B4030027
:107670000300000108B504481BF058F900280CBFAE
:107680006FF01200002008BD5C4303000E4B402940
:1076900028BF402170B51D460C4C4618B04203F17E
:1076A000020304D1002305F81130074870BD0278A9
:1076B0001209A25C03F8022C10F8012B02F00F0251
:1076C000A25C03F8012CE9E7F6BB0020DFB403005D
:1076D00030B503788BB0044607AD032B21D8DFE823
:1076E00003F0021A1C1E12492846F9F7E4FD05951D
:1076F00063781E210493A3780E4A0393E3780E481F
:1077000002932379019363790093A37915F052FED4
:1077100009480BB030BD0949E6E70949E4E70949E2
:10772000E2E70A212846084A15F044FEDFE700BFD9
:107730002592030047920300D8BB00202C9203003F
:10774000339203003D9203006DD4030030B5002452
:10775000094D0A4B85B028460293039411F0D0F8E6
:1077600002AB2846009340F638020A23044911F080
:10777000E1F8204605B030BDC0330020F0B403006E
:1077800058DA00200146014811F06EB9C0330020DC
:10779000037830B5012B13D0022B27D07BB90A46D2
:1077A000184B03F1100453F8045BA34242F8045B46
:1077B000F9D11B78137043884B731B0A8B7330BD50
:1077C0000A46104B03F1100453F8045BA34242F83D
:1077D000045BF9D11B7813704368C3F307224B7322
:1077E0001B0CCB731B0A8A730B74E8E700F11003C0
:1077F00050F8042B984241F8042BF9D103780B7010
:10780000DDE700BFF9B4030008B518F04EFA11F037
:10781000F3FF044B1B680BB10A209847BDE80840F2
:1078200012F058B814680020811EC9B21E2938B55C
:10783000054604D80E4820FA01F1C9070CD40D49B9
:1078400064230D4A0D4817F0C9FB0D4817F0C6FB1D
:107850006421094817F0B9FB0A4817F0B6FF04463F
:1078600020B101210C30FFF7A9FA2576204638BD5A
:107870004100004039B503000AB5030051910300EF
:107880007EB50300B00E002010B5044611F0B4FF21
:10789000024B1C60BDE8104012F01CB814680020B8
:1078A0000F2810B50ED80D280ED90B4817F08DFFF4
:1078B000044628B101210C30FFF780FA0223237619
:1078C000204610BD1328F0D009B10448EEE702208D
:1078D000BDE81040FFF7A8BFE40E0020140E002002
:1078E00038B50B6805460C464BB90E490E48F123D6
:1078F0000E4A17F073FBF1210C4817F066FB4A683B
:10790000DA600B684A895A820868FFF7A7F92046AF
:10791000102200211CF0D1F92846BDE8384018F0AB
:10792000C4B900BF9EB50300519103000AB503001E
:107930002DE9F84305460C461F4616464AB9264926
:10794000CD23264A264817F049FBCD21234817F0BE
:107950003CFB38B92349CE23204A214817F03EFB8F
:10796000CE21F3E701F10C09484617F041FF38B981
:107970001D49D223194A1A4817F030FBD221E5E7F6
:10798000204618F0AAF9804638B11849D423134A82
:10799000134817F023FBD421D8E705F10C01484622
:1079A00017F017FF484617F023FF012310FA86F05F
:1079B00068826B72314648462E82FFF741FAE368CF
:1079C00028467B60638AC4F80C807B81A4F812800F
:1079D0003C60BDE8F88300BF2BB103000AB503008B
:1079E00051910300ABB50300B0B50300CDB5030062
:1079F000C36802211B78024A024818F08BB900BF05
:107A0000F5B50300C84D030070B5C6683378B6F805
:107A1000014083B90F21204602F0EAFEF3780546C3
:107A200050B90A4A118831B96FEA04506FEA105010
:107A30001080074A137070BD4372012102F0F4FDFB
:107A40002846BDE8704002F09FBD00BFA87B002023
:107A500077BC002070B5C3681D78BDB9B3F801606C
:107A60000F21304602F0C4FE044638B93346BDE863
:107A700070400121064A074818F04CB9294602F027
:107A8000D3FD2046BDE8704002F07EBD70BD00BF52
:107A90001DB60300C84D0300012110B50C30FFF7DF
:107AA000EDF9BDE8104003780121024A024818F0C0
:107AB00031B900BF43B60300C84D0300014610B5FD
:107AC0000848FFF705F8084908481BF046F8031E68
:107AD00006DABDE810400121054A064818F01AB937
:107AE00010BD00BFF4050020E0060020B8340020DF
:107AF00065B60300C84D03002DE9F14FC5680121AB
:107B00002E88304602F074FE044640B93346012107
:107B1000284A294801B0BDE8F04F18F0FBB8B5F885
:107B20000280EE881FFA88F3AF88A3F11B022D892B
:107B3000E02A1FFA86FA1FFA87F91FFA85FB04D993
:107B400002211E4A1C4818F0E5F8AAF11B03E02B9D
:107B500005D9534602211A4A174818F0DBF844F2B7
:107B60004812A9F5A4739BB2934205D94B46022152
:107B7000144A114818F0CEF844F24812ABF5A47339
:107B80009BB2934205D95B4602210F4A0A4818F07E
:107B9000C1F82046A4F8A680A4F8A870A4F8AA60AA
:107BA000A4F8AC5003F0FAF8204601B0BDE8F04F5D
:107BB00002F0EABC82B60300C84D0300A6B603007B
:107BC000CFB60300F8B603001FB7030010B5084C8A
:107BD0000146062294F86F0003F02CFA38B994F8A5
:107BE0006F000522BDE81040024903F023BA10BD22
:107BF000A8040020C5B403000121024A024818F07D
:107C000087B800BF46B70300C84D03000B46B0B5A8
:107C10000D8A00AF04462946D868FFF737FD8AB0C1
:107C20006A46094BC2E90750C2E9053440F20243F3
:107C30009384064B4FF43251054842F8103F18F038
:107C400076F8BD46B0BD00BF60B703000500000177
:107C5000C84D030070B5C5680121B5F80160304614
:107C600002F0C6FD044638B93346BDE87040012134
:107C70000B4A0C4818F04EB82B783BB9D5F80330B6
:107C8000C0F89530D5F80730C0F89930201D4FF472
:107C9000803118F041F82046BDE8704002F074BC15
:107CA00082B60300C84D0300B0B53C28044600AFBF
:107CB0001AD101F07FFE6FF08001103018F03AF811
:107CC0000020FFF783FF054630B90121114A124811
:107CD00018F01EF8BD46B0BD4472002102F0A4FCAD
:107CE000284602F051FCF5E76D468AB06A460B4B18
:107CF0004FF41251C2E90530094B0748D36140F2F5
:107D000001331384074B42F8103F18F010F8AD46CA
:107D1000E0E700BF82B70300C84D0300A3B703002C
:107D2000B2B003000400000137B50446084602EB78
:107D3000C3039A4202D16FF05E0010E0114611F8C1
:107D4000085BA54211D1038A5178994209D90848A4
:107D50000121084A009417F0C0FB6FF0150003B032
:107D600030BD536898470020F9E70A46E1E700BFB5
:107D7000C84D0300BFB7030073B53D48FEF712FFBF
:107D80000446002872D0017E022948D008296AD111
:107D9000038A032B05D8374A0121374817F0BAFF69
:107DA00013E004210C30FFF769F8FF2342880688AE
:107DB0006376238AC6F30B009A42A08309D001217F
:107DC00000922D482D4A17F088FB2046FEF746FF0B
:107DD00012E00F2102F00CFD054610B9A38B284AD2
:107DE000DAE702F045FD21466076320B284602F0C4
:107DF00037FA284602F0C8FB224BD3F84C31002B4F
:107E000034D0214921481AF0A8FE031E2EDA0121A0
:107E10001F4A194802B0BDE8704017F07BBF038AC3
:107E2000012B01D81B4AB7E70C30FFF727F80546AE
:107E3000007817F05BFF10F002060DD140F6CE334C
:107E4000154A1649164817F0C9F886F31188BFF38A
:107E50006F8F0323184602DF04232146114A287836
:107E600017F070FFB1E70B460F4A95E702B070BDFF
:107E7000F4050020E1B70300C84D030002B8030079
:107E800026B80300A8040020E0060020B834002033
:107E900065B6030048B8030064B8030098B803004F
:107EA00051910300FC740300C6B8030010B5012112
:107EB00004460C30FEF7E2FF2146BDE810400723E0
:107EC000014A007817F03EBF1C750300F8B5012188
:107ED000044600AF0C30FEF7D1FF067800232146A0
:107EE0003046104AFFF720FF5F3018D1258AE0683E
:107EF0002946FFF7CBFB6C468AB06A460A4BC2E9BB
:107F00000750C2E9053640F202439384074B4FF411
:107F10003251074842F8103F17F009FFA546BD4609
:107F2000F8BD00BF54750300DAB803000500000176
:107F3000C84D03002DE9F34700230746884616463F
:107F4000DFF84091D9E8EF4FC9E8E23F002AF9D1C4
:107F500044B93B460121444A444802B0BDE8F047D9
:107F600017F0D8BE2046FEF789FC4FF00C0A404DB2
:107F70000AFB00504388BB4220D02046FEF77EFC1F
:107F80000AFB00504388012100933A4A3B46374898
:107F900017F0A3FAD9E8EF3FC9E8E24F002AF9D178
:107FA000002B5DD03449354840F68413344A17F02D
:107FB00015F840F68411324817F007F8A6420FD0A2
:107FC0002046FEF77FFC022304F10C07012138460E
:107FD0002376FEF7F3FE3846328AF16817F014FC78
:107FE0002046FEF74BFC0C2606FB00504368ABB165
:107FF000B8F1000F12D12046FEF740FC012106FB2C
:1080000000504268D2E90003127A03F01F06B14023
:108010005B09FAB100EB830017F07EFE2046FEF705
:108020002DFC0C2606FB005083686BB12046FEF742
:1080300025FC704305F800802046FEF71FFC06FB78
:108040000055A8680FF0A4FF204602B0BDE8F04735
:10805000FEF704BEC94300EB830017F06BFEDDE7BB
:1080600002B0BDE8F08700BF0CB90300C84D0300A3
:108070001868002034B9030067B903005191030068
:1080800064B80300F005002073B5C5680121B5F898
:108090000160304602F0ACFB044640B93346012192
:1080A0003A4A3B4802B0BDE8704017F033BE2B7827
:1080B000061D1A2B19D1C378012B4ED14FF48041E4
:1080C000304617F029FE42040FD4D4F888306946B0
:1080D0000093D4F890302046019303F0F1FA204643
:1080E00002B0BDE8704002F04FBA2B78ABBB40F64F
:1080F0007A41B5F80320A4F8862093B2B5F805209C
:10810000A4F88C20B5F80720A4F88E209A1F92B20C
:108110008A4204D902211F4A1D4817F0FBFDB4F81A
:108120008C30B3F5FA7F04D302211B4A184817F0AC
:10813000F1FD40F67641B4F88E30A3F10A0292B216
:108140008A4204D90221154A114817F0E3FD6FF461
:108150008051304617F0EEFD13E0D6E8AF3FDB0468
:10816000F5D52B78202BF2D194F89430002BEED05B
:10817000013B84F894300A4A002304F1400010F0D7
:10818000F7FC204602F0ACFDA9E700BF82B6030071
:10819000C84D03006CB9030094B90300BBB90300D8
:1081A0005A6202002DE9F84F0123D0F80C80018AB1
:1081B00098F8004000AF03EB84038B4273D96D46FF
:1081C0008AB06A46C2E90731052339484FF4215184
:1081D000C2E90504374842F8103F17F0A8FDAD4644
:1081E000BD46BDE8F88F4B465A460121314817F08D
:1081F00091FD013598F800309D42F1DA08EB8503D6
:10820000B3F801900F214846B3F8036002F0F0FA8A
:1082100004460028E7D000F1CC09204616B902F048
:10822000B3F9E6E701F0AAFF0FF0B2FE636983B984
:108230000121214A1F4817F06BFD204940F25D23C0
:108240001F4A204816F0CAFE40F25D211C4816F075
:10825000BCFEA1691A688B42626108BFA261C3F8C3
:1082600000A0226A82B9C4E90733D9E8AF3F013ED2
:10827000B6B263B914494FF41973114A114816F094
:10828000ADFE4FF41971E1E713602362EDE7D9E821
:10829000EF3F013BC9E8E23F002AF8D10021204628
:1082A00001F078FFB9E70025DFF820B0AA46A1E782
:1082B000E7B90300C84D03002DBA03006E94030014
:1082C00064B803005191030044BA030011BA0300DB
:1082D000054BD3E8AF2F02F00902D3E8EF1FC3E844
:1082E000E02F0028F9D170477C05002010B5C1E9C6
:1082F00000239DF808300C460B72FEF7BFFA0C22E3
:10830000024B02FB00335C6010BD00BF1868002008
:108310002DE9F0474FF0FF3206464FF0FF33184883
:10832000884617F052FA044638B300F10C070121D1
:108330003846FEF743FD012320462376FEF79EFADA
:108340004FF00C090F4D4FF0000A09FB005046801A
:108350002046FEF793FA09FB0050C0F808A020461B
:10836000FEF78CFA09FB005503213846C5F804A036
:10837000FEF7A2FD068080F802802046BDE8F08767
:108380007C0E0020186800200138C0B202289ABF75
:10839000014B185C00207047CEBD030070B5C56866
:1083A0000121B5F80160304602F022FA044638B9DE
:1083B0003346BDE8704001210A4A0B4817F0AABCB9
:1083C000E878FFF7E1FF84F8A4002879FFF7DCFFE5
:1083D00084F8A500204602F01FFD2046BDE870404D
:1083E00002F0D2B882B60300C84D030070B506464D
:1083F00090B00B4D01AC0FCD0FC40FCD0FC40FCDFE
:108400000FC495E8070084E807000E2E9DBF10AB4F
:1084100003EB860656F83C0C024810B070BD00BF56
:10842000F44E03005DBA0300034B0146D3F870011C
:1084300082689268104700BFA80400202DE9F84325
:10844000044600F10C06304617F0D2F9B4F810805B
:108450000546B8F1010F0AD843460121194A1A48C6
:1084600017F058FC2046BDE8F843FEF7F7BB30464E
:108470000221FEF703FD0746007817F037FC10F0E5
:10848000010906460DD140F6EE73104A1049114815
:1084900016F0A4FD89F31188BFF36F8F03231846EC
:1084A00002DF052321460C4A387817F04BFCB3074E
:1084B000D8D56369A4F8108013FA85F5E560BDE8A6
:1084C000F88300BF48B80300C84D030064B8030038
:1084D00065BA030051910300D474030038B50C460B
:1084E00011F08AF9237E022B05D0082B14D12046E7
:1084F000FFF7E4FA0BE0E368187817F0F7FBC20720
:10850000054602D52046FFF799FFAB07EFD40024BC
:1085100011F0E0F9204638BD0121054A054817F061
:10852000F9FB2046FEF79AFB6FF01504F0E700BF59
:108530007EBA0300C84D03002DE9F84F3D4C00AF53
:1085400004213D4817F0E8FB3C4DE2793C4B2046C6
:10855000012A88BF1D466E46FFF7BAF88AB06A4600
:10856000384BA346C2E905350125374BD06113626C
:10857000364B4FF42351364842F8103F17F0D7FBE3
:10858000DFF8E080B546DFF8C890324EE3790BF1B2
:10859000070B9D4238DB94F870506E462846FFF773
:1085A00025FF8CB06A46B4F87210B4F87630C2E990
:1085B00007514FF400755362DFF8ACC0264BC2E997
:1085C00005C015854FF4535142F8103F204817F06D
:1085D000AEFBB54694F871603046FFF707FF8AB0EE
:1085E0006A46B4F874301D49C2E907631C4BC2E9FE
:1085F000051095844FF43351154842F8103F17F099
:1086000096FBBD46BDE8F88F5846FFF761F8EA468D
:108610008AB06A4640F20133C2E90565D06113842D
:108620004FF41351484642F8108F17F080FB013584
:10863000D546ABE7A80400207C050020B2B00300BB
:1086400092BA030096BA030000020103040000027C
:10865000C84D0300A5BA030006000001F4BA0300E8
:108660000500000104000001B6BA0300004870478D
:1086700054950300014810F0AFB800BFD0060020A9
:1086800038B505460C4619B9FFF742FE0446D8B185
:1086900040F635439D420FD12046FFF7C5FE054603
:1086A00040B1034601210A480A4A17F033FB20462D
:1086B000FEF7D4FA284638BD214607481AF0CFF90C
:1086C0000025FFF7D7FFF5E76FF06805F2E700BF79
:1086D000C84D03001BBB0300FC05002073B5C36835
:1086E000D9789A781E8842EA0122ADF8002059799B
:1086F0001A79B4B242EA0122ADF80220D9799A7906
:10870000204642EA0122ADF804201A7A5B7A012160
:1087100042EA0323ADF8063002F06AF8054658B97C
:1087200001211C4823461C4A17F0F4FA0221204676
:1087300017F041FB02B070BD694602F0ABFB38B9DF
:108740001E21204617F037FB284601F01DFFF1E7F8
:108750000E2142F22000FFF7DBFD04460028F3D093
:108760000E210C30FEF7A8FB00230680C0F80A306B
:10877000BDF8003021464380BDF802308380BDF84B
:108780000430C380BDF80630038142F22000FFF7B9
:1087900077FFD9E7C84D030082B6030038B502461B
:1087A0000B462B4DD5F8541109B9002038BD05F5FD
:1087B00098700FF055FC0028F7D10022002305F532
:1087C000AA700FF059FB044668B940F6DD33214A20
:1087D0002149224816F002FC84F31188BFF36F8F01
:1087E0000323184602DFD5F848315BB101211C4A4A
:1087F0001C4817F08DFAD5F84801FEF72FFA002330
:10880000C5F848312046FEF757FAC5F8480120461A
:10881000FFF70AFE0346C8B10121134A114817F0B9
:1088200079FA12480FF0B4FB2046FEF727F80C2225
:108830000F4B02FB0033588818B122461F21FFF767
:1088400079FB2046FEF70AFAFFF714FF0120ADE797
:10885000A804002064B8030068B903005191030024
:108860003DBB0300C84D03001BBB0300D80500201F
:10887000186800202DE9F04F87B0054616460C46D3
:1088800000AF31B9FFF744FD0446A0B96FF06800AE
:1088900095E0887AFDF7EAFF504B83420BD05049B0
:1088A00050484FF4C373504A16F098FB4FF4C3710D
:1088B0004D4816F08AFB0122002138461AF0E8F8EC
:1088C0002046FDF7DBFF0C23DFF850A103FB00A0DF
:1088D00087602046FEF7F0F9014644481AF0BFF8D9
:1088E000FFF7C8FE11F03AFA414B83421FD1DFF87F
:1088F000F8B03E481AF0C8F8002181463D48FFF71D
:108900004DFF804688B94FF4D8735A463A493548E6
:1089100016F064FB2946394816F060FB88F311888D
:10892000BFF36F8F0323184602DF4C45E1D10023CC
:108930003846304A0FF094FB804698B14FF4DB7311
:10894000294A2F49274816F049FB424629462D4817
:1089500016F044FB002383F31188BFF36F8F0323CA
:10896000184602DF2046FDF789FF0C2358431AF80A
:108970000080B8F1000F26D06E468AB06A46224BBE
:10898000C2F81C80C2E90535204B4FF43251136206
:1089900040F2024393841E4B1E4842F8103FA8F158
:1089A000090817F0C4F92046B5465FFA88F8FEF7C3
:1089B00055F9B8F1090F0ED8174B13F908001C37F9
:1089C000BD46BDE8F08F16B134600020F7E72046C1
:1089D000FEF744F9F9E76FF00400F0E77C0E0020A1
:1089E0006E9403005191030064B80300FC0500205D
:1089F000B0440020B4C4040058BB030060BB0300B3
:108A0000ADA1030080BB0300C5BB0300B2B00300EF
:108A100005000001C84D0300C4BD03001868002014
:108A2000F7B5144B054693F99B300C46002B1DDA25
:108A300014B9204603B0F0BD082C4FF0000142F2FB
:108A4000180001AA264628BF0826FFF713FF0028B2
:108A5000F0D1019F3246F968284601311BF01FF919
:108A60003846FEF7FBF83544A41BE1E76FF08500BC
:108A7000E0E700BFA804002073B506460D4642F2A9
:108A80002F00002101AAFFF7F5FE044638B10121AD
:108A9000144A154817F03CF9204602B070BD019801
:108AA000C368B3F801203280B3F803302B80FEF79F
:108AB000D5F83388A3F11B02E02A04D902210B4A1E
:108AC000094817F027F944F248112B88A3F5A4723E
:108AD00092B28A42E0D90221054A034817F01AF9F6
:108AE000DAE700BFE4BB0300C84D0300AAB60300E9
:108AF000FCB603000022F0B583B0114640F60340F7
:108B000000AFFFF7B7FE044600285BD1FFF7E0FB9C
:108B1000214641F203003A1DFFF7ACFE044600284F
:108B200050D17A68BE4DD16805F17803D1F80100C3
:108B3000D1F8051003C31046FEF790F8214641F224
:108B400001003A1DFFF796FE044600283AD17868E6
:108B5000C3685A7885F870205A88A5F872201A7967
:108B600085F87120B3F80720A5F87420B3F8053014
:108B7000A5F87630FEF772F8214641F202003A1D60
:108B8000FFF778FE0446E8B9D7F804C005F180067F
:108B9000DCF80C20531C41323446186859680833FD
:108BA00003C493422646F7D16046FEF757F895F87E
:108BB0007C305E060AD401219A4A9B4817F0A8F837
:108BC0006FF0120420460C37BD46F0BD002142F282
:108BD00003003A1DFFF74EFE04460028F2D17B68E1
:108BE000924EDA68D2F80100D2F8051003C6184692
:108BF000FEF734F8214642F202003A1DFFF73AFE32
:108C000004460028DED17C68E368B3F8012091B205
:108C100049B1D97839B1A5F80421DA78114606F1BD
:108C2000280019F035FF2046FEF718F81F2395F8A5
:108C30007C60A5F8203116F0200618D1022140F6FC
:108C40006D40FFF765FB0446002800F0A780022175
:108C50000C30FEF731F9012321460370467032468D
:108C600040F66D40FFF706FE04460028AAD195F8AD
:108C70009C301C0712D5002142F21C003A1DFFF760
:108C8000F9FD044600289DD17868C368D3F8012017
:108C9000D3F80530C5E93823FDF7E0FF95F8D83063
:108CA000980620D53846B91CFFF7E6FE0446002892
:108CB00088D1042142F22400FFF72AFB064600284F
:108CC0006CD004210C30FEF7F7F83B882246038075
:108CD0007B883146438042F22400FFF7CBFD0446F7
:108CE00000287FF46FAF082142F20100FFF710FB6C
:108CF0000446002852D008210C30FEF7DDF895F824
:108D0000D82012F0020F14BF2F230F23910695F8DD
:108D1000D92048BF43F0400312F0090F4FF0000282
:108D200018BF43F400630370C3F307232146437065
:108D30008270C270027142718271C27142F201008E
:108D4000FFF798FD044600287FF43CAF95F87C308F
:108D5000B5F804119A0624D4C9B941F205003A1DA8
:108D6000FFF788FD044600287FF42CAFB5F80431E6
:108D70007C684BB9E368B3F80120A5F804219A8810
:108D80002B48114619F084FE2046FDF767FF0821A5
:108D900040F60140FFF7BCFA044660B96FF0680482
:108DA00010E70029F3D10121224A1F4816F0B0FF35
:108DB0006FF0040406E708210C30FEF77DF810235D
:108DC00003708823002243700226202321468270EC
:108DD000C670027142718271C37140F60140FFF7A3
:108DE00049FD044600287FF4EDAE01463A1D4FF6DA
:108DF0000140FFF73FFD08B30F4A02210A4816F071
:108E000087FF00F0C7FC044600287FF4DBAE02F0C9
:108E1000FFF9044600287FF4D5AEFFF78DFBD1E6BD
:108E2000A804002004BC0300C84D030080050020F6
:108E3000B005002028BC03004BBC03007B686E46D5
:108E4000DC688AB0B4F80130032B96BF424A43492C
:108E500052F823106A46D3614FF4007340481384DC
:108E6000404BC2E9050142F8103F4FF413513E4810
:108E700016F05DFFB4F80120B546022AB4F80330BD
:108E800049D1052B47D8394A52F823106E468AB08B
:108E90006A46D3614FF4007335481384314BC2E9FD
:108EA000050142F8103F4FF413512F4816F03FFFD1
:108EB000B546637994F806C0032B98BF2D4AB4F8E1
:108EC0000760D4F809006C468CB094BF52F82310A8
:108ED00022496A46C2E9073C4FF40073DFF8A4E078
:108EE0009385254BC2E905E1C2E909604FF473514E
:108EF00042F8103F1C4816F01AFFA5467868FDF7A7
:108F0000ADFE00214FF602403A1DFFF7B3FC0446C8
:108F100018B11A4A71E71149B8E77868C368B3F81D
:108F20000130A5F8C130FDF799FE95F8C1305B0717
:108F30007FF567AF21464FF603403A1DFFF79AFCD5
:108F400008B10F4A59E77868C3685B7885F8C03084
:108F5000FDF784FE55E700BFC47403005DBA03004B
:108F60006FBC030004000001C84D0300AC74030093
:108F700088BC03009C74030007000001CDBC030003
:108F8000F6BC0300A0BC030010B5FFF7B3FD034B14
:108F90001B6813B1BDE81040184710BD30680020B1
:108FA00073B52A4D0646D5F8700119F0BFFC48B9D3
:108FB0000121274A274816F0ABFE6FF01204204625
:108FC00002B070BD6FF0020105F1D40016F0B2FEE0
:108FD000012116F0A1FE10EA010434D11E4B1E60DF
:108FE0000A4605F5987019F053FD05F5AA7019F0B9
:108FF00029FD1A480FF084FC6FF007034FF48052EC
:109000001749164800940FF095FC1649134819F0BB
:10901000BAFDD5F87001144983681B689847044667
:1090200030B103460121114A0A4816F073FEC6E723
:1090300026B902B0BDE87040FFF75CBD05F1C40081
:109040000FF0CAFBBBE76FF07704B8E7A804002075
:109050001FBD0300C84D030030680020B834002055
:1090600090E2002037BD0300DD84010040BD030015
:109070002DE9F04F85B00478054600AF5CB16D492D
:109080006D4840F23F536D4A15F0A8FF40F23F5142
:109090006A4815F09AFF6A4BB0F80190198849F4B4
:1090A0007042914205BF1C80664BA04693F8008039
:1090B000C378061D012B08BF634B304608BF93F8E9
:1090C0006F4016F0EEFD314668B34FF0010A07F12C
:1090D000080016F0DBFDD5F81130C7F80130B5F8FF
:1090E0001530A7F80530EB78012B2FD03046FEF76E
:1090F000EFFA6C4688B06A46544B4FF4E251C2E92D
:1091000005304FF400739383514B524842F8103F9F
:1091100016F00DFE1321A546484616F067FE1437DB
:10912000BD46BDE8F08F204616F0FBFE0346006802
:1091300095F804A0B8609A889B796868BA81BB7377
:10914000B288B3793860BA80BB71CCE707F1080008
:10915000FEF73CFDEB780446012B0AD100F02AFC17
:1091600083466FF08001103016F0E4FD584616F08B
:10917000D9FF002CBAD02346B5F8012023F8702B74
:10918000BA7BB868B98920679A7100229980B5F8CE
:109190001730A4F88630B5F81930A4F88C30B5F83B
:1091A0001B30A4F88E30EB7862722B4A012BC4F886
:1091B000A42002F14702C4F8A8204FF4A472E3707F
:1091C000A4F8AC2022D187F800A0BA88BB7938680F
:1091D000A4F87B2084F87D30C4F8770000F0EAFB27
:1091E000237A194AC3EBC3039918D358C4F87E30C5
:1091F0008B88A4F882308B7984F88430D2E93813D4
:1092000003F03F03194301D000F096FD07212046EB
:1092100001F00AFAB8F1000F05D00121204684F8C8
:10922000098001F001FA204601F096FB204601F08A
:10923000ABF974E75CBD03005191030064B803000F
:10924000A87B002077BC0020A804002070BD03008C
:1092500003000001C84D030001011B0000B5C368F5
:1092600089B0187820B109B05DF804EBFEF71CBD99
:10927000B3F801208DF80000ADF80120DA788DF800
:109280000320B3F80B20ADF81720B3F80D20ADF88C
:109290001920B3F80F20ADF81B205A7C8DF81D2043
:1092A000586801901A899B7AADF808208DF80A3029
:1092B000084B68461A689B88CDF80B20ADF80F3034
:1092C000CDF81120ADF81530FFF7D2FE09B05DF8EA
:1092D00004FB00BFD9B4030038B5042104460C30A8
:1092E000FDF7CCFD034640885D7818B12246197819
:1092F000FEF720FE35B104480EF04AFEBDE83840C6
:10930000FFF7B8B938BD00BFD8050020B0B5044696
:10931000032100AF0C30FDF7B1FDE3680578197843
:1093200040F63543B0F80100984215D16C468AB03A
:109330006A460F4B0F48C2E905310F4B4FF41251EB
:10934000D36140F2013313840C4B42F8103F16F006
:10935000EEFCA546BD46B0BD10B12246FEF7EAFDC3
:10936000002DF7D006480EF013FEFFF783F9F1E762
:109370008CBD0300C84D0300B2B00300040000011F
:10938000D8050020F8B506460024094DEF79E3B270
:109390009F4202D86FF0010007E02946304616F0E0
:1093A000B6FD0735631C08B12046F8BD1C46EEE744
:1093B000A804002070B5194E0622314605461AF061
:1093C00084FC30B3062142F20500FEF7A1FF0446FB
:1093D00008B3062229460C3016F016FA2146002260
:1093E00042F20500FFF746FA044648B110F10D0FAE
:1093F00004D102210A4A0B4816F091FD204670BDA7
:1094000033462A6843F86929AA88B280012283F882
:1094100068200024F2E76FF06804EFE711050020F0
:10942000D8BE0300D04D030037B504460D4689B1C0
:109430002846184916F06BFD60B9174A2968C4EB35
:10944000C4041151A318AA889A80AA799A7100209D
:1094500003B030BD684616F00BFC0028F8D1684612
:10946000FFF790FF0028F5DA0B4A0098C4EBC4041C
:1094700010519DF80610BDF80400A318988099714A
:10948000002DE4D012592A609A88AA809B79AB718A
:10949000DDE700BFCCB40300A804002070B504468B
:1094A000B1B9C0B11F4916F032FDA0B92046FFF78F
:1094B00069FF00282FDA2378012B04D1A37903F068
:1094C000C003C02B07D00121174A184816F027FD0A
:1094D0006FF0150070BD164DEB79012B1ED005F114
:1094E000D403D3E8AF3FDB0707D4002CF0D02046ED
:1094F0000C4916F00CFD0028EAD1EE792146731CC8
:109500003046EB71FFF790FF08B93046E2E7EB79A0
:10951000013BEB71DEE76FF07700DBE76FF00B00EC
:10952000D8E700BFCCB40300E7BE0300D04D030072
:10953000A80400202DE9F341044640B91A4A02214B
:109540001A4816F0ECFC002002B0BDE8F0810021C2
:1095500041F2090001AAFFF78DF9054608B1144A46
:10956000EDE7019E0622D6F80C80124908F10107AA
:1095700038461AF0AAFB28B1062238460E491AF0DE
:10958000A4FB18B93046FDF769FBDCE7D8F80130D9
:109590003046C4F80130BB882570A4F80530FDF7CB
:1095A0005DFB0120D0E700BF15BF0300D04D0300D5
:1095B0002EBF0300D9B40300D3B4030007B5684637
:1095C000FFF7B8FF044BD87118B169460020FFF7C8
:1095D0002BFF03B05DF804FBA8040020F0B5304D6C
:1095E00089B0EC79002C53D195F8C26016F00106D1
:1095F00010D12C4A02212C4816F091FCEC71162651
:1096000000240127EB79E0B298422CD3002B3FD005
:1096100000203BE06A4621464FF60940FFF72AF951
:1096200008B1224AE6E7DDF800C0DCF80C104B7800
:1096300023B96046FDF712FB1D4ADBE78B1C02AA2B
:1096400001F11204174618685968083303C7A3428A
:109650003A46F7D11868344638609B886046BB802C
:10966000FDF7FCFACAE708AB06FB003353F8182CE9
:1096700033F8143C6946CDF80120ADF805308DF87B
:109680000070FFF7D1FE01340028BBD009B0F0BD57
:109690000021084609B0BDE8F040FFF7FFBE00BF5B
:1096A000A80400204CBF0300D04D030078BF030086
:1096B00098BF03002DE9F0410D4617461C460646AB
:1096C00050B14BB10A03037811D56D0708D50121BC
:1096D0002D4A2E4816F023FC6FF01500BDE8F081EE
:1096E00016F02CFC0028F9D101232370F6E7E907D6
:1096F0002ED527480FB1AA0608D4C3EBC302825C5B
:10970000012A13D002B922700020E7E790F8D82090
:10971000510635D5C3EBC302825C012A06D002B9DB
:109720002270237843F002032370EDE74FF0010825
:10973000072111FB03810144304616F0F7FB002896
:10974000CCD184F80080002FDED0AB06DCD5E8E772
:109750006A0712D50E49C3EBC3028E5C012E09D1F4
:10976000072212FB0363194416F0E0FB0028B5D171
:109770002670EAE7002EE8D1FAE716F0DFFBB3E740
:109780006FF08500AAE700BFC1BF0300D04D030002
:10979000A804002038B5104DEB7913B10024204601
:1097A00038BDFFF70BFF044628B10C4A01210C48D5
:1097B00016F0B5FBF3E7EB79002BEFD1FFF70EFFC7
:1097C00004460028F1D1681CFFF7F4FD0446002888
:1097D000E5D0044AEAE700BFA8040020E0BF030088
:1097E000D04D0300FFBF03002DE9F74F0C462021A9
:1097F00092460090FEF78CFD0546002855D02021AA
:109800000C30FDF759FB2022814600211AF055FA51
:10981000002609F1010B04EBCA0A0023D4F80080EA
:10982000626893420CD30834A245F6D1002229463F
:10983000009889F8006003B0BDE8F04FFFF71AB850
:1098400098F80120B01C81181F2998F800C015D97C
:10985000BCF1090FC0F11F0201D1002A0CDC01216B
:10986000134A144815F026FE2846FDF7F7F96FF065
:10987000150003B0BDE8F08F4FF0080CD7B2791C8B
:109880000BF80610711CC9B20BF801C0D8F804100F
:109890005BFA80F0019302371AF001FA019B37441A
:1098A000FEB2013308F10808BAE76FF06800E0E79C
:1098B00022C00300984D0300072208B50349093070
:1098C0001AF003FA003818BF012008BDCCB4030019
:1098D000F8B5154B067804460D4683F86F60FFF720
:1098E000EBFF70B93046114901F028FB044610B96E
:1098F0006FF00B00F8BD052100F096FE00202C60F3
:10990000F8E704F109073946304601F05BFB40B93E
:109910002078394601F012FB04460028E8D00621E1
:10992000EAE76FF01500E5E7A8040020C5B40300DE
:10993000F8B545680646690535D4046914B115F0D3
:10994000010330D0194F3078FB7983422BD9C0EB1B
:10995000C0000722164938441AF0B7F9A8B115F02B
:10996000010306D197F87020082A02D8B2689F2A0E
:1099700019D915F0300F09D0ACB1EA060AD405F4B4
:109980006035B5F5603018BF0120F8BDEB0601D495
:10999000002CF4D1D6E902239A4204D81F2A02D916
:1099A000B3F5804FEBD90020EFE700BFA8040020FB
:1099B000CCB4030000487047C00400202DE9F04FEC
:1099C0009A460023D1F810908DB0B9EB03060546F6
:1099D000934818BF01260592079316F0D9FA0C4652
:1099E000410740F112812046FFF7A2FF28B96FF02E
:1099F000150B58460DB0BDE8F08F204616F0B5FAAD
:109A000080460028F3D005F11007384616F0C0FA5A
:109A10000206C0F3C01300F1FB80CDE90933CDF895
:109A20002B30A3686068ADF82030E3686FF4807174
:109A3000ADF8223016F09DFA8DF82D00784816F01A
:109A4000AAFA2378774A2B7082F86F30284632467C
:109A500061680DF12503FFF72DFE83460028C8D16C
:109A600005F10902B9F1000F18D021690868C5F89D
:109A700009008888908089792046917116F01DFB35
:109A800062680646D0071BD4920503D4169B0BB917
:109A9000022E5CD102238DF8243023E0624B204655
:109AA0001968C5F8091099889B799180937116F00F
:109AB00004FB62680646D107E6D58DF8249011E0D4
:109AC00012F0100F0CBF01220422D8468DF824207A
:109AD00022691168CDF826109188ADF82A10927984
:109AE0008DF82C200F2142F20600FEF711FC834670
:109AF000002800F090800F2208A90C3015F084FE99
:109B00000022594642F20600FEF7B4FE002840F05B
:109B10008580B9F1000F20D06368DB072BD40121C9
:109B2000284616F0DAFA8346002866D001213F4A1B
:109B30003F4815F0BFFC079C002C3FF45AAF20466D
:109B4000002100F071FD204600F01EFD51E70323C7
:109B5000DDF858808DF82430C4E7179B52460093F7
:109B60002846CDE90186169B059916F034FA8346FE
:109B70000028D1D03DE7284607A9FFF7A9FE834674
:109B80000028CCD010F10C0F7FF433AFB9F1000FE7
:109B90007FF42FAF626890073FF52BAF636883F0C7
:109BA0000203C3F3400B0BF001020E21384616F0FE
:109BB000FDF9731E5A425A410821384616F0F6F94B
:109BC000B11E4A424A413846092116F0EFF962684F
:109BD0000A21384602F0010216F0E8F942460B214C
:109BE000384616F0E3F962680D213846C2F3800268
:109BF00016F0DCF94FF0000BFBE6079808B100F017
:109C0000C3FCB9F1000FCED1C8E76FF00A0BF0E644
:109C10006FF0770BEDE66FF0680BEAE68346E8E657
:109C20007C050020A8040020CCB403003BC0030046
:109C3000984D030073B51546069A0C46CDE90032DF
:109C40002B460A4601461148FFF7B8FE2146064654
:109C5000002340F201109D4202D1304602B070BD97
:109C60000A88824204D14A6812B11278D20702D41B
:109C700001330831EFE7064906480EF0C9FE00231C
:109C8000054A04480EF0FCFFE7E700BFC0040020CF
:109C9000159D0100D80400201C4E0E0010B5194877
:109CA00016F040FA6FF48041174816F074F9164820
:109CB00016F06EF903461A06C0F3C01021D51248FB
:109CC00016F066F9430513D50E48FFF7F5FD034678
:109CD0000E49087E93B905220D4901F0ABF90446FF
:109CE00030B10021417200F09FFC204600F04CFC96
:109CF000BDE810400021034816F0EFB906222131DB
:109D0000EBE710BDC0040020D0040020A804002010
:109D1000C5B4030010B5FFF7C1FF034630B1BDE87D
:109D200010400221024A034815F0CDBB10BD00BF10
:109D300056C00300984D030073B5334816F028F958
:109D400010F4804F304C38D0204616F021F903062D
:109D500033D4204616F01CF946052ED501A9A4F1EE
:109D60001000FFF7B5FD40BBA4F11000FFF7A4FD04
:109D70000246204616F00CF9C0F38031204616F05A
:109D800007F981F0010145054FEA41011E4848BF2E
:109D900041F0010116F0FCF8800448BF41F00401D5
:109DA0001A480DF10303FFF785FC054638B1012180
:109DB0000346174A174815F086FB02B070BD012113
:109DC000124816F08AF9019E28B9304602B0BDE863
:109DD000704000F0D9BB2946304600F025FC6FF4F6
:109DE0008041094816F0D7F80546304600F0CCFB14
:109DF0006B04E2D5D4E8EF3F43F48043C4E8E23F8C
:109E0000002ADAD0F6E700BFD0040020C00400200A
:109E100075C00300984D030010B50446FCF72EFDF5
:109E2000044901EB00112046FDF75AFDBDE8104042
:109E3000FEF720BC3468002070B50546134B1C6843
:109E400044B154F81C3C1C3C13B12846697A98472D
:109E5000E469F5E70E4C0F4EB44215D90E4940F2B5
:109E600083730E4A0E4815F0B9F80E4815F0B6F88F
:109E700040F28371094815F0A8F8236813B1284609
:109E8000697A98472034E7E7F7D370BD046900206A
:109E9000484D0300684D0300E2C00300B2C0030058
:109EA00051910300C5A3030070B50E46054615F099
:109EB00014FF014648B10F490F4898230F4A15F087
:109EC0008DF898210D4815F080F8002200230C48E9
:109ED000FCF71CFD044658B1FCF7D0FC094B324698
:109EE000294603EB00132046BDE87040FDF720BD76
:109EF00070BD00BFFDC0030051910300B2C003005C
:109F0000480E00203468002070B5044649B90E4957
:109F10000E4840230E4A15F061F840210C4815F018
:109F200054F80022D1E901560A48C1E9012218F08B
:109F300096FD3DB1314620462B46BDE870406FF09E
:109F40006D02184770BD00BF17C103005191030097
:109F5000B2C00300900D002010B50C468178012995
:109F60000BD00C490C4840F2DB330C4A15F036F8A4
:109F700040F2DB31094815F028F8A16904F1180016
:109F80001160E26900211A60E27ABDE8104019F020
:109F900094BE00BF1AC1030051910300B2C0030078
:109FA00030B5044685B00430D0E8EF3F43F480621A
:109FB000C0E8E12F0029F7D15D0547D416F0BBF8C2
:109FC00010F4803F224D30D095F8D930D90710D504
:109FD000022300211A462046009115F062FF034635
:109FE00020B101211B4A1C4816F0A8F8A37A072BC0
:109FF0002CD195F8D8309B0628D515F0B1FE28B3A2
:10A000000DF10E0103A8FEF737FDF8B92046BDF8A3
:10A010000E20BDF80C1015F026FF0346B0B101214B
:10A020000E4A0D4816F08AF810E095F8D8301A0755
:10A03000CAD5204615F0FDFE034620B10121084A8D
:10A04000054816F07BF8A37A072BBDD005B030BDCC
:10A05000A80400204DC10300B04D030064C10300FB
:10A060002CC1030070B505460022002316480DF0F0
:10A07000F7FF38BB154B1C6834B154F8143C1C3C3A
:10A0800003B19847E469F7E7114C124EB44213D973
:10A09000114940F29663114A114814F09FFF11488C
:10A0A00014F09CFF40F296610C4814F08EFFA368F8
:10A0B00003B198472034E9E7F9D32846BDE870405A
:10A0C0000EF08ABB70BD00BF580D0020046900204F
:10A0D000484D0300684D0300E2C00300B2C0030016
:10A0E00051910300C5A303002DE9F84304460FF086
:10A0F00035FE1D4B834211D140270025DFF87880C3
:10A10000EFF3118387F31288BFF36F8FE16989B989
:10A1100083F31188BFF36F8FBDE8F88313491448A8
:10A120004FF48973134A14F059FF4FF489711148A1
:10A1300014F04BFF206A0A68814208BF2262E26184
:10A1400083F31188BFF36F8FD1E901694046C1E9FC
:10A15000015518F084FC1EB1002249462046B04744
:10A16000FEF788FACCE700BFB044002080C10300AE
:10A1700051910300B2C00300900D00200448B0F8D4
:10A18000043100F58470002B08BF0020704700BF29
:10A19000A804002070B504460E468AB00FF0DEFD1C
:10A1A000134B834205D120460AB0BDE87040FFF74B
:10A1B0009BBF24342146184618F0CFFC051E0FDA49
:10A1C0004FF4A5730B4A0C490C4814F007FF2946BD
:10A1D0000B4814F003FF4FF4A571064814F0F5FE88
:10A1E0001EB1694620460EF0FDFA0AB070BD00BFF0
:10A1F000B0440020B2C00300FBA50300519103004E
:10A20000C6C1030038B5002204468A4202D10024A8
:10A21000204638BD012004F1D403D3E8EF5F002DC0
:10A2200004D1C3E8EC0FBCF1000FF6D102D0D83452
:10A230000244EAE7002CEAD0D4220021204619F09B
:10A240003CFD04F1400004490EF0E2FB034904F137
:10A2500024000EF0E1F9DBE7E1B001007B0103002F
:10A26000F7B50D46164601210446FFF793FF00217E
:10A27000284615F077FD012E1BD0022E45D123690B
:10A280003BB140480121404A15F014F9204615F031
:10A2900092FF2846FCF710FD20612269138A012BEA
:10A2A0003AD8208815F060FD0121284615F05AFDA6
:10A2B0000CE0206940B9354A3146324815F0FAF8C9
:10A2C000204615F078FF01E02F8A2FB9284603B009
:10A2D000BDE8F040FCF7C2BC0C3015F08DFA8742A7
:10A2E0000CD92B4A3146274815F0E4F800222046C5
:10A2F000216901F0B9F900232361E7E720692A8A7F
:10A30000E9680C3015F080FAC7E733460121214A8D
:10A310001C4815F013FFD3E7D26816880436B6B28E
:10A32000B342BED32846FCF799FC25692B8A9E428E
:10A330000BD20121184A1348009615F0CEF820469A
:10A3400003B0BDE8F04015F036BF002323612A7A40
:10A35000012A0FD040F2D913104A1149114814F0C4
:10A360003DFE297A104814F039FE40F2D9110B480D
:10A3700014F02BFE2946204603B0BDE8F04001F062
:10A3800073B900BFB04D0300E1C10300FEC103007B
:10A390001CC2030043C2030061C20300B2C0030039
:10A3A0007CC20300519103008AC20300034610B52A
:10A3B00090B100F1D402104615F0BDFEC0B1411CB1
:10A3C000D2E8EF4F844204D1C2E8EC1FBCF1000F89
:10A3D000F6D1F0D1184610BD0649074840F2D553D2
:10A3E000064A14F0FBFD40F2D551044814F0EDFD8F
:10A3F0000346EFE79FC2030051910300B2C0030080
:10A4000038B50122044600F1C803D3E8EF5FC3E882
:10A41000E12F0029F9D17DB9FFF7C8FF0FF0ECF962
:10A42000094BC4F8C450D3F8281104F1C40239B957
:10A43000C3E949220FF04EFABDE83840FEF71AB9D9
:10A440000A60C3F82821F5E7A804002070B5474B3F
:10A450005A8C32B1464DD5F8244134B900242046F7
:10A4600070BD1B68002BF5D1F8E754F8C43903B16F
:10A47000C43B00263F4912E01346B5F80421002AE8
:10A4800071D0D5F81021C2B904F1C406002BE5D073
:10A49000D3F8C4201C46002AEED0A2F1C403A34284
:10A4A000EBD1354940F2A533344A354814F096FDD6
:10A4B00040F2A531314814F088FD0A68002AE3D043
:10A4C000D4F8B020002ADFD0D4F8B420002ADBD0A2
:10A4D000D4F8B820002AD7D0A37A072B0DD1204674
:10A4E000904750B104F1CC0015F025FE022804DCA1
:10A4F0002046BDE87040FFF759BF04F1C403B342E2
:10A5000009D1204940F2C2331C4A1D4814F066FDAF
:10A5100040F2C231CEE7D4F8C420E6B9D5F828110C
:10A52000C5F824218B4201D1C5F82821002204F16D
:10A53000C803C4F8C420D3E8EF1FC3E8E02F002805
:10A54000F9D12046D4F8B8309847002887D0204663
:10A55000FFF756FF83E73260D5F82821934208BF02
:10A56000C5F82861E2E79368FFDE00BF480E0020CF
:10A57000A8040020900D002098C20300B2C0030080
:10A5800051910300A4C2030037B570B91E4940F2CF
:10A59000FD531E4A1E4814F021FD1E4814F01EFDF6
:10A5A00040F2FD51194814F010FD8578C478D4307C
:10A5B000D0E8EF3F5A1EC0E8E12F0029F8D101A8EA
:10A5C000019315F0B8FD019B002B0CDC124940F201
:10A5D0000D630E4A0E4814F001FD104814F0FEFC05
:10A5E00040F20D61DEE701280BD10D480DF0D0FCE3
:10A5F0000C480EF0F1F8012D03D1012C01D1FFF729
:10A600009BFB03B030BD00BF9FC20300B2C003007C
:10A6100051910300BFC20300DEC20300E6C2030083
:10A62000580D002000070020F8B5867A04468E42B7
:10A630000D4600AF1BD1082E98BF624B6C4688B008
:10A6400094BF53F82630604B6A466049C2E905134F
:10A650004FF4007393835E4B42F8103F00234FF496
:10A66000E4515C48FAF76EFCA546BD46F8BD817220
:10A6700026B98378082B01D0FFF798FEA37A082B20
:10A6800000F29D8001A252F823F000BFE7A601006E
:10A6900065A701006BA601006BA601006BA6010077
:10A6A0006BA601006BA60100B1A601006BA601001C
:10A6B000A378042BD9D00021474810F0F7F90023E4
:10A6C000C4E90D33E378012BCFD1A378434A012BA2
:10A6D00008BF032304F1400008BF84F8943000232E
:10A6E0000EF046FAC1E7A378042B03D12046FFF70A
:10A6F0004BFFBAE7082EB8D801A353F826F000BFE5
:10A7000057A7010025A7010049A70100EDA60100F8
:10A71000EDA60100EDA6010049A7010057A7010021
:10A7200057A7010004F1400528460EF0AFFA0121B9
:10A730002046FFF72FFD204615F03DFD00220023A7
:10A7400028460EF09DFA90E7637A002BCED0204683
:10A75000FFF772FBCAE72B46214A02211D4815F07C
:10A76000EDFC82E7637A3E2B0FD16D4688B06A46D6
:10A770001C4BC2E90534032342F8103F00234FF479
:10A78000C4511448FAF7DEFBAD46174D05F5847643
:10A79000616911B9FDF76EFF67E7A2690B68914225
:10A7A00008BFA36120466361FFF7AEFBB5F8043133
:10A7B000002B14BF304600200DF0EAFBE8E72B46E3
:10A7C0000A4ACAE76475030004C303000EC303000A
:10A7D00003000001B04D0300100700205A62020080
:10A7E0001FC3030036C30300A80400205DC3030099
:10A7F00070B5024605460E460A48012115F0E4FCF4
:10A80000044610B90024204670BD83781E42FAD158
:10A810002B460221044A054815F090FC2046FFF71C
:10A82000B3FEEFE7B035002079C30300B04D03005D
:10A83000F8B5074609480D461646FFF7B7FD04462A
:10A8400050B183781F4203D1BDE8F840FFF79CBEAA
:10A850003146A8472046F7E7F8BD00BFB0350020D5
:10A86000002201200149FFF7E3BF00BF6F01030091
:10A870000C4A08B50C49831ADB10904201FB03F324
:10A880000ED00A4940F23363094A0A4814F0A6FB85
:10A89000094814F0A3FB40F23361054814F095FB1E
:10A8A000D8B208BDB035002013DA4B6890C303005E
:10A8B000B2C003005191030059C403002DE9F843CD
:10A8C00005460F4616461C469046994618F055F91F
:10A8D00058B11949194840F24F63194A14F07EFBE8
:10A8E00040F24F61164814F070FB344309D00FF06A
:10A8F00035FA144B834207D10221134A134814F04E
:10A90000D9FD4FF00008C146114942464B46002D83
:10A9100014BF2846084614F058FF044638B90221EF
:10A920000C4A0A4814F0C6FD2046BDE8F883791D9C
:10A930000C30FCF743FAF7E773C4030051910300AE
:10A94000B2C00300B044002082C40300B04D030035
:10A95000AC0D0020ABC4030010B5044605480DF053
:10A960003BFF204600F0E0FC2046BDE81040FFF72A
:10A9700063BA00BFF006002010B5837A0446023B9C
:10A98000062B29D8DFE803F00B042828281E09002D
:10A99000417200212046FFF747FE002010BD83785A
:10A9A000012BFAD040F26A730D4A0E490E4814F09A
:10A9B00015FBA1780D4814F011FB40F26A710848AC
:10A9C00014F003FB008815F011FA0028E6D1A37AF1
:10A9D000072BE2D10821DDE76FF07F00DEE700BF43
:10A9E000B2C003006E94030051910300D4C403006D
:10A9F0002DE9F04F002587B000AFFD607D61FFF7C6
:10AA000025FD0446F8B1837A072B26D06E4688B020
:10AA10006A46A44BC2E90530032342F8103F4FF4C5
:10AA2000C4512B46A048FAF78DFAB5464FF0FF31D6
:10AA30002046D4F8B03007F110029847014630B9EB
:10AA40002046FFF7A1FD1C37BD46BDE8F08F20462C
:10AA50007B69FA6815F074FBE8E7DFF88082D0F8CC
:10AA6000B030B8F8041107F11002984706460028E4
:10AA7000E6D0B8F804213B699A4208D30146D4F8DD
:10AA8000B450204607F1140307F10C02A847D7E998
:10AA900003BA7B697B60338A5BB9844940F29123B6
:10AAA000834A844814F09AFA40F29121804814F0C5
:10AAB0008CFA304615F011F9814648B17B4940F2D5
:10AAC00097237B4A7B4814F089FA40F29721EDE7FF
:10AAD000B8F804317848002B08BF0020002200237A
:10AAE0000DF0BEFA60B1714940F2A623704A714878
:10AAF00014F074FA714814F071FA40F2A621D5E707
:10AB0000002200236E480DF0B7F9054660B9674989
:10AB10004FF42C73664A674814F060FA694814F0E1
:10AB20005DFA4FF42C71C1E77B68C0F804B0836014
:10AB3000B8F804B1337ADA4598BF1FFA8AFB012BC3
:10AB400009D061494FF43173594A5A4814F046FA12
:10AB50004FF43171AAE7338A5B4511D93046FCF7CF
:10AB6000ABF85946FFF7A0F9834660B9574940F260
:10AB7000D2234F4A4F4814F031FA40F2D22195E7E0
:10AB800059463046EEE7B8F8042194F8D0309245A3
:10AB90008EBF4FF001090233DBB284F8D09004F18C
:10ABA000CC02D2E8EF1F0131C2E8E01F0028F8D143
:10ABB00000212960A169A1B9C4E9055594F802A052
:10ABC000BAF1010F10D040F2F623394A374939481B
:10ABD00014F004FAA1783E4814F000FA40F2F6218D
:10ABE00064E70D60A561E9E704210BF10C00C7E9FA
:10ABF0000032FCF705F94FF004093B68218803F0A7
:10AC0000FD0341EA03330380BBF81030043B43806B
:10AC100058468BF81890FDF707FC7A6800283ED05C
:10AC20007860D2E8EF3F013BC2E8E13F0029F8D16C
:10AC3000294604F1140015F0A3FA7B685146254A11
:10AC4000194815F07BFA5846FCF708F820462946C3
:10AC5000FFF75AF9B8F804311748002B08BF002055
:10AC60000DF096F96D4688B06A461B4B53616FF044
:10AC70000403C2E9063442F8109F00234FF4015147
:10AC80000948FAF75FF931462046AD467B69FA6814
:10AC900015F056FA13212046FFF76EFED0E6FDF7B9
:10ACA000E9FCCDE6EBC40300B04D03006E94030055
:10ACB000B2C0030051910300B005002002C503009B
:10ACC000900D002017C5030027C503003CC50300F5
:10ACD00050C503001BBB03006DC50300A804002082
:10ACE000F8B5031D0446184615F025FA820415D55B
:10ACF000B4F88620B4F8881091420FD8B4F88A10BE
:10AD000091420BD3D4E92312914207D1D3E8EF1F2C
:10AD100021F40051C3E8E21F002AF7D1184B1D6847
:10AD20006DB155F80C6C1C3D3EB12046B4F88E3028
:10AD3000B4F88C20B4F88610B047ED69F0E7114DF7
:10AD4000114FBD421AD9114940F2CE73104A114831
:10AD500014F044F9104814F041F940F2CE710C4857
:10AD600014F033F92E693EB12046B4F88E30B4F8B1
:10AD70008C20B4F88610B0472035E2E7F2D3F8BD56
:10AD800004690020484D0300684D0300E2C0030041
:10AD9000B2C0030051910300C5A30300F8B5174BDF
:10ADA00005461C685CB11C3C00F1A606A36913B102
:10ADB000314628469847E4690CB11C3CF6E7104C34
:10ADC000104E05F1A607B44215D90F4940F2E273BF
:10ADD0000E4A0F4814F002F90E4814F0FFF840F242
:10ADE000E2710A4814F0F1F8A36913B13946284614
:10ADF00098472034E7E7F7D3F8BD00BF0469002087
:10AE0000484D0300684D0300E2C00300B2C00300D8
:10AE100051910300C5A30300F8B5174B05461C6804
:10AE20005CB11C3C00F1A406636913B131462846AD
:10AE30009847E4690CB11C3CF6E7104C104E05F144
:10AE4000A407B44215D90F4940F2F5730E4A0F48D2
:10AE500014F0C4F80E4814F0C1F840F2F5710A4835
:10AE600014F0B3F8636913B1394628469847203483
:10AE7000E7E7F7D3F8BD00BF04690020484D0300A1
:10AE8000684D0300E2C00300B2C00300519103000B
:10AE9000C5A303002DE9F041074608460D4614F00E
:10AEA00064FF064618B900263046BDE8F0811C4B09
:10AEB0001C6884B154F8103C1C3C0BB9E469F8E7F9
:10AEC0002946384698470028EDD0284614F04DFF13
:10AED0000028F3D1E7E7134CDFF85C80444518D92C
:10AEE000114940F61603114A114814F077F8114839
:10AEF00014F074F840F616010C4814F066F8294670
:10AF0000384698470028CED0284614F02EFF20B9A6
:10AF1000C9E7C9D2E368002BF1D12034DEE700BFD6
:10AF200004690020484D0300E2C00300B2C00300E2
:10AF300051910300C5A30300684D030038B50546D1
:10AF40000C460E480121FFF75DF9B0B10572236888
:10AF50000367A388A0F87430A37980F876300123C2
:10AF60008370074BC0F8B030064BC0F8B430064BC6
:10AF7000C0F8B830054BC0F8883038BDB035002077
:10AF800085B40100599F01002B010300180028001F
:10AF900070B505460A480E46FFF708FA044620B188
:10AFA0008378012B04D0FFF7EFFA0024204670BD10
:10AFB0003246294615F02AF90028F7D12046F2E753
:10AFC000B0350020B0B500AF0D46FFF7E1FF0446F5
:10AFD00010B32846FCF77CFBA37A6D46082B98BF7C
:10AFE0000E4A8AB094BF52F823300D4B6A46C2E92C
:10AFF00007030C4B0C4953620C4BC2E9051442F891
:10B00000103F00234FF442510948F9F79BFF2046B7
:10B01000AD46FFF7B9FA0120BD46B0BD6475030027
:10B0200004C303000103020490C5030005000002ED
:10B03000B04D0300F8B505460E480E461746FFF71B
:10B04000B5F9044620B18378012B03D0FFF79CFAB1
:10B0500000240DE036B13246294615F0D7F808B97C
:10B060002046F3E7A37ABB42FAD1237AAB42F7D169
:10B070002046F8BDB035002038B5044608460D46D8
:10B0800014F073FE38B3154B93F8D830990707D4F2
:10B09000E37873B129462046BDE8384000F010BB84
:10B0A00094F895309A07F3D5201D15F044F8430421
:10B0B000EED42946204615F0CBF858B92B88A4F8D1
:10B0C00088306B88A4F88A30AB88A4F89030EB887D
:10B0D000A4F8923038BD6FF01500FBE7A8040020FB
:10B0E000F7B510F8363C0446A0F140068BBB30465D
:10B0F00015F03EF93B4B1D684DB155F8183C1C3D11
:10B100001BB1304614F8371C9847ED69F4E7364D0B
:10B11000364FBD4216D9364940F29473354A364807
:10B1200013F05CFF354813F059FF40F29471314839
:10B1300013F04BFF6B681BB1304614F8371C98476F
:10B140002035E6E7F6D3304603B0BDE8F040FFF720
:10B150001BBA10F83E3C012B25D1A0F13C05D5E8E7
:10B16000EF3F23F40052C5E8E12F0029F7D19904FD
:10B1700021D5A36C69460093236D30460193FFF7F8
:10B180007BFF034688B9D5E8EF3F23F48053C5E839
:10B19000E23F002AF7D1D5E8EF3F43F40063C5E86A
:10B1A000E23F002AF7D103B0F0BD154A022115484D
:10B1B00014F0C4FFEFE74FF42813134A69463046F2
:10B1C000CDE90023FFF758FF034640B9D5E8EF3F2C
:10B1D00043F48053C5E8E23F002ADCD0F6E70B4A8F
:10B1E000E4E700BF04690020484D0300684D0300F8
:10B1F000E2C00300B2C0030051910300C5A30300E5
:10B20000C9C50300B04D030018002800EEC50300B7
:10B2100070B50C4817F016FC00240B4D094E29465A
:10B220003046013417F01BFC102C05F10C05F6D14B
:10B2300015F083FC15F063FF044608B915F0FBF820
:10B24000204670BD900D00204468002008B50346DC
:10B250000121034A034814F036F9002008BD00BF5D
:10B26000A1C60300D84D030080B500AF88B06A4680
:10B27000074BC2E90530032342F8103F00234FF487
:10B28000C2510448F9F75EFE6FF00B00BD4680BD69
:10B29000C9C60300D84D0300044B1A680AB1FFF772
:10B2A000E3BF0348586010460B6070470C690020EC
:10B2B000A875030010B50268D2F8BC305BB9164916
:10B2C00040F2C323154A164813F088FE40F2C3210A
:10B2D000124813F07AFED2F8C0401968A34208BFA2
:10B2E000C2F8C010C2F8BC1000F14C029342E6D183
:10B2F00000225030D0E8EF3FC0E8E12F0029F9D11B
:10B300004BB9084940F2C723044A054813F066FECA
:10B3100040F2C721DCE710BD21C70300F0C60300DF
:10B32000519103003BC70300F7B5044600262A4DA0
:10B330002A4FBD424DD92A494FF4CA73294A2A4897
:10B3400013F04CFE294813F049FE4FF4CA7125480A
:10B3500013F03BFE20466B6801A99847002833DBB9
:10B36000019B2A889A829A84A86803F11002D2E885
:10B37000EF1FC2E8EC6FBCF1000FF8D1C3E914660F
:10B38000DE649E60A16B03F10802F9B9C4E90D22E5
:10B390001C60D86003F1300017F054FB019843683B
:10B3A0001B6803B19847019B1033D3E8EF1F41F0AE
:10B3B0000101C3E8E21F002AF7D101984368DB6965
:10B3C00013B100F1100198470C35B2E70A60A2638F
:10B3D000DEE7BFD303B0F0BD244D0300484D0300AA
:10B3E0003FC70300F0C6030051910300C5A303004B
:10B3F0002DE9F0411D4652EA050306460F46144664
:10B4000009D10024254622462B463046391DBDE889
:10B41000F041FFF753BA0EF0A1FC024B8342F2D188
:10B42000EFE700BFB044002073B5054618462B680F
:10B430000BB39B7A072B1ED1002A14BF02230123D2
:10B440000E7A9E4209DD01210C4A0D48009614F047
:10B4500044F86FF0150002B070BDCB7A072BF8D915
:10B46000C8618A6105F1300017F0F9FA284614F036
:10B4700019FF0020EFE76FF07F00ECE766C70300DD
:10B48000D84D03002DE9F0470E469146D0F8BC4058
:10B4900000AF4CB14C3C236B6BB104F1300A504609
:10B4A00017F0F2FA054658B9FDF7E4F800252846EA
:10B4B000BD46BDE8F0872046FFF7FCFEE46CE8E7F8
:10B4C00014F00BFC80B16C4688B06A46304BC2E980
:10B4D0000535032342F8103F00234FF4C2512D4895
:10B4E000F9F730FDA546E1E7636DB3B9A38CB5F874
:10B4F0001080403B9BB23F2B03D8238D984528BF3B
:10B500009846042105F10C00FBF77AFCA0F80080B6
:10B51000A38C438008F104036365636D2A8AB342F8
:10B5200021D8934212D10022002350460CF0A4FCF3
:10B53000854221D01849194840F2D233184A13F0F5
:10B540004DFD40F2D231164813F03FFDA38C403B35
:10B550009BB23F2B19D92046FFF7ACFE236B13B1EA
:10B56000204614F09FFE636D9E422CBF00269E1B5A
:10B57000C9F8003066659AE7A38CA3F140023F2A20
:10B58000E9D8084AAA61EB61E5E700221346F9E72A
:10B5900086C70300D84D03009EC7030051910300E6
:10B5A000F0C60300E903030073B50D460646042107
:10B5B00005F10C00FBF762FC2B8A428804469A4294
:10B5C00007D0012100921A481A4A13F086FF02B0F0
:10B5D00070BD43783BB9184A0121154802B0BDE857
:10B5E000704013F067BF0378012BF0D0132B03D109
:10B5F000012AECD8114AEFE70221114A0C4813F056
:10B6000062FF617802220120356814F0C9FE044609
:10B610000028DCD002210C30FBF74EFC0023214631
:10B6200003704370284602B0BDE8704014F0E9BED4
:10B63000D84D0300A7C70300C8C70300E9C703002C
:10B6400005C8030008B50B8A032B06D80121044A5C
:10B65000044813F02FFF002008BDFFF7A5FFFAE70D
:10B660002DC80300D84D030038B50B8A0546032BBF
:10B670000C4609D801210F4A0F4813F01BFF204642
:10B68000BDE83840FBF7EABA042104F10C00FBF7EF
:10B69000F5FB4188284614F0C5FE30B9074A0B4631
:10B6A0000548022113F00FFFE9E7436821465B6973
:10B6B0009847E4E74BC80300D84D030068C803006F
:10B6C00070B5124B0C46197805460131C9B20129F3
:10B6D00038BF012108221220197014F061FE0646BD
:10B6E00088B108210C30FBF7E7FB22883146028045
:10B6F00062884280A2888280E288C2802846BDE8B3
:10B70000704014F07EBE6FF00B0070BD78BC00205E
:10B7100023281FD81A2804D8431E182B0ED9062018
:10B720007047A0F11B03082B1ED8DFE803F0051DAE
:10B730001B231D19251D05000320704701230F4AF7
:10B7400083401A40C2B90E4A1A40002A14BF012091
:10B750000620704700F07F03522B05D10020704770
:10B76000012070470520704710F0400F0CBF0620E5
:10B77000002070470420704702207047AAAA8A025E
:10B7800054554501011F01480BF050BE900B00209D
:10B7900010B5044600F15803D3E8EF1F41F0010152
:10B7A000C3E8E21F002AF7D1201F14F003FF04F1C1
:10B7B0007C0004490DF02CF92068BDE8104002F02F
:10B7C000C7B900BF69C801002DE9FF414FF000086B
:10B7D0004FF4205305460E46006802A91446176828
:10B7E0008DF80880ADF80A3014F0F4F9A0B142F6F3
:10B7F0000103286803A98DF80C80ADF80E3014F011
:10B80000E9F948B123691BB15A88B24200D25E807F
:10B81000012004B0BDE8F0816168286814F0DAF90D
:10B8200010B100232361F3E7E368A0681A786AB1D6
:10B83000B7F81AC0798D038A8C4594BFC3EB0C030B
:10B84000C3EB0103934201DA0020E2E704210C304C
:10B85000FBF732FB20610680236929465E80074B97
:10B860000194009338460023A26814F0E6FE0028F5
:10B87000EADB2069003818BF0120CAE71B06030075
:10B880002DE9F04182B000AF044688460022002333
:10B8900039463A480BF03EFD0546B0B16D4688B0DA
:10B8A0006A46374BC2E90534032342F8103F0023B0
:10B8B0004FF4C2513348F9F745FBAD466FF00B0624
:10B8C00030460837BD46BDE8F0810EF047FA2E4BF2
:10B8D000302218602946386818F0EFF93B680022DA
:10B8E0001C603C680023C4E90155C4E90A55274897
:10B8F000391D7D600BF00EFD064688B123686C464D
:10B9000088B06A462249C2E90513032342F8103F72
:10B910004FF4C4512B461B48F9F714FBA546CDE75D
:10B920000146B822786818F0C8F97868194B836026
:10B93000643017F087F87B685C33D3E8EF2FC3E8F7
:10B94000E16F0029F9D17B681C60A36A7D681BB98F
:10B9500004F10C0017F076F8A26A05F1B003C5F8FF
:10B96000B020E26AA36202B9E36217227B685A85BB
:10B970005A830433C8F80030A2E700BF700B0020E0
:10B980009DC80300A04D0300E46A0020900B002036
:10B99000C2C80300200700202DE9F74317680546B9
:10B9A00088460068516814467E6814F013F9814691
:10B9B000002842D130469522294615F023FB064641
:10B9C000207540B1E3681B780BB184F81490002017
:10B9D00003B0BDE8F083A068FBF786F902210C30C4
:10B9E000FBF76AFA164B2061A0F8008000930194DF
:10B9F000334629463846A26814F01FFE002807DAAD
:10BA000010F1FF0F32BF0E204042C0B22075DEE7BA
:10BA10002369002BDBD0A06814F018FD7B8B7A8D96
:10BA20009A4294BFC0EB0200C0EB0300E3681B78AE
:10BA3000984294BF00200120CAE70120C8E700BF58
:10BA40005D0403002DE9F04F42F60103002591B09B
:10BA5000166880460F4600680BA9D6F80490144675
:10BA60008DF82C50ADF82E3014F0B4F8002870D0BA
:10BA70004FF42053D8F800000BA98DF82C50ADF8E6
:10BA80002E3014F0A7F838B1A3681BB15A88BA4217
:10BA900000D25F8001200EE06168084614F0D6FCF9
:10BAA000728D738B9A4294BFC0EB0200C0EB03000F
:10BAB000032803D8002011B0BDE8F08F0846FBF73B
:10BAC00013F90546606814F0C1FC728B738D05F1A3
:10BAD0000C0B9A4294BFC0EB020AC0EB030A584613
:10BAE00013F08AFE824537D2606814F0AFFC728D85
:10BAF000738B9A4294BFC0EB0200C0EB030070B995
:10BB00006368987AFAF7B2FE0022002313F05DFE14
:10BB100005460028CED001466068FBF72BF90023CC
:10BB20000093D8F8046010234146484602AAB04763
:10BB3000061E0EDB227CE068B2422BD001460BA829
:10BB400014F076F860B9237C144A0221144813F0EB
:10BB5000BAFC0023A3609DE7584613F04DFECEE7E4
:10BB6000F2B202A906A814F063F810B90D4A3346E0
:10BB7000EBE706A90BA814F02DF80028E9D1002363
:10BB80000421637405F10C00FBF796F9A0600780AF
:10BB9000A3687EE702A918F098F8EEE7E7C803006B
:10BBA000A04D030006C9030008B5837A072B06D011
:10BBB00002210C4A0C4814F063FC002008BD04214B
:10BBC00014F030FC10B9094A0121F3E700F15803E1
:10BBD000D3E8AF3FDB0701D4054AF5E750F8040C82
:10BBE000ECE700BF25C90300A04D030033C90300E3
:10BBF0004EC9030010B50446807AFAF737FE0B4BA6
:10BC000083420BD00A490B4840F219130A4A13F039
:10BC1000E5F940F21911084813F0D7F92046FAF770
:10BC20002DFE1822054B02FB003010BDE00D002058
:10BC300097C903005191030068C90300646900209B
:10BC40002DE9F047074608460C46FFF7D3FFE368A7
:10BC50000646D0F8089007F15C02D2E8AF2FD20771
:10BC600009D40121284A294814F00AFC6FF015056F
:10BC70002846BDE8F087228A5AB92549254840F26E
:10BC80006513254A13F0AAF940F26511224813F012
:10BC90009CF9E26812780271002202601B78D22BB4
:10BCA0000FD13B682146186815F026FA054640B1C9
:10BCB00001211A4A154814F0E3FB2046FAF7CEFF9B
:10BCC000D6E704F10C0013F093FD0023B4F810A0A4
:10BCD00080461A462146B760381DFFF7A5FB05468A
:10BCE0000028C5D010F1690F04D101210C4A074882
:10BCF00014F0C6FB6369A4F810A013FA88F3E3609C
:10BD0000C6F808903560B3E74EC90300A04D0300A4
:10BD1000C3C903005191030068C90300E9C90300C6
:10BD2000FCC9030008B558B919494FF46173194AA1
:10BD3000194813F053F94FF46171164813F045F99F
:10BD400049B9164940F28533124A134813F046F9AF
:10BD500040F28531F1E74A684AB9114940F2863329
:10BD60000C4A0D4813F03AF940F28631E5E7036ECC
:10BD70004BB10C4940F28733064A074813F02EF9BD
:10BD800040F28731D9E7BDE8084014F07FBD00BF1D
:10BD90001FCA030068C903005191030035CA03009C
:10BDA00024CA03002ECA03002DE9F14F0446FFF711
:10BDB00021FF0021D0E902561822D0F800A090F807
:10BDC0000490C788D0F8108017F077FFA07AFAF7B0
:10BDD0004DFD6169834651B1637AD80705D4DBF81C
:10BDE0002C3020461B689B689847002363612146DE
:10BDF000584616F03FFEB9F1000F47D0002D45D050
:10BE00002B68002B42D01B68002B3FD0BAF1000FEB
:10BE100008D0012153462C4A2C4801B0BDE8F04F10
:10BE200013F051BB4846FFF773FC0446281D14F07D
:10BE3000C3FD052C37D80123A34013F0140925D1E5
:10BE400013F0090F05F15C0219D113F0220F2AD06B
:10BE5000D2E8AF3FDA0707D401211D4A1B4801B0E1
:10BE6000BDE8F04F14F00CBB2B6E7BB10023194AD8
:10BE700005F1800001B0BDE8F04F0CF001BF2B6868
:10BE80001C68D2E8AF3FDB07E6D53EB901B0BDE89C
:10BE9000F08F41462046B04709F101091FFA89F3A6
:10BEA000BB42F6D3F2E740F2BB230B4A0B490C48E6
:10BEB00013F094F821460B4813F090F840F2BB21A0
:10BEC000054813F082F800BF39CA0300A04D0300F3
:10BED0004EC903001C4E0E0068C903006E94030097
:10BEE0005191030058CA030073B50D46438D418B31
:10BEF00001328B4228BF0B469A42064609D90221DD
:10BF000000921B481B4A13F0E8FA0024204602B0B6
:10BF100070BD2846FFF7FCFB02280ED004280CD089
:10BF20000DF01CFF144B984216D0144B1B681A1AC4
:10BF300018BF4FF0FF32134601E00023104A0021E2
:10BF40001048FFF755FA044640B901212B460E4A26
:10BF5000074813F0B8FAD8E70022ECE7FFF74AFEEB
:10BF60000121866004F10C00FAF7A6FF0570CDE709
:10BF7000A04D030071CA0300B0440020E46A002011
:10BF80001C4E0E00E00D0020A1C60300F7B50B8A81
:10BF900004460D4607683BB90121294A294814F097
:10BFA0006FFA002003B0F0BD012105F10C00FAF793
:10BFB00065FFBB7A0646072BF3D154F8043C002BEF
:10BFC000EFD0002203782048043C10F8327000EBD8
:10BFD000C2019F420FD12A8A48788F78904222D995
:10BFE0000121009317481346184A13F076FA012FDF
:10BFF000D7D1042320E001320E2AE6D102211148D4
:10C00000134A13F060FA31780846FFF781FB0028E5
:10C01000C7D00528C5D00029C3D00623002220465A
:10C0200014F00AFDBDE74B68204629469847012FCA
:10C030000346B6D10028B4D031780029B1D0EDE75D
:10C0400096CA0300A04D0300D0750300CBCA0300BD
:10C05000B1CA0300F0B51E4603680D460039044618
:10C0600018BF012187B01868174614F0E9FF40B9DE
:10C0700004F15C0014F0A3FB002844D0002007B0BA
:10C08000F0BD002E41D018220021684617F015FEA1
:10C0900047BB236831461B68304600930023ADF848
:10C0A00012300C9B1A4A0393BDF834308DF80850B7
:10C0B000ADF8103001238DF814306B4614F013FAEC
:10C0C0009DF81430C3B1002FD8D00198FAF7C6FDFF
:10C0D0009DF81430002DD1D032462946204614F068
:10C0E000ABFCCBE7002239462046FFF7FDFE01906E
:10C0F0000028CED11120C2E701990029BED02046E8
:10C1000014F08CFCBAE71220B9E70120B7E700BFB2
:10C1100085040300F8B50F461646FFF745FDB0B19C
:10C12000846A20461CB150F8B04904B1B03C731C7D
:10C13000194638B1428D458BAA4228BF2A469A42F9
:10C1400007D264B902210A4A0A4813F0BCF9002058
:10C15000F8BD32463946BDE8F840FFF7C5BED4F811
:10C16000B05005B1B03D20460B462C46E2E700BF7B
:10C17000EACA0300A04D0300F8B5104A07460023A1
:10C180000F480D4613F021FB044638B901212B4618
:10C190000C4A0D4813F097F92046F8BD00F10C0643
:10C1A00009213046FAF70AFE2046FFF723FD012158
:10C1B00087603046FAF780FE0570EDE71C4E0E00F2
:10C1C000E00D0020A1C60300A04D03002DE9F041C1
:10C1D0000E8A0446043EF6B2022E08468CB001D008
:10C1E000102E64D104210C30FAF748FE0DF1080836
:10C1F00005884788011D3246404613F019FD002886
:10C2000057D09DB3002687B3AF422FD34FF42053AE
:10C21000404601A98DF80460ADF8063013F0DAFC51
:10C2200040BB1422002107A817F047FD112120462A
:10C23000FFF7A2FF0990002837D001210C30CDE98B
:10C240000748FAF739FE00230A90394603701A4A64
:10C250000B93284607AB14F046F90A9B1B78FBB9F1
:10C260000998FAF7FBFC0A2301E03D4601232A4620
:10C2700010210EE042F60103404607A98DF81C602C
:10C28000ADF81E3013F0A6FC0028CAD010232A46B1
:10C290001946204614F0D0FB00200CB0BDE8F08118
:10C2A0002046099914F0BAFBF6E71120F5E70420BF
:10C2B000F3E70E20F1E700BFC9B701002DE9F04315
:10C2C000036804460D4685B00121186814F0B8FED5
:10C2D00040B904F15C0014F072FAB0BB122005B052
:10C2E000BDE8F08310220021684617F0E6FC21210A
:10C2F0002046FFF741FF029048B34FF00108DFF8F6
:10C300005490009405F10C072B8A012B04D8204689
:10C31000029914F083FB18E0384613F061FA6B467B
:10C320004A46014606468DF80C8014F0DCF89DF86C
:10C330000C30002BE8D00298FAF790FC324620210E
:10C3400020469DF80C3014F077FB0020C7E7112041
:10C35000C5E700BF1B0803002DE9F043036804464E
:10C360000D4685B00121186814F06AFE40B904F149
:10C370005C0014F024FAB0BB122005B0BDE8F083D5
:10C3800010220021684617F098FC0F212046FFF785
:10C39000F3FE029048B34FF00108DFF85490009488
:10C3A00005F10C072B8A012B04D82046029914F0C2
:10C3B00035FB18E0384613F013FA6B464A4601463F
:10C3C00006468DF80C8014F08EF89DF80C30002B8A
:10C3D000E8D00298FAF742FC32460E2120469DF83A
:10C3E0000C3014F029FB0020C7E71120C5E700BF7F
:10C3F000D5070300F0B51D46036804460E4685B018
:10C4000001211868174614F01BFE38B904F15C00CE
:10C4100014F0D5F948BB122005B0F0BD65B3102269
:10C420000021684617F049FC39462046FFF7A4FE74
:10C43000029018B3BDF828302946ADF80430012326
:10C4400028468DF80C300E4A6B46009414F04BF8D9
:10C450009DF80C305BB10298FAF700FC2A46314691
:10C4600020469DF80C3014F0E7FA0020D4E720466F
:10C47000029914F0D3FAF8E70120CDE71120CBE7B9
:10C48000D50703002DE9F0410E8A0446043EF6B2BA
:10C49000022E08468CB001D0102E76D104210C302B
:10C4A000FAF7ECFC0DF1040805884788011D3246B7
:10C4B000404613F0BDFB002869D085B377B3BD4279
:10C4C0002DD80121606814F0BBFD064678BB42F60A
:10C4D00002038DF8000069464046ADF8023013F0C3
:10C4E00079FB20B342F60303404606A98DF8186095
:10C4F000ADF81A3013F06EFBC8B1012D03D14FF621
:10C50000FF739F4213D004F15C0014F058F9002827
:10C5100014BF002012200CB0BDE8F0813D4601237D
:10C520002A460821204614F087FA0020F3E7182253
:10C5300000210DEB020017F0C0FB09212046FFF798
:10C540001BFE0890F8B101210C30CDE90648FAF73E
:10C55000B3FC0023099003700A2339468DF82C3070
:10C56000284606AB0B4A13F0BEFF9DF82C302BB1CA
:10C570000898FAF773FB9DF82C30D1E7204608990C
:10C5800014F04CFAD1E71120C5E70420C3E70E20D0
:10C59000C1E700BF99B901002DE9F0430F460446F9
:10C5A000062187B007F10C00FAF768FC0588B0F89F
:10C5B00002808288D7F80C90C5B10023B8F1000F33
:10C5C00013D0454512D88DF800308DF804304FF463
:10C5D0002053684601A9ADF80220ADF8063013F0EB
:10C5E000F9FA064660B10A2301E0454601232A46CE
:10C5F0000621204614F020FA002007B0BDE8F083A1
:10C600000146142201A83F7C17F057FB0721204662
:10C61000FFF7B2FD0290D8B10A2341468DF81530DC
:10C62000284601AB0B4ACDE9036901948DF81470DB
:10C6300013F059FF9DF815302BB10298FAF70EFB55
:10C640009DF81530D3E72046029914F0E7F9D3E7B7
:10C650001120D2E745BA01007FB5CB6804461D889A
:10C660005E8885B176B1B5420DD8102200216846AA
:10C6700017F023FB05212046FFF77EFD019058B9F6
:10C68000112007E0354601232A460421204614F0F4
:10C69000D3F9002004B070BD6B4631462846084AE5
:10C6A000009413F020FF029B23B90198FAF7D6FA01
:10C6B0000A23E9E72046019914F0B0F9E9E700BF41
:10C6C000FD040300002337B505460C4601930DF029
:10C6D00045FB0B4B01A91B68834204BF00252C4678
:10C6E0002A46234607480AF015FE014630B91022B3
:10C6F000019817F0E2FA019803B030BD0020FBE783
:10C70000E46A0020100C002010B50446806818B1BF
:10C71000FAF7A4FA0023A3602146BDE810400148BF
:10C720000AF084BE100C00202DE9F3470446803047
:10C730000E4617461D460CF0A9FA206E58B9022184
:10C74000164A174813F09CFE206814F0EDF80020FC
:10C7500002B0BDE8F087134B4FF00008984202D1B9
:10C76000C4F86080F0E7D0F80490C0F80480206E30
:10C77000D0F80CA0FFF7C8FF2068C4F8608014F060
:10C78000D3F8B9F1000FE2D02068CDF800A03B4605
:10C79000324629460068C847D9E700BF05CB0300E9
:10C7A000A04D0300E86A0020F7B550F8044C054698
:10C7B000002C55D000F1AC0104F1280013F0E4FF87
:10C7C0002E1F05F160070022002338460BF054FBB2
:10C7D000024658BBEB6D2BB101466FF06703304644
:10C7E000FFF7A2FF002345F8043C05F15803D3E806
:10C7F000EF1F21F00101C3E8E21F002AF7D1A36A6D
:10C8000073BB04F10C060022002330460BF034FB0E
:10C8100078B9666886B92146124826600AF006FE95
:10C82000286803B0BDE8F04001F0B6B9FAF716FA8F
:10C83000C9E7FAF713FAE6E7A2683368964263603D
:10C8400008BFA36077683FB1F3686FF0670100939A
:10C85000002320681A46B8473046FFF755FFD8E74F
:10C8600003B0F0BD700B00202DE9F04192B050F8FC
:10C87000803C06AF0646186813F0E8FC03780446CF
:10C880003D1D032B47D8DFE803F002404244254911
:10C890002846F4F710FDA3790595627807F1100892
:10C8A0000492A2781E210392E278404602922279F5
:10C8B000019262796C4600921B4A10F07BFD88B0B1
:10C8C00006AA1A4BC2E905384FF400739383184B3C
:10C8D00042F8103F00234FF4E2511648F8F732FBBC
:10C8E000A6F17C00A546FFF75FFF132156F87C0CEC
:10C8F000FEF742F8034620B101210F4A0D4812F01D
:10C90000E2FD3037BD46BDE8F0810C49C0E70C4977
:10C91000BEE70C49BCE70A2128460B4A10F04AFD45
:10C92000B9E700BF25920300479203001CCB030028
:10C9300003000001A04D030048CB03002C9203002C
:10C94000339203003D9203006DD4030070B50E4690
:10C9500058B9214940F68E73204A214812F03EFB17
:10C9600040F68E711D4812F030FB49B91D4940F662
:10C970008F731A4A1A4812F031FB40F68F71F1E7B3
:10C98000FFF712F9044628B93046FAF767F96FF055
:10C990007F0070BD00F10C052846314616F05FF8A7
:10C9A000A06A38B150F8B04904B1B03C294613F040
:10C9B000EAFF20B90020ECE71C466FF00100002CD4
:10C9C000F8D0D4F8B03023B90230F5D020461C4658
:10C9D000ECE7B03BF8E700BF9FC2030068C9030063
:10C9E0005191030068B9030038B50C46054658B9A3
:10C9F000184940F6A373184A184812F0EFFA40F6A7
:10CA0000A371154812F0E1FA49B9154940F6A4732B
:10CA1000114A124812F0E2FA40F6A471F1E70CF064
:10CA2000EBFE2846FFF7C0F820B90CF053FF6FF07B
:10CA30007F0038BD0023236083683BB9C0E901440F
:10CA400013F072FF0CF046FF0020F2E71C608460D8
:10CA5000F6E700BF9FC2030068C9030051910300BD
:10CA600035CA030008B516F013FB38B1012103469F
:10CA7000034A044812F027FD6FF0040008BD00BF10
:10CA80006DCB0300C04D030070B50646134D40B199
:10CA90002A4615F8011C6C1E13F0B8FB98B120460D
:10CAA0000CE028460E4914F0EBF840B90C4905F1AA
:10CAB000100014F0E5F820B105F10F0070BD681EFC
:10CAC000FCE70020FAE73046217C04F1110213F064
:10CAD0009DFB0028F5D004F11000EFE7116B00205A
:10CAE000CCB4030070B50D4C054623780E46834246
:10CAF00003D1601C14F0C4F860B9237BAB420BD1A6
:10CB00003146074814F0BCF818B101200C2303FB90
:10CB1000004070BD0020F9E70020FAE7AE7B00205E
:10CB2000BB7B002038B54A1C0C46054668B9104648
:10CB30000D4914F0A5F830B90B4904F10B0014F0BD
:10CB40009FF870B10A3420460CE0097813F05EFBC0
:10CB50000028F8D12846A17A04F10B0213F056FB05
:10CB6000EFE7002038BD00BFCCB403002DE9F04151
:10CB700080460F4616461D46FFF7B4FF044680B9AF
:10CB80000F49FFF7AFFF044630B9BDE8F04101217E
:10CB90000C4A0D4814F090B8394600F8018B14F097
:10CBA0008DF8228963891AB92BB92681658104E041
:10CBB000964238BF26819D42F8D8BDE8F08100BF7B
:10CBC000CCB4030083CB0300C04D030010B501219A
:10CBD000124814F060F8F8B91149124A0B88124C47
:10CBE000A24216D900B10B80104940F2E753104A17
:10CBF000104812F0F3F9104812F0F0F940F2E75142
:10CC00000B4812F0E2F95068083203449BB201204D
:10CC1000E6E7F8D300B10B8010BD00BF306B0020F9
:10CC2000C67B0020684D0300804D03005DCC0300EF
:10CC3000A2CB030051910300C5A30300024608B52F
:10CC40000749013014F03AF800230C3202F8043C92
:10CC5000D2E8EF1FC2E8E03F0028F9D108BD00BFCD
:10CC6000CCB403002DE9F0411F46BDF8183006464C
:10CC7000012B904636D83B44012B3D4635DCFFF76F
:10CC800003FF044668B9FFF7FFFE044648B90221D6
:10CC9000194A1A4814F010F86FF010052846BDE83C
:10CCA000F08197B10023217A98F8002021FA03F04F
:10CCB000C70703D522FA03F0C00719D50133032BA8
:10CCC000F4D102F007021143217206F17001601CD9
:10CCD00013F0F4FF2046337A002100F80C3B13F0E8
:10CCE000DAFFDBE76FF00605D8E76FF00C05D5E754
:10CCF0006FF01205D2E700BFD2CB0300C04D030096
:10CD000010B56FF0020104460F4813F0DEFF0E4825
:10CD100013F0BEFFC20704D5002200230B480BF01E
:10CD2000AFFF204613F010FF60B12046FFF7ACFEC6
:10CD300040B1037ADB0705D5BDE8104000210C3077
:10CD400013F0A9BF10BD00BF4037002010370020EE
:10CD50002DE9F8431E46BDF8203081460F46D1F834
:10CD60000C80002B45D1731E012B45D8012E414666
:10CD7000157818BF1588FFF7D5FE0446C0B915B958
:10CD80003046BDE8F8834146FFF7CCFE044638B98B
:10CD90001B4802211B4A13F08FFF6FF01000F0E7D1
:10CDA00009F17001013013F089FF99F80830237000
:10CDB000D8F81C308BB92581B8F81430AB4203D0B9
:10CDC0004146384613F0B2FF002DD9D10E49601C00
:10CDD00013F074FF25702581D2E72A46394648466C
:10CDE00098470028CDDB01380128E4D96FF00D0009
:10CDF000C7E76FF00600C4E76FF00C00C1E700BFA3
:10CE0000C04D0300FECB0300CCB4030008B50346BD
:10CE10000221034A034812F056FB6FF00D0008BDD3
:10CE200018CC0300C04D03001FB519464FF428135A
:10CE30001046064ACDE902230823BDF818200093C6
:10CE40006B4413F0B4FF05B05DF804FB1800280034
:10CE50002DE9F047284B1646826807469A422BD1A7
:10CE6000C568AB8A43B34FF000086C1C05F1150987
:10CE7000B4F807309BB12246304614F8011C13F079
:10CE8000C5F9E0B9214614F8010CFEF781F830B17C
:10CE9000837A072B08BF4FF00108FDF775FB0A34B2
:10CEA0004C45E5D1B8F1000F06D1AB69A5F8148067
:10CEB00013B14146384698470120BDE8F08706F196
:10CEC000700A5146307A12F074FF78B90B4B9D42CC
:10CED00002D1304613F0FAFF2046094913F0EEFE66
:10CEE000002304F8013CA4F80730D8E75146204657
:10CEF00013F0E4FED3E700BF51CD0100600700202E
:10CF0000CCB4030008B500210B4813F0C4FE88B967
:10CF1000FFF75CFE09490A480BF07AFD002340F256
:10CF200039120748FAF72EFCBDE8084005490648C3
:10CF30000BF06EBD08BD00BF306B002055D2010064
:10CF400098360020B1D601001037002003462DE9A5
:10CF5000F04198B3008A88BB01244FF0140C1949A2
:10CF6000DFF874E0714528D9174940F26173174A18
:10CF7000174812F033F8174812F030F840F2617198
:10CF8000124812F022F8D1E90076BB4204D30CFB20
:10CF90000672143A93420ED93444A2B214460831B0
:10CFA000E0E70CFB057843450AD001356219B5422C
:10CFB00092B2F6D1F2E70025F8E7E4D3BDE8F081BC
:10CFC0001046FBE7684D030056CC0300A2CB0300DC
:10CFD00051910300C5A30300804D03002DE9F04FDC
:10CFE00089B09946BDF8483004460F4690461BB9B3
:10CFF0004FF6FF73ADF84830394B1B88A34226D259
:10D00000BDF84830ADF81E30364B1D68002D3ED1BE
:10D0100009B0BDE8F08F149B28680493139B224647
:10D02000039312ABCDE901930BFB06003B46CDF811
:10D03000008013F055FE0028EAD001366B680AEB39
:10D040000601B34289B2E6D80DE00026F6E74FF0BC
:10D05000010A4FF0140B244D07E0D1D26968514406
:10D06000A142F2D289B28A460835204B9D42F4D9BA
:10D070001F4940F625031F4A1F4811F0AFFF1F4804
:10D0800011F0ACFF40F625011A4811F09EFF4FF059
:10D09000140A083D0DF11E0BAE68BEB96B689E42C6
:10D0A00019D22868149B0AFB0600018A0493139B7B
:10D0B0002246CDE902B3CDE900893B4613F010FECC
:10D0C0000028A5D00136E9E70026E7E756F8083C36
:10D0D0001B8AA342F8D8AD68002D99D0083DDBE744
:10D0E000C67B0020346B0020684D0300804D030098
:10D0F00056CC0300A2CB030051910300C5A303004B
:10D100001822002110B5ADF51A7D0DEB0200CDE916
:10D110000111CDE9031116F0D0FD4FF41053ADF815
:10D1200014308023ADF816304FF48063244C102265
:10D13000CDE9073401A998AB05A80EF0EDF9034637
:10D1400038B1204A0121204812F0BDF90DF51A7DB1
:10D1500010BD01464FF40C720CA816F0AEFD22462D
:10D1600098990CA815F091FF034608B1174AE9E712
:10D170004FF6FF710120164A0CAB13F038FF05ABD8
:10D18000102214490CA815F097FF034608B1124A63
:10D19000D8E7104A02F11001107811F8014D01335F
:10D1A000082B02F8014B0870F6D10C4BD3E8EF1FA7
:10D1B00041F00801C3E8E21F002AC7D0F6E700BF2C
:10D1C0000002C00385CC0300C04D0300AECC0300B9
:10D1D000DB0B030088360020CCCC03004037002056
:10D1E0002DE9F04118490446A1F1300015461E46CC
:10D1F000BDF818700BF0A6FD144813F049FD0107A7
:10D2000001D4FFF77DFF2046FFF73EFC88B1037A8B
:10D21000DA070ED500F10C04204613F039FDC307E0
:10D2200007D4D4E8EF3F43F00203C4E8E23F002A0A
:10D23000F7D110233A46069331462846BDE8F0411F
:10D24000034B13F0B4BD00BFC836002040370020A8
:10D250008836002008B5054813F01AFD030703D4EB
:10D26000BDE80840FFF74CBF08BD00BF40370020B5
:10D27000002307B50193FFF769FE411C89B20846F8
:10D28000034A01AB13F0B3FE019803B05DF804FB51
:10D29000750D03002DE9F04387B00C461646804615
:10D2A00002AF70B9734940F68453734A734811F062
:10D2B00095FE734811F092FE40F684516E4811F0CD
:10D2C00084FE61B96F4940F685536B4A6B4811F093
:10D2D00085FE6B4811F082FE40F68551EEE7837AB9
:10D2E000072B40F0C28000233B7342F60303206803
:10D2F00007F10C01FB8112F06DFC0546002843D1BB
:10D30000D4F80490B9F1000F05D101215E4A5F48BD
:10D3100013F0D2FCA9E001232146009007F1080296
:10D32000C847031E11DA6E4688B002AAD3610423EF
:10D330005749C2E9051442F8103F4FF401512B46FA
:10D340005248F7F7FFFDB5468FE0012B05D00121CC
:10D35000504A4E4812F0B7F887E03B7A13F0300F8E
:10D3600000F083802046FFF783FF044660B94549FB
:10D3700040F6A353404A414811F030FE464811F0B0
:10D380002DFE40F6A35199E7002320683B7342F637
:10D39000021307F10C01FB8112F01CFC88B120463E
:10D3A000FFF766FF044660B9364940F6A953324A92
:10D3B000324811F013FE384811F010FE40F6A95122
:10D3C0007CE7002542F60219206839463D70A7F82F
:10D3D000029012F0FFFB10BB002320683B7342F663
:10D3E000021307F10C01FB8112F0F4FB0546002843
:10D3F0003BD1D4F80490B9F1000F86D002230090FD
:10D400002146404607F10C02C847031E8BDB022B66
:10D410009DD1BB891E4214BF0120002026E042F6A8
:10D4200003032068391D3D71FB8012F0D3FB0028F7
:10D43000D2D04FF42053206807F108013D727B8160
:10D4400012F0C8FB0028C7D042F60103206807F19C
:10D450000C013D73FB8112F0BDFB0028BCD02046BF
:10D46000FFF706FF04460028AED100201437BD4662
:10D47000BDE8F0839FC20300A2CB030051910300DB
:10D48000E2CC0300F7CC0300FCCC0300C04D03004A
:10D4900010CD030036CD03004FCD03002DE9F84336
:10D4A000894651680746B1F81280154618F094086D
:10D4B00009D00221274A284813F0FEFB4FF0FF3520
:10D4C0002846BDE8F8830222FFF7E4FE38B90221BE
:10D4D000224A214813F0F0FB6FF01505F0E7002118
:10D4E0001F48AE8AFFF7EEF80236044688B11D4B9E
:10D4F00032464360C5601D213846FEF70BFE0646E6
:10D5000050B915480221184A13F0D6FB2046FFF700
:10D51000FBF86FF00B05D3E701234246414613F0B9
:10D5200035FBA98A06F10C000231F9F7C5FC20F899
:10D53000029BAA8A296916F0B2FB21463846A660EA
:10D54000FFF752FA05460028BAD02046FFF7DCF86C
:10D55000B6E700BF65CD0300C04D03007BCD0300DF
:10D560001C4E0E00A50B0300A6CD030030B50546EA
:10D570000C468BB071B9464940F62943454A4648A6
:10D5800011F02CFD454811F029FD40F62941414894
:10D5900011F01BFD4B6873B90B6863B9404940F645
:10D5A0002A433C4A3C4811F019FD3C4811F016FD55
:10D5B00040F62A41EBE73B4813F06AFB420761D58E
:10D5C00015B1AB7A072B60D160680590FFF7BEFC00
:10D5D0002268ADF818003AB305A902913249002338
:10D5E0000191012100914FF6FF710593FFF7F6FCC1
:10D5F000059B1BB96FF001000BB030BD6360059B4C
:10D6000004A9186800238DF8103042F60303ADF822
:10D61000123012F0DFFA70B90598C3689B799B0647
:10D6200005D46FF01500E7E70028E8D1E2E713F032
:10D6300097FCADF81800BDF818003DB10123014674
:10D6400022462846A375FFF729FFD5E76FF07F0331
:10D6500007930223ADF8203042F60213ADF81230E2
:10D6600005ABA5750293114B4FF6FF710193012392
:10D6700004AA00932B4609948DF81050FFF7AEFCD6
:10D680000798B9E76FF00A00B6E76FF07F00B3E7DD
:10D69000CDCD0300A2CB03005191030040CC030089
:10D6A000D4CD03007C050020D30B030029DA010050
:10D6B000F7B500F130050446A0F12007284613F025
:10D6C000E7FA8307C0F340060ED51B4940F24153E9
:10D6D0001A4A1B4811F082FC1A4811F07FFC40F2F4
:10D6E0004151164811F071FC54F8083C6FF00101EB
:10D6F0002846019313F0E9FA134B394644F81C3CD1
:10D70000124B304644F8183C01AB44F8103C04235B
:10D7100024F8086C24F8066C24F80C3CFFF726FF6C
:10D7200038B9D5E8EF3F43F00203C5E8E23F002AED
:10D73000F7D103B0F0BD00BFF1CD0300A2CB0300D1
:10D740005191030022CE03007876030001CD010041
:10D750002DE9F047364B1568826804469A4200AFBF
:10D7600062D1D0F80C8008F1010608F11509B6F86D
:10D770000730EBB13246284616F8011C12F046FD80
:10D78000B0B14FF495722146284613F03BFC0328B4
:10D7900012D1EA4688B06A46264BC2E9053442F8FF
:10D7A000100F00234FF4C4512348F7F7CBFBD546A5
:10D7B0000A364E45DBD137E04146204613F0B6FA33
:10D7C0001E4B984530D1287A05F17001FFF78AF990
:10D7D000044648B303890BB943892BB32846FDF7A8
:10D7E00047F82389164A618922F8203002EB80032A
:10D7F000598018231349144C03FB001300B202EBA9
:10D8000080021A61042200EB40005C600F4C01EBC7
:10D81000C00128469C609A82FFF7A8FE20B1012132
:10D820000B4A054813F048FA0120BD46BDE8F087D1
:10D8300051CD01003DCE0300C04D03006007002024
:10D84000AA7B0020F86A0020787603007B0D030095
:10D8500051CE0300F8B50F46516806464B8A144670
:10D8600003F094033BB11D4802211D4A13F024FA32
:10D870004FF0FF30F8BD0122FFF70CFD38B9174813
:10D880000221184A13F018FA6FF01500F2E7A28986
:10D890001B2130460232FEF73DFC054638B90F48E1
:10D8A0000221114A13F008FA6FF00B00E2E7A18998
:10D8B0000C300231F9F700FB20F8027BA289A16845
:10D8C00016F0EDF9D4E904122846012313F05EF9AD
:10D8D00029463046BDE8F840FFF738B8C04D030090
:10D8E00065CD03007BCD03006ECE030030B5054649
:10D8F0000C468BB071B9444940F64833434A44481A
:10D9000011F06CFB434811F069FB40F648313F4889
:10D9100011F05BFB4B6873B90B6863B93E4940F685
:10D9200049333A4A3A4811F059FB3A4811F056FB4C
:10D9300040F64931EBE7394813F0AAF942075DD5C3
:10D9400015B1AB7A072B5CD160680590FFF7FEFA42
:10D950002268ADF818003AB305A9029130490023B6
:10D960000191012100914FF6FF710593FFF736FBFE
:10D97000059B1BB96FF001000BB030BD6360059BC8
:10D9800004A9186800238DF8103042F60303ADF89F
:10D99000123012F01FF970B90598C3689B79DB0645
:10D9A00005D46FF01500E7E70028E8D1E2E713F0AF
:10D9B000D7FAADF81800BDF818002DB1014622467F
:10D9C0002846FFF747FFD7E76FF07F0342F60212C2
:10D9D00007930123ADF8122005AA0292114AADF86F
:10D9E0002030CDE900324FF6FF712B4604AA09948E
:10D9F0008DF81050FFF7F2FA0798BDE76FF00A00B4
:10DA0000BAE76FF07F00B7E7CDCD0300A2CB0300EC
:10DA10005191030040CC0300D4CD03007C050020CD
:10DA2000D30B030029DA01002DE9F047424B1446DD
:10DA3000826880469A4236D1D0F80C903F4B994587
:10DA400019D100263E4D3F4F3946284613F018F9AC
:10DA500078B90722294615F8010CFDF7EBFA38BB17
:10DA6000236929461A6915F8010C53881288FFF7B3
:10DA70007DF80C35D6B109F1010709F1150AB7F89F
:10DA80000720A3899A420BD1394617F8010CFDF7FC
:10DA90007FFA054620B1837A072B0CD0FCF774FD82
:10DAA0000A37BA45EBD10120BDE8F0870126CBE764
:10DAB000FCF76AFDDDE7D9F8203023B141469847ED
:10DAC00008B92846EAE7B8F8123013F0940605D0F2
:10DAD00002211D4A1D4813F0EFF8F2E7A389022B3B
:10DAE00015D1B7F8073013F0020604D12846FCF729
:10DAF0004BFDA660D4E728462269A188FFF7CEFC3B
:10DB0000064688B92269937D01339375EEE7012BB0
:10DB1000ECD1B7F8073013F00106E7D028462269A8
:10DB2000A188FFF797FE06462846FCF72DFD002E3C
:10DB3000A660B5DA0020B7E751CD010060070020EC
:10DB4000AF7B0020CCB4030065CD0300C04D0300C3
:10DB500007B5009001206B464FF6FF71034A8DF820
:10DB6000040013F044FA03B05DF804FB51D7010040
:10DB7000F8B505460E461746064B1C684CB154F8DE
:10DB8000043C043C1BB13A46314628469847646839
:10DB9000F4E7F8BD3C6B002070B5044603464FF631
:10DBA000FF7101200D4A13F022FA2046FEF76CFFA8
:10DBB000054688B104F170063146207A12F0F9F872
:10DBC00020B92846BDE87040FFF738B83146681CD8
:10DBD000BDE8704013F072B870BD00BF51CE0100B7
:10DBE00080B500AF88B06A46074BC2E90530032311
:10DBF00042F8103F00234FF4C2510448F7F7A2F94E
:10DC00006FF00B00BD4680BDA6CE0300F04D0300B3
:10DC1000044B1A680AB1FFF7E3BF03485860104687
:10DC20000B607047446B00207C7703000122024B9D
:10DC3000C3F80424704700BF002008E037B5402334
:10DC40000C460A490093411A491105462346084AE1
:10DC5000084813F056FA011E05DA2846234603B099
:10DC6000BDE83040184703B030BD00BFB06B0020A6
:10DC70006B110300E4420300C9B2012908B509D9B8
:10DC8000084909487F23094A11F0A8F97F2107486C
:10DC900011F09BF90C22036901FB0233986C00F030
:10DCA000070008BD1ACF030051910300DDCE030029
:10DCB00070B5C9B2012903690BD9184918484FF446
:10DCC000DF73184A11F08AF94FF4DF71154811F02B
:10DCD0007CF9EFF31185402484F31288BFF36F8F32
:10DCE0000C2606FB0134A46C14F0C00408D0A24238
:10DCF00006D085F31188BFF36F8F4FF0FF3070BDF2
:10DD0000012271430B449A6485F31188BFF36F8F2E
:10DD100043680B445B6898470020F0E71ACF030084
:10DD200051910300DDCE030070B50D46064904464F
:10DD3000411A491140220548FFF7BAFF2B46014618
:10DD40002046BDE870401847B06B0020E442030055
:10DD500070B500220121044640F20510F8F766F97B
:10DD60000F4803F0CFF80F4B984215D113F0E7FEA0
:10DD700026690D49304611F07CFA00280BDB01259D
:10DD8000B5642469084904F1200011F072FA0028F2
:10DD900001DB0020656570BD6FF00400FBE700BF8C
:10DDA00069DE01000000AD0BA47703007FB50022FF
:10DDB0000123CDE9022304ABCDE90433094A6B46C4
:10DDC000CDF800D0CDF804D013F0C8F9002805DB59
:10DDD00043F60952002368460AF042F907B05DF89D
:10DDE00004FB00BF8311030010B5EFF3118440233F
:10DDF00083F31288BFF36F8F074A136823F0020181
:10DE0000DB07116002D4012003F05EF884F311886F
:10DE1000BFF36F8F10BD00BF086C00200C22104BA9
:10DE2000014602FB0033002030B4D3E910521864DD
:10DE3000EFF31180402484F31288BFF36F8F9C6C42
:10DE400004F0C00444F002049C6480F31188BFF322
:10DE50006F8F1DB12B4630BC0248184730BC70474D
:10DE6000B06B0020E442030008B5062818D8DFE8AC
:10DE700000F02121090B042121000020BDE8084009
:10DE8000FFF7CCBF0120F9E70B4940F2DD230B4A35
:10DE90000B4811F0A3F840F2DD21084811F095F885
:10DEA000054940F2ED23054A054811F097F840F284
:10DEB000ED21F2E708BD00BF6E940300DDCE030044
:10DEC0005191030010B4EFF31182402383F31288C1
:10DED000BFF36F8F1748016841F002040460C80760
:10DEE00008D482F31188BFF36F8F01205DF8044BD3
:10DEF00002F0C2BF1049D1F80C14C903F1D5EFF3F9
:10DF0000118083F31288BFF36F8F0C498B6C03F081
:10DF1000C00343F002038B6480F31188BFF36F8F5B
:10DF200082F31188BFF36F8F00205DF8044BFFF779
:10DF300075BF00BF086C002000E01050B06B0020DF
:10DF4000024BC0B203EB4010704700BFB06B002023
:10DF50002DE9F041012206464049D1E8EF3FC1E8F2
:10DF6000E02F0028F9D1A3B93D493E484B60CB6072
:10DF70008A60F6F7E1FA00280BDA3B4940F2912378
:10DF80003A4A3B4811F02AF840F29121374811F003
:10DF90001CF85EB3731E012B56D8012E06D1354BEB
:10DFA000D3F8503403F00303012B1FD014F0E5FD28
:10DFB0000546E8B9304B1B78D3B1042207462D4BF8
:10DFC000C3F808232B4CDFF8B880D4F84C24D4F8DD
:10DFD0004C34D20315D503F00303012B01D0012EDD
:10DFE0000FD165B387F31188BFF36F8FBDE8F08160
:10DFF000EFF31187402383F31288BFF36F8F01255E
:10E00000E0E7BDB1384611F0A1FBD4F8403413F07D
:10E01000FF03DAD1D4F80821002AD6D0C4F8083199
:10E02000D4F8083120220123C4F84034C8F8A021D4
:10E030002361CAE7002120200BF000FEE5E704225F
:10E040000C4BC3F80423D1E70C4940F2A323074A41
:10E05000074810F0C3FF40F2A32197E7AC6B002004
:10E060009C6B0020D06B0020FBA50300DDCE0300DD
:10E070005191030000E01050CFC000206E940300C7
:10E0800000E100E008B5074814F050FC38B106483C
:10E09000F8F76CFB0448F5F7A7FD002008BD6FF00A
:10E0A0001200FBE774430300ADE001000A2838B515
:10E0B0000446074D04D1AB680D2128465B6898479C
:10E0C000AB6803485B68E1B29847204638BD00BFA3
:10E0D000744303000023024A0020C1E90023704773
:10E0E0000050160000487047C8770300024B0B60D1
:10E0F00001231360704700BFD077030008B50122E9
:10E100000548114614F0C4FC02F07EFF034B044A9C
:10E110000020C3F80C2508BD0C6C002000B0045092
:10E120008000008010461A46084B10B5994209D865
:10E13000C1F5B21404F58054A24203D815F0AFFD26
:10E14000002010BD6FF01500FBE700BFFF4F160069
:10E1500038B542F201030F4D1446C5F80035A1B1A0
:10E1600015F09DFDBFF35F8FD5F81834DB0706D49B
:10E17000C4F308041CB10123AB60BFF35F8F4FF4FD
:10E180000052044BC3F8002538BDFF2115F095FD62
:10E19000E8E700BF00B00450F0B51D4B05469842BB
:10E1A0000F46144687B030D8C0F5B21303F580533C
:10E1B0009A422AD8FAB14FF0FF324FF0FF33154898
:10E1C00009F04EFF13F0BEFC0646B8B101238DF8EE
:10E1D0001430114B4FF4FA50009302AB04940193A6
:10E1E000CDE9027502F018FF684602F01BFF0446F5
:10E1F000084809F0CDFE204607B0F0BD224639465A
:10E200002846FFF7A5FF3446F2E76FF01504F2E762
:10E21000FF4F16000C6C00201712030000487047D7
:10E220000C78030010B50446006901214FF0FF325D
:10E2300014F02EFC2046BDE81040014911F0E6B96B
:10E240005DE301002DE9F34743680F1E05461646BE
:10E25000D3F818907DDBBB184B457AD847EA020407
:10E26000C4F30B04002C74D1006913F01BF8214691
:10E27000284613F05FF84FF0FF3A0446002E45D1D0
:10E280000121284613F056F8002C08BF04462869DF
:10E2900013F006F8204602B0BDE8F08780462E4B0A
:10E2A0005A7882B10AFA02F137EA01010BD1012151
:10E2B0009140B14207D8B8F1000F1ED098F8011074
:10E2C000914238BF98460134042C03F10203E7D190
:10E2D000B8F1000F13D00023812298F800102846CF
:10E2E000CDE900333B4612F0E3FF012398F801200B
:10E2F000044693401F44F61A21E09846E3E76FF086
:10E3000015040121284613F015F8C0E7002CF8D1B8
:10E310002346CDE9004480220621284612F0C8FF9A
:10E3200004460028EDD1B145B8D10346CDE900003F
:10E330008022C721284612F0BBFF00260446002C8D
:10E34000DFD140F21B620023284613F021F8044677
:10E3500094E76FF015049DE7A4D003002DE9F04386
:10E3600085B0044602AF032900F20E81DFE811F008
:10E3700002010A0004001500002528460C37BD469E
:10E38000BDE8F083006912F08DFF204613F0A6F877
:10E390000546206912F084FFEFE74668306814F004
:10E3A000C5FAB0B1F06880B9206912F07BFF204651
:10E3B00013F094F8031E0FDA0121754A754811F025
:10E3C00082F8206912F06CFF03E014F0AFFA002825
:10E3D000EAD16FF01205D0E7204612F0C8FF051E03
:10E3E00028DDE9071BD4206912F05AFF206912F0DA
:10E3F00059FF4FF00309002307F104081A469F2133
:10E400002046CDF80490CDF8008012F051FF05466B
:10E41000206912F045FFCDB15F4A2B4611E0022181
:10E420005E4A5C4811F046F800220023204612F0B4
:10E43000AFFF0546206912F033FF002DD6DA2B46D8
:10E44000574A0121534811F03EF8C2E740464A4678
:10E4500006F1240115F039FC804618B36C468CB0E7
:10E4600097F8048097F805E097F806C096F824001E
:10E4700096F8251096F8263002AAD3620823494E52
:10E48000C2E907ECC2E90568C2E9090142F8103F98
:10E4900044F240012B463F48F6F754FD6FF0150556
:10E4A000A5466AE796F828309BB3206912F0FAFE79
:10E4B000204612F05CFF051E26DD96F828308022EB
:10E4C00025EA0305FD70434606212046CDE9008874
:10E4D00012F0EEFE054628B1206912F0E1FE324A44
:10E4E0002B46AEE70121FB1C0093802203460191DD
:10E4F000204612F0DDFE05460028EDD10022002363
:10E50000204612F045FF0546206912F0C9FE002D95
:10E51000E5D196F827506B1EDBB2FD2B2AD8AA074F
:10E520002FD0206912F0BEFEAB070FD4002380224B
:10E53000B7212046CDE9003312F0BAFE054688B176
:10E54000206912F0ADFE194A2B467AE7002380229B
:10E5500006212046CDE9003312F0AAFE0546002828
:10E56000E4D0EDE72269137F43F0010313772069BC
:10E5700012F096FE206912F095FE204612F0FFFF81
:10E5800006E76FF08505DEE76FF05705F5E600BF9B
:10E59000A4CF0300B04E030002D00300BCCF0300A1
:10E5A000D9CF03001BD0030059D003006ED0030065
:10E5B00010B5036961B920493F23204A204810F073
:10E5C0000DFD204810F00AFD3F211C4810F0FDFC15
:10E5D000486850B91C494023184A194810F0FEFCFD
:10E5E0001A4810F0FBFC4021EFE75868F8B1884268
:10E5F00019D19C680868A142586000D19860002039
:10E6000008602AB15A680A609A68596002B999602C
:10E61000002010E0814206D108682060986881429D
:10E62000EDD19C60EBE7044600680028F2D1002A97
:10E63000E8D16FF0150010BDE8D00300ACD00300A6
:10E6400051910300F1D0030000D1030012D1030067
:10E6500038B545682B69E3B11035284603F030FB27
:10E660000446B0B90146284603F0EAFA0B4B98423B
:10E6700011D1224628460A4903F0A4FA2246012174
:10E68000DB20F7F7D3FC2246012140F20D10F7F70B
:10E69000CDFC002038BD6FF00400FBE70000AD0B9F
:10E6A00075E9010008B503685F2B4FEA531107D8DD
:10E6B0000C4A03F01F0352F82120DA40D2070BD492
:10E6C00009490A484FF46C73094A10F087FC4FF46B
:10E6D0006C71074810F079FC0360064B53F8210079
:10E6E00008BD00BF207803005CD1030051910300F6
:10E6F00029D1030014780300F0B5406801F01F042D
:10E70000057B87B044EA45140569002D5BD0B2F55E
:10E71000001F00F1100506D12146284613F0FEFA2D
:10E72000002007B0F0BD0027B2F5800F01AE0197C1
:10E73000776033D1B3F1007F14BF052304238DF834
:10E7400004300023CDE9046303938368CB40D907E9
:10E7500016D4B2F1A07F13D168460094FFF7A2FF50
:10E76000009B203350F82330DB0709D46A4621464A
:10E77000284603F035FA174B98421AD0CDF808D046
:10E780002146284603AA03F093F8134B98421DD163
:10E7900001222146284603F0B9FAC1E7B3F1C06F60
:10E7A00005D0B3F1007F14BF01230223C7E7032381
:10E7B000C5E76946284603F09DFA074B9842DDD02D
:10E7C0006FF00B00ADE76FF08500AAE76FF0150062
:10E7D000A7E700BF0400AD0B0000AD0B2DE9F0432F
:10E7E000466840F20635337BD00601F01F0747EA42
:10E7F000431748BF032302EA050558BFC2F340137D
:10E8000087B0B5F5837F14468DF8033044D00FD818
:10E81000062D43D007D8B5B1022D14D06FF01500E6
:10E8200007B0BDE8F083B5F5807FF7D101250AE098
:10E8300040F20222954233D0B5F5407F32D0B5F593
:10E84000007FEBD104250123220303FA01F12BD52C
:10E8500073685960336963BB03A80397FFF722FF0E
:10E86000039B00EB830084F48033C3F30043C4F3C1
:10E870004044D0F8802044EA43049DF8033022F459
:10E88000706244EA830422F00F0244EA0523134332
:10E89000C0F880300020C3E70925D4E70825D2E777
:10E8A0000625D0E70525CEE7630344BF736899606A
:10E8B000D0E71036394630460DF1020203F090F9E8
:10E8C00014F4403F804617D13946304613F024FAFD
:10E8D000244B9845DED130469DF8021003F0FEF936
:10E8E0004045D7D020492148EC23214A10F076FB3F
:10E8F000EC211F4810F069FB4FF0000901AB3946CD
:10E90000304603AACDE90439CDE90199CDF80C9040
:10E9100002F0CEFF134B984280D114F4003315D08F
:10E920009DF8033084F48034C4F300448DF80E3035
:10E9300039464B46304603AA8DF80C508DF80D40F1
:10E9400003F0A6F8074B9842C2D067E7CDE904333D
:10E9500039460DF10303304603AA039302F0A8FFE2
:10E96000F0E700BF0000AD0BABD1030051910300F5
:10E970007FD103004209022A034670B503D0012A61
:10E980001FD002B370BD154E326951680029F9D00D
:10E99000012503F01F030C689D400029F2D08A680E
:10E9A0002A4014D04B6883B90D4964230D4A0E48A0
:10E9B00010F014FB0D4810F011FB6421094810F011
:10E9C00004FB0B4EE0E70B4EDEE7304698471CB1E8
:10E9D000236821461C46E0E72346FAE72C43030060
:10E9E000F0E60300ACD003005191030012D1030004
:10E9F00014430300FC42030008B500220023D0F8B2
:10EA0000880008F087FC021E05DA0448044912F069
:10EA100029FE002008BD0120FCE700BF404E030096
:10EA2000E1D10300002330B585B0CDE90133039374
:10EA300090F8F53004461BBB204601A9FFF7DCFF28
:10EA400000283ED16FF00B05D4F8EC0003F0F0FF86
:10EA500094F8F9305B0702D52068F5F705FE0299B6
:10EA600011B1E06908F0E2FC019919B1D4F888000D
:10EA700008F0DCFC042384F8F430284605B030BDEF
:10EA800001A912F0DCFD20B91449154812F014FE5A
:10EA9000D8E794F8F530012BCED1029B0022C4F8C0
:10EAA000F030D4F8EC0001A903F010FE0D4B024643
:10EAB000984210D00C490A4812F0D4FD6FF00405BA
:10EAC000C2E794F8F530002BE7D1D4F88C309B08DE
:10EAD000ADF80C30E1E70025CFE700BF07D2030017
:10EAE000404E03000000AD0B1ED2030037B50446B4
:10EAF00000220121DD20F7F799FA636800211D6BE0
:10EB000001AA284612F01AFE002826DB019B2A687B
:10EB10001979186800F074FC00281EDB0423082211
:10EB20000F49104813F05FFF042308220E490F48D5
:10EB300013F059FF00202469FFF702FA206058B94A
:10EB40000B490C4840F292330B4A10F047FA40F25E
:10EB50009231094810F039FA002003B030BD00BFEF
:10EB6000886C0020F8070020686C002064080020F2
:10EB70006DD203005191030043D20300F0B5056943
:10EB800087B01346CDE9011295F8F920D20706D4D3
:10EB90002C492D4812F090FD6FF0040030E095F8FC
:10EBA000F420511E012904D92849274812F05AFDA2
:10EBB000F2E72A6A9A4201D3032B01D82449F4E7E9
:10EBC0006C6A05F14C06631C1CD047F6122740F214
:10EBD000E730002124EAE4744FF47A720023C4FB86
:10EBE0000701EDF745FD02460B46304601A908F046
:10EBF0001DFD002804DB95F8F430022B06D0002020
:10EC000007B0F0BD4FF0FF321346EEE795F8F8304D
:10EC1000002BF4D00026284603A9CDE9036605960B
:10EC200012F00DFD20B90B49074812F045FDE6E74B
:10EC3000284685F8F86003A912F019FD0028DED1F6
:10EC4000AAE700BF8ED20300404E0300A7D2030004
:10EC5000C1D20300F2D20300F0B5044688070F4684
:10EC600085B04AD5614D95F8F430D5F8F010032BF6
:10EC700004BF012385F8F430002933D0636899423A
:10EC800002D0E86908F0D2FB0023D5F8EC00C5F803
:10EC9000F03003F0CDFE95F8F930590702D5286819
:10ECA000F5F7E2FC216800293CD16368002B7BD199
:10ECB000FB0740F1988000234C4CCDE901330393CE
:10ECC00094F8F5304BB194F8F630002B77D0D4F8A7
:10ECD000F03002930123ADF80C3001A9434812F043
:10ECE000C6FC80E0D5F8EC0003F0A2FE95F8F93000
:10ECF0005A0702D52868F5F7B7FC002CD2D13B4C57
:10ED000094F8F430032B06D039493A4812F0D4FC79
:10ED1000042384F8F430D4F8EC0005B0BDE8F040EA
:10ED200003F05EBE314D95F8F76026B1D5F8880046
:10ED300008F07CFBB9E7238901919B000293002234
:10ED4000002301A905F1B80008F070FC002811DAD1
:10ED50002949284812F0B0FC042385F8F4302168D2
:10ED6000D5F8880008F062FB6368FBB91F4BD3F845
:10ED7000EC00D2E795F8F5305BB16368002B97D0D3
:10ED80001A4AD2F8F010994212D1012382F8F730D2
:10ED9000ECE795F8F660002EEFD0012385F8F73008
:10EDA0006368002BECD1E1E70026E9E70126E7E7FD
:10EDB0001946D06908F03AFB002ED7D178E72046F3
:10EDC00001A912F03CFC002887D194F8F430032B01
:10EDD0004FF0010305D1D4F8F02084F8F630029208
:10EDE00079E784F8F83005B0F0BD00BFAC0700202B
:10EDF00011D30300404E030033D303002DE9F04F3D
:10EE00000569436895F8F4C097B0BCF1010F14464A
:10EE10000391079305D06246A549A64812F022FC4B
:10EE200043E0D2F80490B9F1000F27D1284612F040
:10EE30005CFC039B013B012B1CD895F8F930382270
:10EE400069F3000385F8F930494605F1140014F020
:10EE500034FF039B022B0BD195F8F93038226FF366
:10EE60004103002185F8F93005F1800014F025FFF9
:10EE700000201CE0039B002BEED0F9E793680BB158
:10EE8000D7685FB98C498D4840F2BB138C4A10F0AB
:10EE9000A5F840F2BB118A4810F097F817F0030765
:10EEA00008D08849834812F007FC6FF0150017B0AE
:10EEB000BDE8F08F079B0DAE03F10C0EBEE80F000E
:10EEC0000FC6BEE80F000FC6DEF800303360079BA8
:10EED00093F82C602378182B0BD006D8082B0BD076
:10EEE000102B18D01A46784997E7202BFAD1032225
:10EEF00000E00222049200E00497A27802F00708E2
:10EF0000B8F1030F0AD0B8F1040F11D0B8F1000F17
:10EF100012D06E4981E7CDF810C0EEE700214FF026
:10EF20000108059112F03801089108D0684974E78A
:10EF3000012188460591F5E7CDF81480F2E794F8B1
:10EF400001A0BAF1020F05D0BAF1010F04D0524668
:10EF5000604962E7DDF820A0E27802F006010629A8
:10EF6000069116D1079A5268D2F86025002A14DA61
:10EF70000023099395F8F92063F3820285F8F920BC
:10EF800094F90330E278002B01DB530661D5524936
:10EF900043E7069919B151493FE7012206925B0008
:10EFA0004FF0000B0A934FF0FF33CDF824B00B93D2
:10EFB0004B4B0A9A33F82B600A9BB6FBF3F302FB28
:10EFC00013633BBB06FB09F14A0802F1F472080522
:10EFD00002F59042090BEDF74BFBB0F5801F19D8F5
:10EFE0004FF48013B3FBF0F33E4AB2FBF3F3B3FBF1
:10EFF000F6F60B9AB14594BFA6EB0906A9EB0606F7
:10F00000964207D25FFA8BF2089202031F460992DA
:10F010002EB10B960BF1010BBBF1090FC8D1304B90
:10F02000089A03EB82029678089A33F82230B7FBED
:10F03000F3F3032100932C4A3B461E4810F04DFA8F
:10F04000079BDDF818C093F83430003B18BF01234C
:10F0500090E7039B013B012B48D9039B002B7FF4D6
:10F0600007AF0FCC05F180070FC723688DF85460F8
:10F070003B60059B8DF849C08DF84B30049B8DF8A3
:10F080004A808DF84C30099B8DF84DA0149305F102
:10F0900094040DAE0FCE0FC40FCE0FC4336823609F
:10F0A00095F8F93043F0020385F8F930E0E600BF47
:10F0B00047D30300404E030065D303005191030082
:10F0C00043D20300A2D30300D2D30300ECD3030046
:10F0D0000CD403002ED403009FD4030051D40300AA
:10F0E000BE9003000048E80174D40300A64605F171
:10F0F0001407BEE80F000FC7DEF800308DF849C0D6
:10F100003B60059B8DF84A808DF84B30049B8DF851
:10F110004DA08DF84C30099B8DF85460149305F187
:10F1200028070DF1340EBEE80F000FC7BEE80F0030
:10F130000FC7DEF800303B6095F8F93043F001036B
:10F1400085F8F930039B022B8BD091E62DE9F04135
:10F15000022980460D461646046900AF0CD194F88A
:10F16000F93003F00303032B1BD06649664812F005
:10F17000A3FA6FF004006BE001290BD194F8F93089
:10F1800013F0010FF1D0042E5BD8DFE806F0193F31
:10F190003F6453000029E8D194F8F93013F0020FCE
:10F1A000F0E7242204F1940104F1280014F08DFD0D
:10F1B00020B9226AD4F88C309A42E4D05349D5E77A
:10F1C00094F8F430012BD4D1002384F8F550A4F83E
:10F1D000F63084F8F830D8F81040D8F8043094F8B5
:10F1E000F520D4F8EC00012A08BF04F128011A68C0
:10F1F00018BF04F1940103F087F9454B0246984289
:10F2000044D04449404812F02DFAB2E794F8F43063
:10F21000022BAED194F8F5309D4224D1022E4FF04E
:10F22000030356D1B5FA85F56D0984F8F43084F8F6
:10F23000F65053E094F8F430042B9AD12946204636
:10F240005AE032463449304812F00CFA6FF015009B
:10F25000BD46BDE8F08194F8F430022B40D194F81B
:10F26000F5309D423ED06C468AB06A46C2E90753EB
:10F2700005232A49C2E9051642F8103F00234FF43E
:10F2800021512148F5F75EFEA546DFE7022384F809
:10F29000F43094F8F9305B0715D5214B0022A360B8
:10F2A000032320682261E360211DF5F745F9051E5F
:10F2B00014DAD4F8EC0003F0BBFB01232A46194909
:10F2C00084F8F4309EE72046FFF7ACFB00EAE070DC
:10F2D000BEE784F8F430012384F8F6300020B7E765
:10F2E000012B06D00123D4F8EC0084F8F73003F0AA
:10F2F00077FB2946D8F8100012F0F7F9012384F8BB
:10F30000F430EBE78ED20300404E0300BBD4030081
:10F310000000AD0B2AD50300E2D40300F6D40300AD
:10F32000C11603004BD50300F7B50369144693F8E3
:10F33000F9200D46920707D41A491B4812F0BCF970
:10F340006FF0040003B0F0BD93F8F42003F1B807A8
:10F35000042A25D0D3F89060731C1DD047F6122CD8
:10F3600040F2E730002126EAE6764FF47A72002375
:10F37000C6FB0C01EDF77CF902460B4669463846A0
:10F3800008F016FA10F1230FDAD00028DAD1009B2A
:10F390002B60019B2360D5E74FF0FF321346EDE76A
:10F3A0000022FBE78ED20300404E030008B503683D
:10F3B0005F2B4FEA531107D80C4A03F01F0352F892
:10F3C0002120DA40D2070BD409490A484FF46C7364
:10F3D000094A0FF003FE4FF46C7107480FF0F5FD7A
:10F3E0000360064B53F8210008BD00BFEC78030012
:10F3F0005CD103005191030029D10300E0780300A0
:10F400002DE9F04F1546064640F2FF19DFF868B1C6
:10F4100085B000EB8108B04503D1002005B0BDE800
:10F42000F08F3368C3F3C322082AC3F3080400F241
:10F430009A8050491B0E4C4508BF4FF0FF348F5C3B
:10F44000192B00F29380DFE803F00D1C47604A504F
:10F45000609191919191916366696C6F72759191D0
:10F4600078828588C5F80446631C3CD003A80394C1
:10F47000FFF79CFF0122039B924602FA03F34360CD
:10F4800005E0C5F80C46621C2DD04FF0000A51462D
:10F490003368039403F40040002818BF002103A838
:10F4A00018BF4FF0010A01930091FFF77FFF039C03
:10F4B000019B00EB8400D0F88040C3F3412C0099FD
:10F4C0003B0243EA8C030B4304EA0B04234343EA65
:10F4D0004A03C0F8803006E0C5F81046C4E7601C57
:10F4E000C5F800463CD1043695E7C5F80446611CD2
:10F4F000F9D04FF0010A03A80394FFF757FF012149
:10F50000039B01FA03F38360C2E7C5F80846BAE734
:10F51000C5F86445EBE7C5F86445B4E7C5F8684548
:10F52000E5E7C5F86845AEE7C5F86C45ABE7C5F853
:10F530007045DCE7C5F86045D9E7C5F86045621C51
:10F540003368D0D0C3F30043002B8FD1D1E7C5F887
:10F550006445F4E7C5F86845F1E7C5F86C45EEE7A2
:10F560004FF0000AC7E76FF0150057E76FF085000E
:10F5700054E700BF7AD50300F0F0FCFF38B504462D
:10F5800000220121C620F6F751FDC620F6F72CFD1A
:10F59000626853691068C0F82435D18B938B957ECF
:10F5A0000B43118C0B43518C0B43517E127E29432C
:10F5B0000A439BB21343C0F86C3561680B68D3F8FB
:10F5C000002242F48022C3F800220822C3F800255A
:10F5D0004A6A0121C3F83C270022C3F84027196575
:10F5E000D3F830110029FBD0C3F800252046BDE830
:10F5F0003840014910F00AB8BF1703002DE9F34164
:10F6000004460D46476813F0B8FAA8B92B4B1B788F
:10F6100093B14FF04008642663681B68D3F830311B
:10F62000002B39D1012012F09DFA013EF4D10021C6
:10F6300020200AF003FBEEE74022EFF311831E4681
:10F6400082F31288BFF36F8F61680968D1F83011B7
:10F6500021B983F31188BFF36F8FEEE77B6A2046F1
:10F660001D7063680DF107017F6A1D680FF0B9FF17
:10F670009DF807204AB90123C5F83C77C5F8403703
:10F68000C5F83021D5F830212B6586F31188BFF3FA
:10F690006F8F02B0BDE8F081EFF311831E4688F34F
:10F6A0001288BFF36F8F62681268D2F83021002A87
:10F6B000D4D183F31188BFF36F8FB8E7CFC0002098
:10F6C00008B503685F2B4FEA531107D80C4A03F0C3
:10F6D0001F0352F82120DA40D2070BD409490A4807
:10F6E0004FF46C73094A0FF079FC4FF46C710748C2
:10F6F0000FF06BFC0360064B53F8210008BD00BF00
:10F700006C7903005CD103005191030029D10300FF
:10F7100060790300012310B503FA01F1436804691D
:10F720001B6819420ED10E4940F28C630D4A0E48F7
:10F730000FF054FC0D480FF051FC40F28C61094869
:10F740000FF043FC2368194218BF82F0010222B176
:10F750008368DB68BDE81040184783681B69F9E7D8
:10F7600013910300E2900300519103006E91030096
:10F770002DE9F84F4568D0F8108006460021E86B67
:10F7800000AF12F087F8041E11DB296C481C1AD058
:10F7900005F1440000F090FB10F1130F04460AD16C
:10F7A00001214C4A4C4812F05BF86FF012042046DD
:10F7B000BD46BDE8F88F411D05D10121474A4648A5
:10F7C00012F04EF8F3E74FF001096B6B9847D8F849
:10F7D0000850D8E9023203EBC2039D4208D34046E9
:10F7E00012F0A4F830463E490FF010FF0446DEE761
:10F7F000286813F09BF80346B0B92A686C468AB0B3
:10F80000106829796A46D1614FF40071354D118431
:10F810003549C2E9055042F8101F4FF411512E48E6
:10F82000F5F790FBA546C0E728682979EB8803F037
:10F830003002302AD0F810E0D0E901BA0ED12B49BD
:10F8400040F2E1332A4A2B480FF0C8FB2A480FF058
:10F85000C5FB40F2E13126480FF0B7FB03F006028A
:10F86000042A09D125494FF47A73214A21480FF01F
:10F87000B5FB4FF47A71EEE7DA0754BF43F4B014E6
:10F8800083F4D014DBF8003009FA01FC1CEA030F02
:10F8900024F480120CD11A4940F2FB33144A154863
:10F8A0000FF09CFB17480FF099FB40F2FB31D2E7B9
:10F8B000DEF80030E4074CBF43EA0C0323EA0C03F4
:10F8C000CEF80030DAF800309847041EFFF66FAF2C
:10F8D00008357EE79ED50300B84E0300C9D5030066
:10F8E000B3180300E6D5030004000001EB92030007
:10F8F000E29003005191030024930300F793030067
:10F90000139103006E9103002DE9FF41056906463E
:10F91000D0F80480A86D2B6E002835D1002B53D071
:10F92000B8F838406A6D9C4228BF1C46EF6DEB6DFD
:10F9300053B1296E41B107F06041B1F1005F03D0CE
:10F94000082C28BF08246F6F00926A6DAC661AB14C
:10F95000AA6D002A18BF2246CDE901271BB12B6EE4
:10F96000002B18BF2346002269464046039303F04C
:10F97000B7FB184B984229D06FF00401304604B011
:10F98000BDE8F04111F0F4BF696DEF6D0A46B8F8BB
:10F990003840ABB1834228BF03469C4228BF1C4677
:10F9A0000029C4D001F06043B3F1005FBFD0082C40
:10F9B00028BF0824286F224614F071F92A6FB6E791
:10F9C000844228BF0446EBE71946D7E704B0BDE8F8
:10F9D000F08100BF0000AD0B10B502780346002A8D
:10F9E0005FD10C69A26E32B9606E6FF07301BDE831
:10F9F000104011F0BDBFE06D40B1216E31B1DB6848
:10FA000023B1834202D0616F14F049F9A36DA26E55
:10FA100033B19A4213D90121224A234811F020FF21
:10FA2000236EA26E33B19A4222D901211D4A1E488B
:10FA300011F016FF606EBDE81040FFF765BF9B1A1E
:10FA4000A3657BB9636C04F1580208336364A36C4B
:10FA500004F14801013BA36404F1440011F007FFE5
:10FA60006065DDE7636D002BDAD013446365D7E78B
:10FA70009B1A23667BB9E36C04F160020833E364EC
:10FA8000236D04F15001013B236504F14C0011F09A
:10FA9000EEFEE065CEE7E36D002BCBD01344E365CB
:10FAA000C8E710BD0AD60300B84E03002DE9F04F99
:10FAB00091B000AFFB6043688846BB608B88064608
:10FAC00099049146046933D44FF0FF324FF0FF336D
:10FAD00004F1100008F0C4FAC4F80480D6F804B0A9
:10FAE000D6F810A0DBF808303B609AF86D3023B1EF
:10FAF000DAF80030984500F0D580B8F804E01EF43C
:10FB000000631CD00121B24AB24811F0A9FE6FF087
:10FB1000850523689B8813F4005304D1636004F1C6
:10FB2000100008F035FA28464437BD46BDE8F08F8E
:10FB3000A369002BC8D163689845C5D1CEE71EF0F4
:10FB4000010F15D06D4688B031686A46A248C2E9F7
:10FB500005014FF400719183A04942F8101F4FF442
:10FB6000E2519C48F5F7EEF9AD466FF01505D0E788
:10FB70001EF0080F05D09A4A0121964811F070FE38
:10FB8000F3E7CEF34513082B01D0964AF4E7D8F8F3
:10FB900000307B607A68944B9A4201D8934AEBE735
:10FBA00007F118050BF10C0CBCE80F000FC5BCE801
:10FBB0000F000FC5D7E900239A4228BF1A469CE8D8
:10FBC00003008B4B85E803009A4217D2894B9A4277
:10FBD00014D2894B9A4211D2884B9A424AD8884B08
:10FBE0009A4249D8874B9A4248D8874B9A4247D87D
:10FBF0008648874B8749824288BF0B461EF0020F1A
:10FC0000FB620EF004033DD0002B14BF032302233C
:10FC100087F83030CEF3001387F83130DBF800304E
:10FC20001EF0020FD3F8003607F114007B612DD1CE
:10FC3000FFF746FD01237A69934083609AF86D309F
:10FC40002BB1584603F0F0F900238AF86D303346A3
:10FC5000714A584607F1180103F0A0F96F4A0346AC
:10FC600090421AD001216E4A5A480FF02CFC6FF0D6
:10FC700004054EE76B4BC1E76B4BBFE76B4BBDE732
:10FC80006B4BBBE7003B18BF0123C1E7FFF718FD33
:10FC900001237A6993404360D0E70123CAF80080CA
:10FCA0008AF86D30012384F86C30BB68196C4A1CEB
:10FCB0000AD003F1440000F02FF9743004D102217E
:10FCC0005C4A444811F0CCFDB9F1000F69D1C4F889
:10FCD00044900023A36404F1580204F1480104F1A4
:10FCE000440011F0C4FDFB686065002B61D1E36442
:10FCF0000023236504F1600204F1500104F14C007B
:10FD000011F0B5FD002501212A46E0652564204655
:10FD100011F0EBFD3046FFF7F7FD2A462B46A06CAD
:10FD200083424ED100231946256DA94240F08680BA
:10FD3000934238BF1346A0464FF4FA5202FB03F534
:10FD400058F8283B47F6122C1B6840F2E730B5FB09
:10FD5000F3F50021C8354FF47A720023E5FB0C015E
:10FD6000ECF786FC02460B46404608F079F902465D
:10FD700000286AD00121304A164811F071FD002593
:10FD8000B868A56603F050F96FF07301304684F847
:10FD90006D5011F0EDFD404608F0DCF96FF0730591
:10FDA000B7E6D9F800306364002B92D0D9F804305C
:10FDB00090E7FB681B68E364002B99D0FB685B68E5
:10FDC00097E7616C01EBC301496801330A44A7E777
:10FDD00028D60300B84E030042D6030003000001FA
:10FDE00064D6030083D6030047E80100B2D60300BF
:10FDF0000048E8010024F40000127A00FF083D00EA
:10FE00007F841E003F420F001FA107008FD0030018
:10FE100048E8010090D00300D9F901000000AD0BC3
:10FE2000E3D6030000093D0080841E0040420F001D
:10FE300020A107000AD7030034D70300E06C00EBD1
:10FE4000C1004068013103446FE7256C15F1740F60
:10FE500095D0002D3FF45DAE0146306911F045FDAF
:10FE600057E600BF08B503685F2B4FEA531107D868
:10FE70000C4A03F01F0352F82120DA40D2070BD4BA
:10FE800009490A484FF46C73094A0FF0A7F84FF478
:10FE90006C7107480FF099F80360064B53F8210086
:10FEA00008BD00BF0C7A03005CD103005191030030
:10FEB00029D10300007A03000123F0B587B08DF843
:10FEC0000230022300248DF804306B4403930F4664
:10FED00001AB0DF10301049305460291059401F075
:10FEE00009FF0C4B064698420FD13946284603AA13
:10FEF00001F0DEFCB0420BD028469DF8031001F063
:10FF0000EDFE6FF0040007B0F0BD6FF01200FAE7ED
:10FF10002046F8E70000AD0BF7B50C46054611F09A
:10FF2000FFFE002221460646284601F0EFFE01A80A
:10FF30000194FFF797FF019B00EB8302D2F880103A
:10FF4000154B0B4043F00C03C2F8803000F080F8F2
:10FF500007462B689B59B3B100262146284611F06D
:10FF6000DDFE01A80194FFF77DFF019B00EB8300FC
:10FF7000D0F88020084B134043F00403C0F88030D1
:10FF8000304603B0F0BD00F063F8C01BC728E0D9CD
:10FF90006FF07306E1E700BFF0F0FCFF73B51446A5
:10FFA0001D46684602F00AF8009BA342019BAB4144
:10FFB00014D30B4AD2E90061A41B24F01F0365EBA4
:10FFC000010064099B1941EB000144EAC060C2E9E9
:10FFD000003102B0BDE870400AF0FEBA02B070BD58
:10FFE0004837002010B500220121E420F6F71EF862
:10FFF000124A0020D2F8183723F44033C2F81837D9
:020000040002F8
:1000000002F034F80E4B0446984208D101200D4905
:1000100002F0DEF8A04205D00B4B98420AD04FF018
:10002000FF3010BD6722094B02201A60FDF790FFD8
:100030000020F6E76FF00B00F3E700BF00200E5042
:100040000000AD0B480900200200AD0BB06C002091
:1000500037B5EFF31185402383F31288BFF36F8F19
:1000600018480AF027F968B98823174A1749184829
:100070000EF0B4FF134917480EF0B0FF8821124864
:100080000EF0A3FF0F480AF039F9684601F096FF19
:100090000C48009C0AF01CF968B940F231130A4A76
:1000A0000D490B480EF09AFF06490C480EF096FFDA
:1000B00040F23111E3E785F31188BFF36F8F2046DB
:1000C00003B030BDB46C0020B6A10300E3A103006F
:1000D00051910300F8A103000EA2030025A2030022
:1000E00007B5684601F06AFF0098074AD2E9003276
:1000F000C01A019B4FEA501063EB020340EAC36051
:1001000003B05DF804FB00BF483700207FB5431CF7
:1001100018BF20EAE07502A808BF6FF0004501F0A3
:100120004DFF02990E4B2020D3E900268C1A03992B
:1001300061EB06032146C5FB0013402973F100045F
:1001400036BF014621F01F01002352184FF0010174
:1001500046EB03030091034802F0CEF804B070BDF3
:10016000483700204009002002460B46014807F0AE
:1001700001BC00BF000D0020014807F0CBBC00BF50
:10018000000D002004460D46094E08B532464FF4D6
:100190009D73084908480EF021FF214607482A466A
:1001A0000EF01CFF4FF49D7130460EF00EFF00BFA5
:1001B0000FD903006E9403005191030048D9030046
:1001C00003460A4610B5114881680C6864B91049A5
:1001D0005B23104A10480EF001FF10480EF0FEFE9F
:1001E0005B210C480EF0F1FE1946A04768B10C499E
:1001F0004FF42D730B4A08480EF0F0FE0A480EF03B
:10020000EDFE4FF42D710748ECE710BD5C43030091
:10021000A4D9030070D9030051910300C4D903008D
:10022000ADA103000FD90300EAD9030008B50A49BC
:100230000A4812F092FC00280CDA09492F23094AD7
:1002400009480EF0CBFE09480EF0C8FE2F210548E4
:100250000EF0BBFE08BD00BFBC6C002008420020B1
:100260006E94030024DA0300519103004DDA030079
:10027000094B93F8FB31042B02D1810709D4704755
:10028000022B02D1020704D47047082B03D1830646
:1002900001D5FFF7CBBF70478BBC0020F0B589B00C
:1002A000064600AF0D463648364908F0B5F907F165
:1002B0000C00E0F767FC6C4688B06A46324B53612D
:1002C000324B93614FF400739383314B42F8103FEC
:1002D0003049314807F10C03F4F734FEA5462F48A6
:1002E00012F024FB50B901212D4A2B480FF0E2F8FF
:1002F0006FF0120420462437BD46F0BD294B381D4F
:100300007B60E0F7B3FC034638B10121264A22485E
:100310000FF0D9F86FF01504ECE74FF0FF304FF015
:10032000FF31FFF721FF04460028E3D10820E0F762
:100330008DFC20B1FFF720FF6FF08504DAE71B4941
:100340001B48E0F7DDFB044610B1FFF715FFD1E7CE
:1003500041F64C5307F10800BB60ECF7D3FD0028D1
:10036000E8D1012338463B70ECF7C4FD0028E1D109
:10037000FFF702FF33690F481D60F7F785FAB9E709
:10038000BC6C00202F1A0300AD95030070DA030047
:1003900003000001C01C4001E84D03005C43030062
:1003A00097DA0300C1010200B7DA030050370020DA
:1003B000B10402007102020030B53A4887B0E0F79C
:1003C00063FA044620B9E0F7EFFB20B16FF0850433
:1003D000204607B030BDE0F7FBFB0028F6D1E0F780
:1003E0000BFC0028F2D1E0F715FC0028EED1E0F775
:1003F0001FFC05460028E9D1012103AA8DF80C4015
:10040000E0F79EFA041EE3DB01230221284603AA3B
:100410008DF80C30E0F794FA041ED9DB082307218D
:10042000284603AAADF80C30E0F78AFA041ECFDBA9
:100430004FF0FB13039340F203230321284603AA42
:10044000ADF81030E0F77CFA041EC1DB0125042171
:10045000002003AA8DF80C50E0F772FA041EB7DBF7
:100460001F230621002003AAADF80C30E0F768FA3C
:10047000041EADDB40F6B4239C4210DD0A4A294637
:100480000A4800940FF029F8002383F31188BFF382
:100490006F8F0423184602DF6FF00B0498E70024E7
:1004A00096E700BF85010200DBDA0300E84D030098
:1004B00073B5454C94F8FB31CBB194F8FB31042B68
:1004C0003FD120783E2825D0FF2829D000250022C2
:1004D00000232946F7F7E4F9064630BBC5B10023EF
:1004E00084F8FB3102B0BDE87040FFF79FBE4FF0CB
:1004F000FF304FF0FF31FFF737FE48B9204604F2D6
:10050000FB1100F0A7FB0546FFF736FE002DD4D007
:1005100002B070BDA578022D14BF00250125D6E7D5
:10052000A57805F0FD05802DF6E7627826490232B0
:100530000C300FF069F93146244B1B68244898476A
:10054000CDE7022B24D1002200230820F7F76CF915
:1005500005460028DCD063880433B3F5FE7F23D33F
:1005600040F2FB12012100921A481B4A0EF0B5FF1F
:100570006FF00B030121194A16480EF0A4FF002367
:1005800083F31188BFF36F8F0423184602DFA6E7B9
:10059000082B13D1002300222020F7F745F96388A8
:1005A00005460028D8D1B3E71A46074905F10C00E3
:1005B0000FF02AF9054B29461B68BFE70121084ABD
:1005C00004480EF080FF8AE78BBC0020B86C002046
:1005D0008C430300E84D0300FDDA030056DB030003
:1005E0001DDB0300F7B5804D06462B78002B40F04D
:1005F0002C8304238DF807307C4B04881F68B7B127
:100600000DF106030DF10702691CB84701280ED051
:100610009DF80630002B40F078819DF807300E22BF
:10062000AB7001236A70EB70AC80A87176E1B4F511
:10063000105F4FEA94230AD2002B4ED0013B072BC8
:1006400008D8DFE803F00907367A070707C13F2B10
:1006500000F00382012055E0304640F2064230F9B6
:10066000033B93420FD040F21D4293421ED0012023
:1006700040F206439C4200F0488140F21D439C42F8
:1006800000F043813EE0ECF79BFC42F264039C42A5
:1006900040F2AD8242F285039C4233D842F26703B6
:1006A0009C4200F2B98242F26603E8E7ECF78AFC6A
:1006B000EBE7304640F6634230F9033B934230D0DB
:1006C0000DDC40F6034293421FD040F62D42934288
:1006D0001ED040F60142934212D0012015E140F6AF
:1006E0007B42934220D040F67C429342F5D19DF864
:1006F00007303F4902338DF80730ECF754FB01E037
:10070000ECF743FB0128E8D087E7E0F793FBF9E734
:100710009DF80730364903338DF80730ECF73AFB84
:10072000F0E7ECF739FBEDE79DF80730304904338B
:100730008DF80730ECF735FBE4E73388A3F58053F9
:10074000013B082BC9D801A252F823F0710702001F
:100750008307020097070200DB060200DB060200A7
:10076000DB060200DB060200DB060200B707020020
:100770009DF807301E4808338DF80730ECF7DDFB95
:10078000C0E79DF807301A4840338DF8073011F064
:1007900050F9002041E700229DF8073008338DF81A
:1007A0000730134B1A605A60EB7A23F0600343F072
:1007B0006003EB72EDE79DF807300D4806338DF8C6
:1007C0000730ECF7BCFB9DE7304642F24B0130F8B6
:1007D000033B1AB28A4242F2640168DCB2F5005F60
:1007E00008DC8C425BE000BF87BE0020CC6C0020A0
:1007F0008EBE0020A3F50053013B4A2B4CD8DFE806
:1008000013F05D0065006E004B00920095009800AB
:10081000A100A400A7004B004B004B004B00AA0016
:10082000B300B600B9004B004B00BC00C500C800C7
:10083000D1004B00DA00E300EC004B004B004B0012
:100840004B004B00F600FF0008014B004B004B0033
:100850004B004B004B004B004B004B004B000B017F
:1008600014011D0120014B004B004B004B004B00BD
:100870004B004B004B004B004B004B004B004B0020
:100880004B004B004B004B004B004B004B004B0010
:100890004B004B004B00230142F264039C423FF4A7
:1008A0001CAF40F2B78142F285030120F4E642F228
:1008B0007C039A4295D1ECF781FB01E0ECF741FB18
:1008C00042F264039C427FF4E0AE1EE09DF80730E4
:1008D000CF4803338DF80730ECF738FBF0E79DF88D
:1008E0000730CB4808338DF8073011F0DAF842F2C0
:1008F00064039C4208D040F2798142F285039C4215
:1009000040F2A1810020FDE600200F236B7004233C
:10091000AB700123E8702B71A5F80540012300207E
:100920002B7003B0F0BDECF713FBC9E7ECF712FB3B
:10093000C6E79DF80730B64801338DF80730ECF76D
:100940000BFBBDE7ECF70AFBBAE7ECF709FBB7E7EF
:10095000ECF708FBB4E79DF80730AD4801338DF89C
:100960000730ECF701FBABE7ECF700FBA8E7ECF78F
:10097000FFFAA5E7ECF7FEFAA2E79DF80730A449D5
:1009800007338DF80730ECF7F7FA99E7ECF7F6FA4A
:1009900096E79DF807309E4910338DF80730ECF745
:1009A000EFFA8DE79DF80730994808338DF8073046
:1009B000ECF7E8FA84E79DF80730954902338DF8A3
:1009C0000730ECF7E1FA7BE79DF8073090490233F6
:1009D0008DF80730ECF7DCFA72E79DF80730083342
:1009E0008DF807308F23EB71C023EB727FE79DF802
:1009F0000730874902338DF80730ECF7CDFA5FE70F
:100A00009DF80730824804338DF80730ECF7C6FABA
:100A100056E7ECF7C5FA53E79DF807307C480833F2
:100A20008DF80730ECF7BEFA4AE79DF807307849B1
:100A300004338DF80730ECF7B7FA41E7ECF7B6FA74
:100A40003EE7ECF7B5FA3BE79DF807307048023314
:100A50008DF80730ECF7AEFA32E730464FF6165213
:100A600030F8033B93425BD84FF60152934206D8CD
:100A700003F2FF3292B20A2A34D901205FE0A3F5D3
:100A80007D43023B142BF8D801A252F823F000BF9B
:100A9000B10B0200B70B0200BD0B0200C30B02003A
:100AA0007B0A02007B0A02007B0A0200C90B0200DB
:100AB0007B0A02007B0A0200CF0B02007B0A0200C5
:100AC0007B0A02007B0A02007B0A02007B0A02000A
:100AD0007B0A02007B0A0200D50B02007B0A02009F
:100AE000E70B0200A3F57C43013B0A2BC5D801A20A
:100AF00052F823F02F0B02004B0B02007B0A02007E
:100B00007B0A02007B0A0200990B02007B0A0200AA
:100B10007B0A0200750B0200870B02009F0B02008C
:100B20004FF61D529342A8D1ECF705FA07E09DF865
:100B3000073037480C338DF80730ECF736F94FF6AD
:100B4000025224F0080393429AE500209DF80730F2
:100B500040338DF807302E4B1880EB7923F02303B8
:100B600043F02303EB712B7A23F0070343F00703D1
:100B70002B72E4E79DF80730254817338DF80730CE
:100B8000ECF72FF9DBE79DF80730214820338DF88B
:100B90000730ECF74AF9D2E7ECF721F9CFE79DF8F7
:100BA00007301B4801338DF80730ECF75BF9C6E7D7
:100BB000ECF76EF9C3E7ECF79DF9C0E7ECF79CF9A9
:100BC000BDE7ECF79FF9BAE7ECF79EF9B7E7ECF76A
:100BD0009FF9B4E79DF807300D4904338DF80730CD
:100BE000ECF798F9ABE7ECF7A4F9A8E7002042F29C
:100BF00019039C421BD842F20C039C427FF638AD8D
:100C0000A4F500530D3B41F241229BB209E000BF25
:100C10008EBE00200120EAE7A4F50153283B0C4AD0
:100C20009BB222FA03F3DB077FF56CAD6DE642F26F
:100C300032039C423FF469AEA4F50153033B012B00
:100C40003FF660AD61E6002028E54FF0FF3068E632
:100C50002F80402038B5094C0D4623781BB9BDE8DC
:100C60003840ECF782B8A278611C023213F017F812
:100C70000020042320702B7038BD00BF87BE0020E9
:100C800070B506460C460F4D284611F04FFEA8B130
:100C9000A2B2AB681B6863B90B495B230B4A0C48D3
:100CA0000EF09CF90B480EF099F95B2107480EF005
:100CB0008CF931462846BDE8704018476FF01200A5
:100CC00070BD00BF5C430300A4D9030070D90300CA
:100CD00051910300C4D903004FF4007101480AF098
:100CE000F9B800BFCFBE002004460D46094E08B536
:100CF000324640F23313084908480EF06FF9214696
:100D000007482A460EF06AF940F2331130460EF0D9
:100D10005CF900BFAEDB03006E9403005191030049
:100D2000DBDB0300322337B50125ADF804300023A7
:100D30001C216846134A8DF80630ADF800508DF836
:100D40000230EAF783FD0446C0B940F25630E9F7B5
:100D500015FA29460C48F0F748F8044670B90146E0
:100D60002A468520F5F762F92A462146E520F5F75F
:100D70005DF92A4621468A20F5F758F9204603B046
:100D800030BD00BFE90C0200D46C002008B54FF064
:100D9000FF304FF0FF31FFF7E7F948B10749084846
:100DA000BC23084A0EF01AF9BC2106480EF00DF9D2
:100DB000F0F79AF9BDE80840FFF7DEB9F2DB03006F
:100DC00051910300AEDB0300024608B50A480B460A
:100DD0000A4907F049FE00280CDA09494723094A65
:100DE00009480EF0FBF809480EF0F8F847210548CD
:100DF0000EF0EBF808BD00BF0842002020060020DE
:100E00006E94030024DA030051910300FFDB03001A
:100E100008B50A490A4811F0A0FE00280CDA094971
:100E20002F23094A09480EF0D9F809480EF0D6F8E0
:100E30002F2105480EF0C9F808BD00BF046D002041
:100E4000084200206E94030024DA0300519103004D
:100E50004DDA03000122014B1A63704700E0105085
:100E60000122014B5A63704700E01050014B0420EF
:100E70001B681847146D002010B530B101280AD145
:100E8000BDE810400A48E9F795B80A4B0220BDE8D2
:100E900010401B68184708492023084A08480EF0EC
:100EA0009DF808480EF09AF8202104480EF08DF8BD
:100EB0006D0E0200146D00206E94030039DC0300F7
:100EC0005191030076DC030008B590B1012803D1ED
:100ED000BDE80840E9F786B806492E23064A0748C8
:100EE0000EF07CF806480EF079F82E2102480EF03C
:100EF0006CF808BD6E94030039DC030051910300C7
:100F000076DC0300014B186001487047146D002027
:100F10000000AD0B38B5304C0D46237E834209D01E
:100F20002E495F232E4A2F480EF058F85F212C4897
:100F30000EF04BF804F14003D3E8AF3F2BBB092977
:100F40003DD8DFE801F0053C3C3C3C24241F3C221A
:100F5000236AD3E900209047012808D0224B984209
:100F600003D00223E06384F8343020480EE047F2D7
:100F700030532363032384F834301D4B84F8290055
:100F8000A363F2E7144807F003F8002038BD0023FC
:100F900084F82930174B207E15492363EFF766FF4D
:100FA00004460028F1D057230D4A13490D480EF08E
:100FB00015F8214611480EF011F85721B7E7922392
:100FC000074A0F4907480EF009F829460D480EF068
:100FD00005F89221ABE700BF186D0020C0DC0300CC
:100FE00086DC0300519103001F6466024C6D0020F3
:100FF0003C6D0020FF3F420F46B00300E2DC0300DF
:101000006E94030005DD030001220021014811F068
:101010003FBD00BF186D0020014BD861704700BF75
:10102000186D0020F8B54FF0FF3106464FF0FF3045
:10103000FFF79AF8054648B14849BE23484A49484F
:101040000DF0CCFFBE2146480DF0BFFF4649474892
:10105000E9F7DEF80446FFF78FF8002C08DA444879
:1010600023460121434A0EF02EFA6FF00B00F8BD23
:1010700040F20113404C2385E36926626433E36246
:1010800047F2305323636FF0730384F82450E36313
:1010900004F14006D6E8EF3FC6E8E25F002AF9D146
:1010A000A36837463BB13549D4232D4A2D480DF06E
:1010B00095FFD421C7E74FF0FF304FF0FF31FFF726
:1010C00053F838B12549D723254A26480DF086FF25
:1010D000D721B8E7207E04F12401EFF7C7FE0546CB
:1010E00058B1D9231E4A26491E480DF077FF2946DC
:1010F00024480DF073FFD921A5E7FFF73DF8002341
:101100002046214A06F0ACFF00280BDA01211F4AD5
:1011100017480EF0CFF90123D7E8EF2FC7E8E13FDA
:101120000029F9D14FF0FF304FF0FF31FFF71CF8E5
:1011300038B10A49E4230A4A0A480DF04FFFE42176
:1011400081E7207EEFF774FEFFF716F8D6E8AF3F91
:1011500013B1094806F0FEFFE06B88E7F2DB0300FD
:1011600086DC030051910300306D0020150F020052
:10117000304E03001DDD0300186D002043DD030029
:1011800046B00300E2DC03000E720B00CCC4030087
:10119000064BD3F840231C2A05D1D3F84403431E41
:1011A0005842584170470020704700BF00C0FF0000
:1011B00003689A070CD50368DB070DD50922074B96
:1011C000C3F80C250F22C3F8042501221A60FEE79C
:1011D000034B0360EF3B0360704700BF008010507B
:1011E000F000FA50012208B5384B3948C3F80028FE
:1011F000FFF7DEFF0830FFF7DBFF0830FFF7D8FF0F
:101200000830FFF7D5FF00F5F470FFF7D1FF314A42
:10121000D2F88C3043F44063C2F88C300022D30003
:1012200003F57F0303F54043D3F8001401310AD0DE
:10123000D3F8001439B1D3F800140132D3F80434D0
:10124000402A0B60EBD1214BD3F84024002A39D03F
:10125000FFF79EFF48B1204BD3F834231F4B9A422F
:101260009EBF1A4B1E4AC3F84026FFF791FF18B1E4
:101270001C4B1D4AC3F8AC27FFF78AFF48B1342244
:10128000124BC3F82426D3F83C2622F40022C3F8DC
:101290003C2603231549C1F818350E4BD3F88C2092
:1012A00042F44062C3F88C20D3F8882042F47002E4
:1012B000C3F88820BFF34F8FBFF36F8F0023C1F8AF
:1012C000A03508BDC822C3F84024C1E70000125071
:1012D00000C50D5000ED00E000C0FF00001D0A1821
:1012E00040E0A91E00A0085078000A0400B0045095
:1012F00030B50468ACB1B4FA84F30122C3F11F0322
:10130000DBB29A4024EA0202D0E8EF5FA54204D1A2
:10131000C0E8EC2FBCF1000FF6D1EAD102480B7007
:1013200030BD0248FCE700BF0000AD0B0200AD0B72
:1013300010B50368CB40DB0710D401238B40026853
:1013400043EA0201D0E8EF4F944204D1C0E8EC1F19
:10135000BCF1000FF6D1F2D1014810BD0148FCE705
:101360000000AD0B0400AD0B5F2898BF074B4FEAA0
:1013700050129FBF53F8223000F01F0023FA00F0F4
:1013800000F0010088BF0020704700BF307A0300E2
:10139000034A4309D35C00F01F001844C0B27047F1
:1013A00071DE030070B505460846FFF7F1FF3621F0
:1013B0002A791E4B01FB0202083233F81200C105E4
:1013C00026D56C240026C0F3432120F4F85023F8DE
:1013D00012002A7904FB02340E3434F8020F10F4A0
:1013E000807F03D0C0F34320814211D00136232EE9
:1013F000F3D16C200024424302EBC1029C502A79B5
:1014000000FB02306030FFF793FF094B984200D198
:1014100070BD084908484FF4DC73084A0DF0DEFD42
:101420004FF4DC7105480DF0D0FD00BF50090020DD
:101430000000AD0BABD1030051910300BEDD0300F2
:1014400010B5016804460846FFF78EFF58B91049E9
:101450004FF46C730F4A10480DF0C0FD4FF46C71DF
:101460000C480DF0B2FD01F01F035F2923604FEA25
:10147000511209D9094940F2B933064A06480DF01C
:10148000ADFD40F2B931EBE7054B53F8220010BD3A
:101490005CD1030029D10300519103006E94030035
:1014A000247A0300072808B50BD90849084840F2F8
:1014B000AA33084A0DF092FD40F2AA3105480DF01A
:1014C00084FD800000F5807008BD00BFB4DD03001E
:1014D000519103007FDD0300F0B50646002487B07C
:1014E000114F019117F8012B06AB03EBD20313F850
:1014F000143C02F00702D34013F0010306D101347B
:10150000032CEFD10023184607B0F0BD074A03AD06
:1015100007CA85E8070055F824100A6A46F824200F
:101520000A62002AEBD0EEE781DE0300304F0300B1
:1015300010B504460846FFF72BFF362303FB0400D3
:10154000024B083033F81000400B10BD500900204A
:1015500010B504460846FFF71BFF362303FB0400C3
:10156000034B083033F81000C0F3400010BD00BF3B
:101570005009002010B504460846FFF709FF36233E
:1015800003FB0400044B083033F8100010F01C007B
:1015900018BF012010BD00BF5009002010B504463F
:1015A0000846FFF7F5FE362303FB0400034B083023
:1015B00033F81000C0F3401010BD00BF50090020E8
:1015C00010B504460846FFF7CFFE58B91B4940F254
:1015D000E5131B4A1B480DF001FD40F2E5111848C8
:1015E0000DF0F3FC24792046FFF7B2FF48B116490D
:1015F0004FF4F373124A13480DF0F0FC4FF4F371FB
:10160000EDE72046FFF7B6FF48B9104940F2E7136F
:101610000B4A0C480DF0E2FC40F2E711DFE72046F0
:10162000FFF7BCFF30B12046FFF782FFBDE8104056
:10163000FFF738BF4FF4A27010BD00BFFCDD030000
:10164000BEDD0300519103001DDE03003BDE0300FD
:1016500010B504460846FFF79BFE362303FB040043
:10166000034B083033F8100000F0010010BD00BF3C
:10167000500900202DE9F04F0D46D0F8141387B023
:10168000C9B241F40031AA6D009010F0F4FA810360
:1016900006462ED50023696E03A8CDE903330593D2
:1016A000FFF71AFFDFF86CA1DFF86CB10DF10C0940
:1016B0001AF8013B05EBD30292F8642003F007030C
:1016C00022FA03F3DA076AD4514B09F104095345AE
:1016D0000BF1010BECD14FF40031AA6D009810F022
:1016E000CAFA696E03A8FFF7F7FE0028DAD126F4DC
:1016F00000360124002E73D107B0BDE8F08F91FAB7
:10170000A1F1B1FA81F19BF8004041EA441420466E
:10171000FFF73EFE083035F81080C8084FEA9803FE
:101720000193012319F8002001F0070103FA01F1E8
:1017300022EA010209F8002002A80294FFF780FEC5
:10174000029A019B203250F82220C8F382075B07DF
:10175000B846C2F3014227D521462846D7B24246B1
:1017600010F002FA02A80294FFF76AFE029B2033EF
:1017700050F82330C3F301439F4207D10021204694
:1017800010F05EFA3946204610F05AFA02A8029488
:10179000FFF756FE0122029B02FA03F30362D9F817
:1017A00000100029ABD18FE7022A0DD1032120467A
:1017B00010F046FA07F00503012BE7D14246214617
:1017C000284610F0D1F9E1E702212046019210F0FD
:1017D00037FA032FF2D0019A032AD7D1022FECE770
:1017E00096FAA6F3B3FA83F304FA03F226EA0206A2
:1017F000009A284602EB8303D3F81015D3F810257E
:10180000C1F30811C2F3014210F0AEF972E700BF54
:1018100084DE030081DE030081DE0300F7B50446A9
:1018200000790D46FFF714FF002836D0204610F04F
:101830004EFA277929463846FFF7B0FE58B13846A8
:10184000FFF776FE0022266800B206EB8003C3F89D
:101850001025C3F8102529462046FFF7A3FD28468A
:10186000FFF796FD36222379019502FB0300002243
:101870000B4B083023F8102001A8FFF7E1FD019B76
:1018800000EB8300D0F88020064B134043F00203A6
:10189000C0F88030044803B0F0BD0448FBE700BF47
:1018A00050090020F0F0FCFF0000AD0B0400AD0B70
:1018B0002DE9FF47174604460846FFF769FD3E68D5
:1018C000884605463EB3204610F0C9F998BB33461A
:1018D000CDE900008DF80E008DF80F000DF10F021C
:1018E00040460DF10E0110F05EF936202379654A6D
:1018F00000FB0353083332F8131021F0020122F8E1
:101900001310237900FB0353083332F8131041F00E
:10191000010122F813107B68002B45D0267941463F
:10192000304693F80090D3F804A0FFF711FE20B1E1
:10193000BAF1000F22D0544839E04FF0360C0CFBBE
:1019400006565049083631F8163023F4604323F028
:10195000200321F81630BAF1000F0FD0B9F1030FB0
:10196000E9D87B6826685B68187806EB8006B9F1D1
:10197000000F1FD1C6F81095C6F8109536202379B0
:10198000404A00FB0353083332F8131021F01C01C6
:1019900022F81310237900FB0353083332F8131095
:1019A00041EA890122F81310BB6863BB374804B0D1
:1019B000BDE8F087D6F8102522F00302C6F81025FE
:1019C000226802EB8003D3F8102522F4473222F478
:1019D0007C72C3F8102541F6F072D3F8106502EA64
:1019E000081242EA09423243C3F8102523790CFB5E
:1019F0000353083331F8132042EA403242F0200208
:101A000021F81320BAE74146D3E900972046FFF7B3
:101A1000C9FCB9F1000FC9D06C232079194E43439A
:101A2000F218F358994504D153689F4201D100211F
:101A30000CE06C2303FB00600DF10F016030FFF739
:101A400057FC124B9842B2D19DF80F106C222379AB
:101A5000534303EBC10346F80390237953433622E3
:101A600003EBC10333445F60237902FB0353083364
:101A700036F8132042EA412242F4807226F81320FD
:101A800094E700BF500900200400AD0B0000AD0B2F
:101A90002DE9F043054685B0084690461F46FFF7FE
:101AA00077FC0E460446B8F1000F2DD095F804904F
:101AB0004846FFF74DFD18B94846FFF76FFD50BB8C
:101AC00031464846FFF756FD18B198F80130012B12
:101AD00021D001238DF80F30002308F10102CDE958
:101AE00000830DF10F0108F10203304610F05BF89E
:101AF00036222B792F4902FB0343083331F8132098
:101B000042F0030221F81320002F50D031462879EB
:101B1000FFF71EFD18B9284805B0BDE8F083002185
:101B20004FF0360E38782B68820003EB8003C3F841
:101B30001015C3F810152B791E490EFB034308330B
:101B400031F813C02CF4604C2CF0200C21F813C099
:101B500097F801C0BCF1000F29D02B68BF781A4458
:101B6000D2F81085154B4FEA0C4C08EA0303C2F873
:101B7000103541F6F0730CF4403C03EA06133F05C0
:101B8000D2F8108543EA0C0307F480173B4343EA7D
:101B90000803C2F810352B790EFB0344083431F8E2
:101BA000143043EA403343F0200321F81430044852
:101BB000B2E700BF500900200400AD0B0FE0ECFFBE
:101BC0000000AD0B30B56C250479044B05FB0434E3
:101BD000A160017905FB0133DA6030BD50090020B6
:101BE00070B514465AB91049104840F20D33104AE6
:101BF0000DF0F4F940F20D310D480DF0E6F90679DB
:101C00003046FFF7CBFC68B10846FFF7C1FB36232F
:101C100003FB0600074B083033F8103006485B0B17
:101C2000237070BD0548FCE75CDE030051910300A2
:101C3000BEDD0300500900200000AD0B0400AD0B19
:101C40002DE9F843054607796C201A4E00FB07681A
:101C500098F8684064BB4046A146462221461030B1
:101C600012F02BF82D68D8F85880A04513D1002326
:101C7000C5F30830C5F844310130D5F84431F4F7E4
:101C8000B3F96C2303FB076601230B4886F8683021
:101C90003366BDE8F883E0B2FFF704FCA0F580737B
:101CA0009B08112B04BF45F800902B580134DCE74A
:101CB0000248EEE7500900200000AD0B0C00AD0B10
:101CC0006C210279044B01FB023393F86800003861
:101CD00018BF0120704700BF500900206C235C2210
:101CE000007913FB002302481844FFF721BB00BF13
:101CF000500900206C235C22007913FB002302486A
:101D00001844FFF7F5BA00BF500900202DE9F34150
:101D1000044600790D461746FFF72CFC58B93549A3
:101D200040F2FA33344A35480DF058F940F2FA31AE
:101D300031480DF04AF92368D3F8142392035CBFAD
:101D40004FF40032C3F8142326793046FFF726FCFF
:101D500008B33046FFF7FCFB8046E0B93046FFF79A
:101D6000E7FB0546FFF79EFB26682AB246F800808F
:101D70003358236803EB8203D3F8102542F00102A5
:101D8000C3F8102527B101232268AB40C2F81433F1
:101D900002B0BDE8F0814FB9194940F20E43164A2E
:101DA00016480DF01BF940F20E41C1E72846FFF737
:101DB000EFFA362303FB0600124B083033F81030DD
:101DC000C3F38203042B11D0052B11D001A8019578
:101DD000FFF736FB019BC168D94001F001010231D8
:101DE000284602B0BDE8F0410FF02ABF0321F7E713
:101DF0000221F5E73BDE0300BEDD03005191030045
:101E000066DE03005009002001490248FFF732BC9A
:101E10005009002000A00D5001490248FFF72ABCDC
:101E2000BC09002000C0105008B5154B027AD3F849
:101E3000101521F001010A43C3F810250268B2F51C
:101E4000803F0BD30F4940F2ED630F4A0F480DF06E
:101E5000C5F840F2ED610C480DF0B7F8C3F8A426C0
:101E60004268FF2A09D90A494FF4DF63064A074846
:101E70000DF0B4F84FF4DF61EDE7C3F8AC2608BD10
:101E800000200E50B7DE030084DE030051910300F2
:101E9000DFDE03000B2808B50BD90A490A4840F2D7
:101EA0008C630A4A0DF09AF840F28C6107480DF0F5
:101EB0008CF80023000100F1A04000F56220C0F87A
:101EC0002C3508BD05DF03005191030084DE0300BB
:101ED00070B5054648B917491748D623174A0DF07B
:101EE0007DF8D62115480DF070F8002467220126F0
:101EF000007A92FAA2F3B3FA83F3834204F1010168
:101F000012D1FFF7C7FF0C210D4BE4B201FB0434E3
:101F100001212A68E2606A6822612A7A914022756A
:101F20009A680A439A6070BD06FA03F30C4622EAE7
:101F30000302DEE755DF03005191030019DF0300C0
:101F4000280A00200B2808B50BD90B490B4840F292
:101F500076430B4A0DF042F840F2764108480DF006
:101F600034F8000100F1A04000F56220D0F82415FB
:101F7000D0F8200508BD00BF05DF03005191030024
:101F800084DE0300012303FA00F010F0670F0AD08B
:101F9000064B5B68DB4303F067030342044B0548D1
:101FA00018BF184670470448704700BF280A002031
:101FB0000000AD0B0400AD0B0800AD0B2DE9F0489F
:101FC000214B1B78012B0BD0204940F21F13204AD4
:101FD00020480DF003F840F21F111D480CF0F5FFEA
:101FE00048B91D494FF49073194A1A480CF0F6FF8E
:101FF0004FF49071F1E700230022C0E90023174B52
:10200000D3F810359B071CD5EFF31181402383F3E0
:102010001288BFF36F8F4FF0FF356FF04044104EC2
:10202000D6E900BC5D4574EB0C07F9D3CCF3130380
:10203000C0E900B381F31188BFF36F8F0948BDE891
:10204000F0880948FBE700BF280A002061DF030091
:1020500019DF0300519103008ADF030000200E50B6
:1020600040270E500000AD0B0100AD0BF0B54E4DFA
:1020700085B02C78002C40F093804C4A01AB07CA05
:1020800083E807004A491846D1F8102522F00202D9
:10209000C1F81025FFF7C8FE0723672202F00101EF
:1020A0002144013BCCB24FEA5202F7D1052C79D141
:1020B0001A4601273C48002467265FFA82FC96FAFC
:1020C000A6F15FFA84FEE645B1FA81F162D30132EE
:1020D000052A017500F10C00EDD1012000243549DD
:1020E0009A0800FA02F212F0670F1CBF5C505A58AF
:1020F0000433302BF4D1E420F3F776FF2C4B01248A
:10210000D3F810255D2022F00202C3F8102540F616
:10211000FF72C3F828230022C3F88021C3F880206F
:10212000C3F88421C3F88420C3F88821C3F8882029
:10213000C3F88C21C3F88C20C3F89021C3F89020F9
:10214000C3F89421C3F89420C3F89821C3F89820C9
:10215000C3F89C21C3F89C20C3F8A021C3F8A02099
:10216000C3F8A421C3F8A420C3F8A821C3F8A82069
:10217000C3F8AC21C3F8AC201C660F4B0F4A1B6898
:10218000B3FBF2F358430E4B234398470D482C7092
:1021900005B0F0BD07FA01F126EA010601348EE729
:1021A0000948F5E70948F3E7280A00203C4F0300F7
:1021B00000200E5000210E504C09002040420F001C
:1021C000E05503000000AD0B0C00AD0B0100AD0BA2
:1021D000F7B53D4C064623780D46012B0BD03B4905
:1021E00040F219233A4A3B480CF0F8FE40F219211C
:1021F00037480CF0EAFE49B9374940F21A23344A0D
:1022000034480CF0EBFE40F21A21F1E7277D4FB184
:10221000324940F21B232E4A2E480CF0DFFE40F2DA
:102220001B21E5E7636804F1140103F0010301A831
:102230000193FFF75DF82A4B98423CD12F706368F9
:1022400023F001036360A36843F00103A360254BFF
:10225000D3F81025950732D4D3F8102542F00202A6
:10226000C3F81025C6B1D3F8482712F0010202BF07
:10227000D3F8481741F00101C3F84817194BD3F8B8
:102280004017D3F844174C00F9D42AB9D3F848279B
:1022900022F00102C3F84827134B144A1B68B3FB12
:1022A000F2F3104A03EB43135BB1D2F84017D2F8B4
:1022B0004417490001D403B0F0BD013BF4E70C48DA
:1022C000F9E70C48F7E700BF280A002061DF0300A8
:1022D00019DF03005191030094DF0300A6DF030020
:1022E0000000AD0B00200E504C09002040420F00B2
:1022F0000C00AD0B0700AD0B2DE9F0411E46354B30
:1023000004461B7817469DF818805BB9324940F2A5
:10231000E323324A32480CF061FE40F2E3212F48B9
:102320000CF053FE48B92F494FF439732B4A2C480F
:102330000CF054FE4FF43971F1E7007AFFF722FEFA
:10234000294B0546984241D12046FFF7C1FDEFF3E6
:102350001180402383F31288BFF36F8F227A234BBF
:102360009200134400221A60217A1B680B290AD9B3
:102370001F4940F266431F4A19480CF02FFE40F2F5
:1023800066411C48CCE7B6F5801F09D31A4940F2D4
:102390006C43184A12480CF021FE40F26C41F0E701
:1023A000090101F1A04101F56221C1F82075C1F8D0
:1023B000246580F31188BFF36F8FB8F1000F05D04B
:1023C0000123227A93400D4AC2F824332846BDE8FF
:1023D000F08100BF280A0020C8DF030019DF0300D6
:1023E0005191030055DF03000000AD0B00210E509A
:1023F00005DF030084DE0300F3DF030000200E503E
:102400002DE9F743244A002053689268DB4303F028
:10241000670313401C4601260746FCB94FF001092B
:102420001E4B1D4DD3F82063064095F8148009FA21
:1024300008F333420AD0EF6847B14046FFF782FD08
:102440000B462969024600914046B8470134052CE5
:1024500005F10C05E9D103B0BDE8F08394FAA4F5C9
:10246000B5FA85F5AA0002F58071920806FA02F223
:1024700013420BD001F1A04101F56221D1F800C057
:10248000BCF1000F02D00F600968104306FA05F591
:1024900024EA0504C1E700BF280A002000200E50EE
:1024A0005F2810B54FEA501416D8114B00F01F00EA
:1024B00053F82430C340DB070ED50E4B53F82430BD
:1024C00003EB8000D0F880400B4B23400B4343EAE2
:1024D0004202C0F8802010BD084909484FF46C73CF
:1024E000084A0CF07BFD4FF46C7106480CF06DFD52
:1024F000487A03003C7A0300F0F0FCFF5CD1030053
:102500005191030029D103002DE9F04F05461646ED
:102510000C4687B049B96549E023654A65480CF027
:102520005DFDE02162480CF050FD3AB96249E123BB
:102530005F4A60480CF052FDE121F3E703795F4FF9
:102540004FEA431807EB43131B79002B40F0AC8094
:1025500091F820300A7E497D00296AD094F8213014
:102560002068002B00F09680236894F816A0019351
:10257000636894F817900293A36894F818E00393A3
:10258000E36894F819C004932369E26994F8200081
:1025900094F815B005932B6894F82210C3F804B58D
:1025A000C3F824A5C3F82095C3F81CE5C3F828C5D3
:1025B000C3F81805002A73D1C3F8102571B9019A20
:1025C000C3F86425029AC3F86825039AC3F8602506
:1025D000049AC3F87025059AC3F86C2594F8213045
:1025E00094F8222047F8086007EB08099B0143EAAA
:1025F000C21399F8052002F03F02134389F8053011
:1026000000232868C0F80431D0F80421C0F8143140
:10261000D0F81421C0F80831D0F80831C0F30830E0
:10262000F3F7E2FC0123264889F8043007B0BDE83F
:10263000F08F012A03D1012B0BD12248F6E7022AA1
:1026400022D1082B05D840F2551222FA03F3D807FD
:10265000F3D494F82130002B86D120680FF06AFB68
:1026600060680FF067FBA068411C01D00FF062FBAF
:10267000E068421C01D00FF05DFB2069431C3FF471
:1026800073AF0FF04FFB6FE7032AE2D1012BD4D9D0
:10269000032BD1E70FF046FB60680FF043FBE2E746
:1026A000C3F81425012287E70748BFE74BE0030082
:1026B00010E0030051910300F4E603005C6D00207C
:1026C0000000AD0B0400AD0B0C00AD0B70B5044663
:1026D00059B9594940F25F13584A59480CF07EFCE9
:1026E00040F25F1155480CF070FC0A685AB94B680B
:1026F000D3B954494FF4B073504A51480CF06EFCB2
:102700004FF4B071EEE702F06043B3F1005F01D126
:10271000900709D04C494FF4B173484A48480CF02F
:102720005DFC4FF4B171DDE7486880B100F06043B3
:10273000B3F1005F01D1830709D0444940F265132A
:102740003E4A3F480CF04AFC40F26511CAE70B894B
:102750004BB93F4940F26913384A39480CF03EFC06
:1027600040F26911BEE725793A4B6E0103EB45153E
:102770002D79012D5BD122B102F06045B5F1005FEA
:1027800057D120B100F06040B0F1005F51D1003A64
:1027900018BF01223344587903F1080562F30000A1
:1027A00058714A680126101E18BF01205A7922F07C
:1027B0001E0242EA40025A7107C985E8070000225A
:1027C000C3E905222168C1F8006502211971216859
:1027D000C1F80421D1F804112168C1F814215D79F0
:1027E000D1F8142105FA06F22D0102F0020205F0DB
:1027F000200521682A4342F00402C1F80423D96865
:102800001B8A22689B00C2F85035C2F83805003890
:1028100018BF0120C2F80805C2F84015003918BFDA
:102820000121C2F80C1523680B481E6070BD0B48CF
:10283000FCE70B48FAE700BF54E0030010E0030098
:102840005191030075E00300D4E0030070E1030040
:102850000CE203005C6D00200000AD0B0500AD0B29
:102860000A00AD0BF8B5514A03795D0102EB431341
:102870001B79022B0BD04E4940F2BD134D4A4E48F6
:102880000CF0ACFB40F2BD114A480CF09EFB49B97C
:102890004A494FF4DF73474A47480CF09FFB4FF417
:1028A000DF71F1E70B6883B103F06044B4F1005FBE
:1028B00001D19F0709D0424940F2BF133D4A3E482B
:1028C0000CF08CFB40F2BF11DEE74C6884B104F0E1
:1028D0006046B6F1005F01D1A60709D039494FF42F
:1028E000E173344A34480CF079FB4FF4E171CBE7E3
:1028F0000E894EB934494FF4E3732E4A2E480CF03A
:102900006DFB4FF4E371BFE757197F79FF0648D598
:1029100023B103F06047B7F1005F44D18CB9571978
:102920007F7917F0020F14D1FF071CD5DBB92749B7
:1029300040F2E5131F4A20480CF050FB40F2E5112D
:10294000A2E704F06047B7F1005F2CD157197F79F7
:10295000EAE71F4940F2E113164A17480CF03EFB24
:1029600040F2E11190E70068B600C0F85065C0F889
:102970003835003B18BF0123C0F80835C0F8404582
:10298000003C18BF01245319C0F80C4503F108049A
:1029900007C984E807005A790E486FF304125A7188
:1029A000F8BD0D48FCE70D48FAE700BF5C6D00205C
:1029B00030E2030010E003005191030059E20300EC
:1029C00063E20300E7E203006BE30300ADE303000F
:1029D00087E303000000AD0B0500AD0B0A00AD0B53
:1029E00008B50F4B027903EB42131A795AB90D4916
:1029F0000D484FF4FF730D4A0CF0F0FA4FF4FF71DD
:102A00000A480CF0E2FA5A796FF304125A71222242
:102A10000368C3F80823012203685A6008BD00BF99
:102A20005C6D0020D3E303005191030010E003002C
:102A30002DE9F843234E057904466F0106EB451551
:102A40002B795BB92049214840F23113204A0CF020
:102A5000C5FA40F231111E480CF0B7FAFFF7C0FF7B
:102A60002068C0F30830F3F7CDFA00222368C3F8DA
:102A700000256B7959061FD42368D3F86405D3F871
:102A80006895D3F86085D3F87055D3F86C450FF08E
:102A90004DF948460FF04AF9B8F1FF3F02D04046E1
:102AA0000FF044F96A1C02D028460FF03FF9631C6E
:102AB00002D020460FF03AF900233E443371BDE8BE
:102AC000F88300BF5C6D0020D3E303005191030045
:102AD00010E00300F0B5444A85B0D2F814312BB1B0
:102AE0000023C2F81431D2F814312023D2F8041193
:102AF00031B10021C2F80411D2F8042143F00203DD
:102B0000394AD2F8081131B10021C2F80811D2F8BF
:102B1000082143F0040313F0200F344C0AD06279EB
:102B200042F0080202F012011229627104BF42F061
:102B3000200262719E070AD5627942F0040202F017
:102B400011011129627104BF42F0200262715D0718
:102B500016D500210422244B254DC3F80823C3F8C1
:102B60000015284655F8143C98470123022123718B
:102B700055F8143CA5F10C0005B0BDE8F04018472D
:102B8000637903F00F020F2A08D0D80701D4190780
:102B900004D46279920724D45B0722D5637927682D
:102BA00013F0200603F0F30508D025F0300545F0BA
:102BB0001005012100203B466571DDE70C4B0DF14E
:102BC000040C45F0100593E8070065718CE80700D8
:102BD00013E90700C4E9026683E8070001216046A3
:102BE000B84705B0F0BD00BF00D00D505C6D0020AF
:102BF000706D0020064C08B50649074840F2852351
:102C000022460CF0EBF940F2852120460CF0DDF96C
:102C1000FFE3030033E4030051910300202908B5CA
:102C200001D9FFF7E7FF054B40EA0120C3F8000593
:102C3000D3F80024D207FBD508BD00BF00B0045074
:102C400008B503685F2B4FEA531107D80C4A03F00D
:102C50001F0352F82120DA40D2070BD409490A4851
:102C60004FF46C73094A0CF0B9F94FF46C710748D2
:102C70000CF0ABF90360064B53F8210008BD00BF10
:102C8000607A03005CD103005191030029D1030055
:102C9000547A030073B51446421C06460D4618D0FC
:102CA000012902D1BBB10FF0B5F801A80196FFF7D9
:102CB000C7FF019B094A00EB8300D0F88010A300F6
:102CC00043EA45032B430A40134343F4A063C0F88F
:102CD000803002B070BD0FF0A9F8E6E7F0F0FCFF1D
:102CE00003460E4A10B50E480E4CA34218BF1046BC
:102CF000B0FBF1F201FB120082420DD912F001008B
:102D00000AD17E2A07D8A34214BF022304239A4281
:102D100034BF0020012010BD0020FCE70024F40097
:102D20000020A10700A004502DE9F74F91F82130B1
:102D300006460C4690F804A0002B00F0A4804FF04B
:102D4000010891F8229032687E487F4D7F4963697F
:102D5000824208BF0D46B5FBF3F57D4B7D4FD3F89E
:102D600040331C2B14D1022D40F29180237E13F0AE
:102D7000FD0F40F08C806B080133DBB2994538BF02
:102D80009946242303FB0A739A7F42F008029A773C
:102D9000242202FB0A7394F82300997F60F3000158
:102DA00099773379217C02FB03739A7F61F34102A7
:102DB0009A7794F823B0BBF1000F23D1237E5A46B3
:102DC000012B94BF0023012301212068FFF762FF3C
:102DD0005B465A4601216068FFF75CFF5B46594637
:102DE000A27EA068FFF756FF237C5A460121E068C7
:102DF00083F00103FFF74EFF01235A461946E069AD
:102E0000FFF748FF2423B8F1000F47D04FF0FF32FF
:102E100003FB0A731A62637EA07C217ED4F80CC087
:102E200094F81080019394F824E094F820A033687B
:102E3000BEF1000F12D1D4E900B2D4F808E0E46981
:102E4000C3F800B6C3F80426C3F808E6C3F80C4676
:102E5000C3F810C6C3F8B885C3F8B095C3F8C00569
:102E6000384883420CBF04200220854229D23A49C7
:102E700040F2C743394A3A480CF0B0F840F2C74133
:102E800036480CF0A2F898464FF002095BE724237D
:102E900003FB0A739A7F6FF3C30278E703FB0A7A96
:102EA000E2689AF81E30CAF82020227C4FF0FF3CDE
:102EB00062F341038AF81E30637EA07C217E019379
:102EC000B1E77E2D09D927494FF49963234A244855
:102ED0000CF084F84FF49961D2E7EA0709D522494A
:102EE00040F2C9431D4A1E480CF078F840F2C9412F
:102EF000C6E7019AC3F82C55003A18BF01220229EF
:102F000016D0032917D0012901D142F00202C3F8DB
:102F100054252422C3F8ACA533795343FB586BB135
:102F20003068C0F3083003B0BDE8F04FF3F75CB889
:102F300042F00402EBE742F00602E8E703B0BDE826
:102F4000F08F00BF00A004500024F4000020A1076F
:102F500000C0FF007C6D00208CE4030059E40300F6
:102F600051910300D8E4030026E50300431C07B594
:102F70000ED0019001A8FFF763FE019B00EB8300D8
:102F8000D0F88020044B134043F00203C0F8803097
:102F900003B05DF804FB00BFF0F0FCFF2DE9F84F33
:102FA0000446914698460D4659B91849184840F2CA
:102FB0004B23184A0CF012F840F24B2115480CF044
:102FC00004F824230779DFF85CB05F430BEB0706B6
:102FD00096F81CA0BAF1000F13D149690068FFF7F9
:102FE0007FFE80B1204629464BF80790C6F8048042
:102FF000FFF79AFE0123084886F81DA03377BDE845
:10300000F88F0648FBE70648F9E700BF4BE00300EE
:10301000519103003FE503000000AD0B0C00AD0B28
:103020000400AD0B7C6D00202DE9F84324270679C0
:10303000264D7743EB191B7F04465BB9244925488D
:103040004FF42B73244A0BF0C9FF4FF42B71224825
:103050000BF0BBFF0068C0F30830F2F7D3FFEB5969
:1030600053B123681D4A06EBC601C3F80823206844
:1030700005EB81010EF0B8FE242707FB06572368F5
:10308000D3F80006D3F80486D3F80896BB7FDB0795
:1030900014D4FFF76BFF4846FFF768FF4046FFF781
:1030A00065FF386AFFF762FF2368D3F80C06D3F890
:1030B0001046FFF75BFF2046FFF758FF242303FB72
:1030C000065500232B77BDE8F88300BF7C6D0020F8
:1030D000D3E30300519103003FE503000700F81F0D
:1030E0002DE9FF4724230679984F824603FB067398
:1030F0001B7F0D4690465BB9954940F29133954A46
:1031000095480BF06BFF40F2913192480BF05DFF58
:103110000B685BB94B684BB1904940F292338D4AD2
:103120008D480BF05BFF40F29231EEE7D5E90223C8
:1031300052B95BB18A4940F29333864A86480BF014
:103140004DFF40F29331E0E71B0C01D1EB884BB10E
:1031500084494FF465737F4A7F480BF03FFF4FF47B
:103160006571D2E718F008090FD0242303FB06731A
:103170001B6A013309D07C4940F29733754A76487F
:103180000BF02CFF40F29731BFE718F0030F40F02F
:10319000C28024237343FA18517F002940F0BD8078
:1031A000FB5823B118F0140F04BF012353772424D4
:1031B00095E80F0004FB067404F10C0C8CE80F007A
:1031C000206A421C04D0A37F9B0720D50EF022FE6C
:1031D000DAF80040D5F800A0BAF1000F04D00AF0E8
:1031E0006043B3F1005F09D1D5F808E0BEF1000FEC
:1031F00010D00EF06043B3F1005F0BD02423002207
:1032000003FB067359485A7704B0BDE8F0870EF007
:103210000DFEDDE7EC4695E80F008CE80F0000207E
:10322000039BC4F83CA7C4F84017C4F804E7C4F8EB
:103230000837C4F80801D4F8083107234C49C4F80A
:103240000035D1F840331C2B41D124227243BB18E6
:103250009D7F2D073BD58225C4F8845CBA58002A8F
:103260005DD0C4F80001D4F800310123C4F8043360
:10327000B9F1000F46D10123236024237343FA18C8
:10328000FB58002B3ED13A4BD3F840331C2B05D1D1
:10329000937F1A0702D50023C4F8843C242303FB40
:1032A0000673186A431C07D0242303FB06739B7F15
:1032B0009D0724D50EF0BAFDB9F1000F1DD106EB24
:1032C000C606204607EB86010EF08EFD15E0B9F12B
:1032D000000FD2D124237343FB58002BCBD1012301
:1032E0002360D4F80831002BFBD06246042120462D
:1032F0000EF03CFDC1E70EF08DFD1E4884E70EF098
:1033000089FDD9E7042318F0040F14BFC4F808336B
:10331000C4F80433F1E7184876E7184874E7B9F1C0
:10332000000FDCD0D1F840231C2A06D19A7F100769
:10333000B1D4186A411CB7D1DFE7186A421CDCD04F
:103340009B7F9B07D7D50EF071FDD6E77C6D0020E3
:10335000D3E303003FE50300519103007BE5030045
:10336000C2E5030009E60300B8E603000A00AD0B5E
:1033700000C0FF000000AD0B0300AD0B0B00AD0B58
:1033800070B5264BD3F840331C2B15D1244B9B7FB3
:10339000180711D5234BD3F80423D1070CD5D3F844
:1033A00000214AB10022C3F80021D3F80011C3F86C
:1033B000842C0122C3F808231B4D04212A461948F6
:1033C0000EF0D4FC48B355F80C3CA5F10C045BB9E5
:1033D0001649174840F2F633164A0BF0FFFD40F24B
:1033E000F63114480BF0F1FD206A421C04D0A37F93
:1033F0009B070FD50EF01AFD637F1BB108490948E2
:103400000EF0F2FC002323720B48D4E90031BDE832
:10341000704018470EF0FEFCEEE770BD00C0FF00E4
:103420007C6D002000A00450886D0020EEE60300B3
:10343000519103003FE50300846D0020184A11F00C
:10344000805F30B5174C18BF1446036883EA010546
:1034500025420DD043F30904013409D001EA0204E6
:10346000114A1A4042F09F4242F4E002944203D1D2
:1034700000230360012030BD0A0D02F4E064B4F5BE
:10348000806F05D1C3F38924C1F389218C4201D215
:103490000020F0E752B203EB82230360F8E700BF9D
:1034A00000FCFF7F00FC0F7000FC0F0008B5036BF1
:1034B000C3F309026AB900291ADA144941F2E72371
:1034C000134A14480BF08AFD41F2E72110480BF033
:1034D0007CFDB2F5FF7F0BD9002909DD0E4941F2D1
:1034E000E8230B4A0B480BF079FD41F2E821EDE7A8
:1034F0001944C1F30903003B18BF012321F0004127
:1035000041EAC3710163002008BD00BF22E7030048
:10351000FCE603005191030058E703002DE9F04F4A
:1035200087B00493836E139EDB690292DDE9114933
:10353000A2199A4280468A4600F2C580C36E1BB12A
:10354000109A934240F2BF80049B013B05930EB357
:10355000BAF1000F41D0DAF80030109A93423CD112
:10356000DAE9015305EB030BA34536D9A54213D87D
:10357000ABEB040BB34528BFB346DAF80C10651B60
:1035800048465A46294410F08AFBB6EB0B06D9444C
:103590005C44E0D1002093E02D1BB54228BF3546A6
:1035A000029B109A1B6893421DD1029BD3E9011321
:1035B0000B44A34217D9A14211D81B1B9D4228BF1F
:1035C0001D46029B611ADB6848462A46194410F0E2
:1035D00066FBA9442C44761BB9E73546E0E7091B96
:1035E0008D4228BF0D46049BB34220D8D8F868000E
:1035F0004369B4FBF3F203FB1242C2B9B34216D8DB
:10360000B5FBF3F203FB1253A5EB030BCDF800B0AF
:103610000393436822461F4610994B46B84700283B
:103620004ED1039BD9445B1B5C441E448FE7D8F802
:103630006C3063B1109A934209D824496E23244A0E
:1036400024480BF0CBFC6E2121480BF0BEFC109BF4
:10365000029A02991360D8F868305A69B4FBF2F301
:1036600002FB1343E21A4A60D8F868500599D5F86E
:1036700014C01B1B01EB0C002044B0FBFCF10CFB45
:103680001101401AE969884294BF1B185B18A96AA6
:103690008B4228BF0B4602998B60D8F868000093D4
:1036A000CB6845681099A847002807DD0A497923A7
:1036B000074A08480BF092FC7921C5E73FF448AF70
:1036C00007B0BDE8F08F6FF05300F9E78EE7030015
:1036D000FCE6030051910300BCE703002DE9F04F25
:1036E000064687B03C3091460F469A46D1E903839F
:1036F00005930EF0FAFBC9F3892B044680B1BBF1A8
:10370000000F79D0F36BCAF38922C3F38923934264
:1037100004D16FF0010007B0BDE8F08F6CD2374CD8
:10372000059D28460EF0BDFB031D4345F1D804233B
:10373000A8EB0008039305ABCDE901833B68324653
:103740000093002104233046FFF7E8FE0028E2D171
:10375000059B1BBA6B4023F000430593BBF1000FA0
:103760001ED02A0D02F4E063B3F5806F18D1AAEBE6
:103770000403C3F38920C5F38921884210D323F0C1
:103780007F4323F4700323F47F7323F0030343F098
:10379000804343F48013AB42BBD052B204EB82248B
:1037A000AAEB0401694011EA0901B9D145F3090303
:1037B0000133AED0129BC5F30909994528BF99463C
:1037C000119BCDF80C900293109B32460433434476
:1037D00001933B68304600934B46FFF79FFE00285D
:1037E00099D1129B0146A3EB0902119B03EB09003F
:1037F00010F063FA60198EE7002491E700FCFFFFE8
:1038000030B587B003AD1446084B094A00950EF059
:10381000A7FB002804DA831C00D1002007B030BDCC
:10382000294620460EF047FBF7E700BF0C00F07F6B
:103830000000F07FF0B503F1080C1C4640F2FF33A6
:103840009A4205460E4685B008D160461A49EDF702
:1038500032FD02232370002005B0F0BD036F9702F4
:10386000013343EA8223CDF800C0144A0EF078FBFE
:103870000028F1DB000D02AB2070009347F00053ED
:10388000314628460E4A43F008030EF069FB002833
:10389000E2DB40F20223B3EB105F4FEA105202D199
:1038A000039B6360D7E740F201239A42D3D1C0F370
:1038B00009006060CFE700BFEEA5030000FC0F78B1
:1038C00000FC0F7008B5C36E8B420BD80D4940F257
:1038D00017130D4A0D480BF081FB40F217110A48EF
:1038E0000BF073FB806EC3689847002809DD084918
:1038F00040F21913044A05480BF070FB40F219110D
:10390000EDE708BD17EC0300FCE60300519103004E
:10391000BCE703002DE9F04F00248946A046ABB078
:103920000493CDE90A44BDF8E030BDF8DCB0BDF940
:10393000E4A00690059304980EF0B3FAD9F80C3081
:1039400087189F423AD20423039309ABCDE9017350
:10395000069AD9F800300021009310460423FFF79F
:10396000DDFD002840F02581099B049A1BBA5A40CE
:1039700042F0004309930493D9F800300AAE0A9349
:103980003B1D0B930999369B81EA08021A408A4B2A
:103990001A4059D1369BC3F38923002B00F0AF8026
:1039A000022C1BD98549864840F2BB33854A0BF06F
:1039B00015FB40F2BB3183480BF007FB359B002B16
:1039C00040F3F580349B17461B680993349B5E686F
:1039D00008333493359B013B3593D3E73C2565434E
:1039E000049805F1A8036B4443F8700C349823F84D
:1039F0005CBC43F86C0C359823F858AC43F8680C61
:103A00003698924643E9190893469046059843F83C
:103A1000486C23F85A0C3A9843E91E9743F8540C23
:103A20003B98013443E91401DDE90A01443B83E892
:103A3000030005F1A8030DEB0305A5F14C033B932F
:103A4000614B36923A9305923A4674E7B2F5817F1C
:103A50001CD10025099BC3F309029542F4D2B16839
:103A6000C3F38923534441EA83213378726803F511
:103A7000407341EA0351DDE93A3098470028C0F22B
:103A8000988006F10C06DFD10135E3E703EB8A21CC
:103A90003246DDE93A3098470028C0F28A80D3D018
:103AA000002C00F086803C232AAA013C03FB04235F
:103AB00053F8702C53E91101049253F86C2C53F80D
:103AC000608C349253F8682C33F85CBC359253F810
:103AD000642C33F958AC369233F85A2C53F8486CAE
:103AE000059253F8542C53E91E973A9253F8502CF0
:103AF0003B9253F84C2C09920AAA82E80300369AAA
:103B0000099BC2F3892232B1C3F389225A459BD360
:103B100005998A4298D2C3F30A52002A94D040F2FF
:103B200001118A4292D1284A07933A9B93428BD043
:103B30003C222AAB02FB04350021A5F1780010F0ED
:103B4000BCF8049B25F85CBC45F8703C349B25F818
:103B500058AC45F86C3C359B45E91E9745F8683CE8
:103B6000369BB14645E91938059B4FF0005825F8BA
:103B70005A3C3A9B002745F8543C3B9B013445F89E
:103B8000503C079BC3F3090BC3F38923A3EB0B033F
:103B900053440FFA83FA00230BF1010205920B4AFA
:103BA0003493CDE935324FF0FF3304934CE70020D6
:103BB00076E72BB0BDE8F08F0000F07FC5E703008B
:103BC00051910300FCE603003D34020000FC0F604D
:103BD0002DE9F04F984685B0836E0F9C119EDB69EE
:103BE0001546A2199A4207468B464ED86FF0010A35
:103BF000002E48D008F1FF392B68E868023318D14D
:103C0000D5E901130B449C4213D28C4211D3A3EB90
:103C10000409B14528BFB146611A01444A461098CB
:103C200010F03DF8109B4C444B441093A6EB090652
:103C3000DEE7C5F800A0BB6E5B69B4FBF3F203FBE3
:103C40001242A21A6A60D7F868C0DCF814E009EBE7
:103C50000E032344B3FBFEF10EFB11315B1ADCF8BB
:103C600028108B4228BF0B465946AB60CDE90103B3
:103C7000009238460E9B064AFFF730FD0028BBDA5B
:103C800005B0BDE8F08F3046FAE76FF05300F7E774
:103C900000FCF7FF2DE9F04F97B004AF7B60C36ED7
:103CA000144606460D46126833B1934240F2CA806C
:103CB00061688B4240F2C68000214FF0040907F191
:103CC0002803C7E90A113046CDE9011300924B469B
:103CD0003246CDF80C90FFF721FC804610B110F170
:103CE000540F5DD1CDF80C904FF0000907F12C0373
:103CF0000293CDF80490636832460093494604234A
:103D00003046FFF70BFCFB6A804600284DD010F1CF
:103D1000540F45D1494654F821304FF0FF382B60FD
:103D200081F001033B6154F823306B6007F14803D5
:103D300003EB810151F8203CAB600023EB600223D0
:103D4000FB604FF0FF340422204605F10801C7E96B
:103D50000C4402F071FF0023C146A2463862BB61E9
:103D6000BB607B61FB6150460EF09BF80422FB694F
:103D700000210344FB61B36E039207F12402029217
:103D8000FA69304601922A680092DB693246FFF7F1
:103D9000C5FB044698B114F1540F00F03981A046D8
:103DA00040464C37BD46BDE8F08FBA6A9B1A002BDF
:103DB000D4BF00210121AEE70123FB60C1E704224B
:103DC000386A07F1240102F037FF7B6A38621BBAB8
:103DD0008AEA030BBBF1000FC7F824B035DA4FEACB
:103DE0001A5A0AF4F06AAAF5A0614C424C41EB68F9
:103DF000002B40F00F81D5E900313A6907F1480006
:103E000000EB820252F8202CC5E90013AA60FA6880
:103E1000012AD1D16C468CB004AAAC4853625061DF
:103E20004FF40073AA481385906140F25E50A94B8D
:103E3000C2E907014FF45151A74842F8103F0EF074
:103E40004CF9A5466FF05308AAE758460EF029F83A
:103E5000B36EDA69FB69C3189342C8D8F9692B6855
:103E600001F1040A4FEA1B5101F4F061B1F5A06FB2
:103E700036D10421039107F14001CDE901A100935E
:103E80002146134630463246FFF748FB04460028D9
:103E900081D13A6C3B6A9A4240F0BA807B6A042234
:103EA0001B0DF06A07F120018BEAC37B02F0C4FE10
:103EB000F062786A0DF0F5FFFB6918447B69C5E98B
:103EC000030BAB823B6BAB617B6BEB61BB68EB7550
:103ED0004FF0FF333B624B46C846DA46994642E70D
:103EE00007F120010438CDE900A0029130463146A7
:103EF0000EF076F8044600287FF44DAF7B6A286800
:103F0000190D11F4E06C1ED17A69C3F389239A422A
:103F100001D801337B61796A3B6F78684B4003407D
:103F20002A683B600CD1D7E91E30C7E9102A07F197
:103F300040029847041EFFF62EAF7B6A55D1994682
:103F40004B46C146C8E7BCF5806F1DD17A6948B2BF
:103F500042FA81F18AB27A61604A09EA020242F0C9
:103F60009F4242F4E002934202D149F00049D2E775
:103F7000B9F1FF3FCFD0C3F38923C9F3892293421C
:103F8000C9D809EB8029C6E7BCF5C06F14D1082257
:103F900001F00103BB60B36E039207F13002CDE97B
:103FA00001A20090214632463046DB69FFF7B6FA9F
:103FB00004460028AFD0EEE640F2FF53C1F30A02F8
:103FC0009A42A8D10822B36E039207F13802CDE9D4
:103FD00001A20090324621463046DB69FFF79EFA87
:103FE000543015D00123BB6195E73D4A89EA0301AE
:103FF0000A4052B1022CA3D1C9F38922C3F389210B
:104000008A429DD343F000499AE74FF0FF3997E782
:104010000024ECE60022AA751CB3B16E8869B3FBDC
:10402000F0F200FB1232E2B9BA69D2B14FF0FF32BE
:104030003A6407F140020292BA6B3046CDE9003291
:10404000CA692B6831460DF0CBFF20B110F1540F37
:1040500001D08046A4E6D7E90F329A1A5342534161
:10406000AB75294606F13C000DF03FFF00283DD01E
:10407000F36BC8F38922C3F389239A4215D17A6F6F
:1040800048F000433AB1A98AC3F389228A4228BF83
:104090000A46796F0A80AA8AC3F389239A4294BF99
:1040A0004FF000086FF001087AE6B8F1FF3F19D130
:1040B0007B6F3BB140F2FF32AB8A934228BF13467D
:1040C0007A6F13804FF0FF33E5E700BFCCE70300C2
:1040D000FCE6030006000001504E030000FC0F0048
:1040E00000FCFF7F9A4288BFA8F580687A6F43463C
:1040F0003AB1A98AC8F389228A4228BF0A46796F51
:104100000A80B8F1000FBFF64BAEC4E72DE9F04FBF
:10411000002301258BB0C2E906354FF0FF338046FE
:10412000894614462E4604AFC7E90133DFF8B4B020
:1041300004F1180A50460DF085FE10B16FF0010031
:104140001CE05046391D0DF098FED8B16C468AB07F
:1041500004AA1E4B1E4853611E4B4FF4125193612B
:1041600041F2C623D3614FF4007313841A4B42F813
:10417000103F0DF0B2FF6FF05300A5461C37BD464F
:10418000BDE8F08FB54205D10646A3696D007B609E
:10419000E369BB60D9F80030C7F80C803B61D9F8FF
:1041A000043052467B6107F10C0303930B4B21460D
:1041B000029300234046CDE900B3094B0136FFF7D7
:1041C00069FD0028B4D0831CB2D0D7E7F6E703001E
:1041D000504E0300FCE6030004000001791F0300B9
:1041E000FF03F07F080000202DE9F04F8DB08146DD
:1041F0000D461768069205931BB140F2FF33059AEE
:104200001380D9F82030464CAB61D9F82430EB61EB
:10421000444938460FF0A3FD07EB000883464149A7
:1042200040460FF06FFD0128064608EB000A05D155
:1042300017F80B302E2B0AD15746E9E7022806D192
:104240000246394940460FF040FD0028F4D0574659
:104250004FF0010B504633490FF081FD8244504628
:1042600030490FF04FFD024690B102280CD1079063
:104270002D4950460FF029FD079A28B9BBF1010BD3
:1042800004D10AF10207C3E70BF1010B9244E1E705
:1042900098F80030002B3CD0069BC3F80080230D1B
:1042A000022B3AD140F2FF33C4F389249C4205F13A
:1042B000180A22D10DF1240B2F2140460FF015FDD5
:1042C0000028059B18BF0023184A2946CDE9013272
:1042D00048464FF0F0435246CDF80CB00096CDE979
:1042E00009980B96FFF7D6FC041E12DB90D1EB7DEC
:1042F000002BE1D16FF001040BE00D4B294643EA9E
:10430000842348460B4ACDF800A00DF029FE041E78
:10431000D0DA20460DB0BDE8F08F6FF01304F8E757
:1043200000FC2F00EEA503007A9D0300A1200300EE
:104330000800002000FC0F702DE9F0470023012445
:1043400082B0C2E906344FF0FF3380468946924678
:10435000264600AFC7E9003302F1180528460DF0E4
:1043600071FD10B16FF001001CE0394628460DF0D8
:1043700084FDD8B16C468AB06A46194B194853611E
:10438000194B4FF41251936141F28523D3614FF4DD
:1043900000731384154B42F8103F0DF09EFE6FF032
:1043A0005300A5460837BD46BDE8F087B44207D1A3
:1043B0000646DAF8183064003B60DAF81C307B609F
:1043C0004946284601360DF047FD0028EAD02A4626
:1043D000514640460DF084FE0028BFD0E2E700BF02
:1043E000F6E70300504E0300FCE603000400000162
:1043F0002DE9F04F9046CE6A4A6B0746B2420C4612
:1044000085B05CD2B61A9E4228BF1E46B146DFF880
:10441000B4B001F1400AB9F1000F01D1304618E003
:10442000226B510304D5BB6EE16BDB6999421BD152
:10443000D202636B10D404F13C02029204F1380200
:10444000CDE900325146D4E90A2338460DF072FE18
:1044500030B105B0BDE8F08F6FF00102C4E90E2362
:10446000236B43F480232363BB6EE26BDB69216B18
:104470009D1A4D4528BF4D4611F48011CDE90285A6
:10448000019215D0A28838464BEA8222009204F1AC
:1044900008015246FFF79CFB0028DAD1636BA84461
:1044A0002B446363E36BA9EB05092B44E363B2E799
:1044B000A26B384600925246FFF730F8ECE7002036
:1044C000C7E700BF000010202DE9F04F93B004AF04
:1044D00004460D46164600211C2207F118007B6099
:1044E0000FF0EBFB01234FF0FF3298469946C7E9E6
:1044F00002227B6307F130000DF0A4FC38B1D4F840
:104500002880B8F1000F40F0828040461EE007F19D
:10451000080107F130000DF0B0FCD8B16C468AB04C
:1045200004AA554B55485361554B4FF412519361B2
:1045300041F22723D3614FF400731384514B42F8A7
:10454000103F0DF0CAFD6FF05300A5463C37BD4645
:10455000BDE8F08FC845396B05D181467B6BB960EA
:10456000FB604FEA4808304609F10109A8470028D6
:10457000ECD13046796BA8470028E7D1204607F1F7
:10458000300207F118010DF0ABFD0028DED18246A4
:10459000DFF8FCB0BA8D1FFA8AF39A42AAD93A4BD7
:1045A00007F1100203EA8A2300922046374A43EAC1
:1045B0000B0307F118010DF0D3FC002804DA831C6B
:1045C000C4D10AF1010AE5E740F20222B2EB105F22
:1045D0004FEA10530CD1CDE901567B692246009376
:1045E000002120463B690DF0EEFD0028E9D0ADE743
:1045F0007A68002AE5D0B3F5007FE2D13046396908
:10460000A8470028A2D130467969A847EDE798F875
:104610000630012B02D0D8F8008072E7D8F830308D
:1046200003F48813B3F5803F16D0D8F8303003F484
:104630009013B3F5003FEED1CDE90156D8F83430F0
:10464000224600932046D8F8383008F140010DF09A
:10465000BAFD0028DFD079E7CDE90156D8F82C3033
:10466000224600932046D8F8283008F140010DF08A
:10467000AAFD0028D9D069E7F6E70300504E0300F1
:10468000FCE603000400000100FCFF0300FC0F70C7
:104690000800002038B5C26D436D00251344C26E7A
:1046A0000446B3FBF2F102FB1133826E4365C5652C
:1046B000D36A016EDB008B4294BF83658165D26A49
:1046C0002946406E0FF0F9FA01232246204604499C
:1046D000FFF7FAFE18B1E36EC4E91655236638BD3C
:1046E000171F0300B0B504460D4600AFA16DE36D82
:1046F0008B4223D3226E002A4AD1626D1344E26EAC
:104700006C46B3FBF2F18AB002FB11336A462449CE
:10471000244851612449916140F2B621C2E907134E
:104720004FF400739384214B4FF4315142F8103F02
:104730000DF0D3FC6FF01B00A54621E0606EDA0897
:10474000825C03F00700C240D2071BD4626D1344A1
:10475000E26EB3FBF2F102FB11332B60A56DE36D4A
:10476000226E0133013AAB42E365226616D2616ED6
:10477000DA08885C03F00703D84010F00100EED19E
:10478000BD46B0BD0133E365236E013B2366AEE752
:104790002046FFF77FFF0028A8D0F1E70020EFE7D1
:1047A00019E80300504E0300FCE603000500000179
:1047B000002307B5044901AA0193FFF785FE00B95C
:1047C000019803B05DF804FB571F030070B58166C4
:1047D0000B6A0D46C3664969044659B99F4941F2BF
:1047E00057039F4A9F480AF0F9FB41F257019C4842
:1047F0000AF0EBFBAA694AB99B4941F25803984A6F
:1048000098480AF0EBFB41F25801F0E7A86A48B972
:10481000964941F25903924A92480AF0DFFB41F26D
:104820005901E4E7B0FBF1F301FB13034BB19049ED
:1048300041F25D038A4A8B480AF0D0FB41F25D01E8
:10484000D5E7B0FBF2F302FB13034BB1894941F208
:104850005E03834A83480AF0C1FB41F25E01C6E76A
:10486000EB69B3FBF0F200FB12324AB1824941F22C
:104870005F037B4A7B480AF0B1FB41F25F01B6E778
:104880007F2B09D87D4941F26203754A75480AF0C9
:10489000A5FB41F26201AAE76A6A4AB9784941F286
:1048A0006E036F4A6F480AF099FB41F26E019EE772
:1048B0002A6BD2B1B2EB530F09D2724941F27403A1
:1048C000674A68480AF08AFB41F274018FE7511C7D
:1048D0000BD0934209D26C4941F27603604A614899
:1048E0000AF07CFB41F2760181E76B6BCBB1E360B0
:1048F000AB6B0BB3E361284621460DF0DBFCA06EE9
:1049000004F110010DF0D6FCA56EE86AD8B95F4934
:1049100041F29503524A53480AF060FB41F2950177
:1049200065E7F1F763FFE0600028E1D120460DF074
:1049300041FB6FF00B0090E0A86AF1F757FFE061D0
:104940000028D8D1F2E7EB6B6BB163662B6CFF2BC1
:104950000FD94F4941F2A103414A42480AF03EFBB8
:1049600041F2A10143E7F1F741FF60660028EDD174
:10497000DCE7002B08BFFF2323676B6C002B09DAF1
:10498000444941F2A703364A36480AF027FB41F270
:10499000A7012CE708BF6FF00043636740F2FE33C6
:1049A000AA6C9A4209D93C4941F2AD032C4A2D48E0
:1049B0000AF014FB41F2AD0119E7002A08BF1A46BC
:1049C000A267E86CE969884209D9344941F2B30326
:1049D000234A24480AF002FB41F2B30107E72B6D9A
:1049E0005E1C28D0AE6AB34209D92D4941F2B50305
:1049F0001B4A1C480AF0F2FA41F2B501F7E693426D
:104A000009D9284941F2B703154A16480AF0E6FACF
:104A100041F2B701EBE660B1C1088B4246D92249A9
:104A200041F2B9030E4A0F480AF0D8FA41F2B9012F
:104A3000DDE6C908F1E70023E36700204FF0FF330C
:104A4000C4E90A00C4E90833C4E90F00C4E90C0052
:104A5000C4E912006064A063206570BD38E80300FB
:104A6000FCE603005191030051E803006AE80300EB
:104A700084E80300B4E80300E4E8030015E9030058
:104A800031E903004DE90300A1E9030000EA030056
:104A90001DEA030037EA030058EA030073EA030043
:104AA000A2EA0300F9EA030049EB0300E367002BE5
:104AB000C3D1EB6CA96A43B18A4228BF0A46DB081E
:104AC0009A4294BFE267E367B7E7EB69F4E700BF98
:104AD0002DE9F0430D4609689846CB1C064617465B
:104AE00085B003D9002005B0BDE8F083C36E9942BC
:104AF00009D32049B623204A20480AF06FFAB6218C
:104B00001D480AF062FA806EAC6882691444013C68
:104B1000B4FBF2F302FB1343E41A0094D0F80890BC
:104B2000EB686A68C847002807DD1549BA23124AAE
:104B300012480AF053FABA21E2E7D4D1B8F1000FD3
:104B400004D12946B06E0DF0B5FBCBE74FF0FF3333
:104B50003B600294EB68224601936B6839460093F0
:104B600030462B680DF06AFA0028BCDBE9D06FF004
:104B70005300B8E7D8EB0300FCE6030051910300B3
:104B8000BCE703002DE9F74FDDE90C8518F1020FB2
:104B900006460C46924699460F9F0CD0C36E43457D
:104BA00009D83249EB23324A32480AF017FAEB218E
:104BB0002F480AF00AFAB26EEB19D269934204D870
:104BC0004FF0000B07BB38464DE02B49EC23284A39
:104BD00028480AF003FAEC21EAE7013309D0274913
:104BE00040F20913224A23480AF0F8F940F2091169
:104BF000DEE7C4F80080B36E9A69B5FBF2F302FBFE
:104C00001353EB1AC4E9013B23684345E5D16068BF
:104C1000A842E2D8B26E926A0244AA42DDD9521B7F
:104C2000BA4228BF3A46E368281A18440E990192FE
:104C30000FF035F8019A0E9B154413440E936368E8
:104C4000BF1AA268EB1A934238BF1346A360B26E34
:104C5000926A9A42B6D14B46524621463046FFF7F9
:104C600037FF0028AED003B0BDE8F08FF9EB0300AA
:104C7000FCE603005191030030EC030053EC030009
:104C80002DE9F04F04460D4687B0204605A9FFF7F1
:104C900029FD064658B9DDF8148020464146FEF746
:104CA00011FE0646002853D010F1540F56D030465E
:104CB00007B0BDE8F08F2A6B0DF1130A12F4801FC4
:104CC000CDE9017AA3EB0703CDF80C901CD0AA889C
:104CD0002449204641EA8222009205F108015A4601
:104CE000FEF776FF70B9012322462046CDE902A9DE
:104CF000CDE9008704F11001FFF744FF60B110F126
:104D0000540F2BD00646D2E7AA6B59460092204694
:104D10002246FEF703FCE5E70137EB6BBB42CAD83E
:104D2000A36EE1699A6AE86C0EF0B9FF236904F199
:104D300010012B6463696B64A369AB64A06E0DF012
:104D4000B9FA2B6BC5F8388043F400332B63AEE718
:104D500007464FF0010905F1400BDEE74FF0FF3346
:104D6000236192E7000010202DE9F7431E460B6BEC
:104D700017469A0705460C460BD42549254840F6A8
:104D80002B63254A0AF02AF940F62B6122480AF0E3
:104D90001CF95A0319D4216B0B051DD4D4F83480A7
:104DA0006B6F08EB06029A422FD811F4003919D024
:104DB00033463A46214628460DF087FA002808DB9C
:104DC000236B23F40023236303E00DF01CFC002875
:104DD000E1D003B0BDE8F083E36A626B934288BF21
:104DE0006363DBE7E36A9845E2D96363636B9845E5
:104DF000DED90123214628460DF107028DF80790E0
:104E00000DF063FA0028F1DAE3E76FF01A00E0E74B
:104E100076EC030051910300FCE603004FF0FF33F2
:104E200010B5136000230446FFF752FE70B9A06E60
:104E300003699847002809DD05490648E023064A2A
:104E40000AF0CCF8E02104480AF0BFF810BD00BF1A
:104E5000BCE7030051910300FCE603002DE9F04F8D
:104E60000C46816E63688A69C9691433571E8B4288
:104E700094BFFF187F184FF0000AB7FBF2F3054606
:104E8000D1466FF0030B02FB13738BB0FF1A6668F9
:104E9000BE4219D34FF0FF3223690892A9EB0302F7
:104EA000CDE9003208AE029629462846236809F16A
:104EB00004020DF095F8002847D1089B534500F0F7
:104EC000A9806FF0530040E040F2FE32ABEB0603E6
:104ED0003B440436934294BFF618B618BE424FF0D6
:104EE000FF0335D38DF81F30AA6ED2E90632D21AED
:104EF000B24236D3012203920DF11F02CDE90162C5
:104F000022680021009228462A46FEF707FB10B1CE
:104F100010F1540F19D1AB6E29469A694FF0FF3347
:104F2000099309ABCDE9012300962846236808922E
:104F30000DF056F810B110F1540F06D12146284655
:104F40003C4A08AB0DF004FB58B10BB0BDE8F08F44
:104F5000A7F11402964228BF1646BE428DF81F30B4
:104F6000C2D29DF81F206368D243ABEB0308C2F3A3
:104F7000C01202F5A062B04448EA0258A36848F49F
:104F80007F2848F4406888EA03031BBA089308ABFB
:104F900019460422E06801F04FFE082208ABE060E9
:104FA00003920293636809900193236805F110014D
:104FB00000932A46002328460591FFF7E3FD0028C9
:104FC000C3D10599B9F1000F04D16368D4F80CA0DE
:104FD00003F104099DF81F30BE426FEA03034FEA54
:104FE000036303F0004383EA0803A3604FF0FF3339
:104FF0006660E36006D2AB6E6A699B6A13449E42A8
:10500000FFF445AF2A462846FFF708FF00283FF483
:105010003EAF9AE70422CDE900920296294628463F
:1050200023680CF0DDFF00288FD1089B002B8CD06B
:1050300047E700BF08FCFF5F2DE9F04F99B008AFCC
:10504000C7E90132B7F870308A68FB60836E0446A6
:105050005B6A0D46002BB7F86C9002F1010259DD36
:10506000013343F00103B2FBF3F103FB1123002BE7
:1050700050D101262846AA6007F12801BB62FE62D2
:105080000CF0EAFED0B9B046002600234FF0FF3204
:105090006968C7E90B32C7E90D23A26EB962D36C08
:1050A000002B3ED0083B2046FB63FEF70BFC00289C
:1050B00039D010F1540F40F0D98046464FF0FF33FD
:1050C0004FF000084FF0010A2846236107F128013C
:1050D000C7E90A8A0CF0C0FE002840F0CB806C467D
:1050E0008AB06B6808AA6A496A4851616A49916145
:1050F00040F62201C2E907134FF400739384674B13
:105100004FF4325142F8103F0CF0E7FFA5466FF024
:105110001B00ABE04FF00008AA60B5E7804656469A
:10512000B3E7D369BEE707F1280A042351462046B6
:1051300005F108020DF0EDF90028BAD107F11403CA
:10514000C7E9054A0793564B02460693C9F1000387
:105150001BB20593FB682046CDE90393514B0293A4
:105160007B680193BB680093B96E4FF0FF33FEF785
:10517000D1FB00289DD105F1180108460CF062FE14
:1051800060B9EA7D0B46484902F5C06241EA025225
:10519000204651460DF0DCF900288AD10023C7E9EA
:1051A00007337B625EB904F13C0107F11C000CF08F
:1051B00082FE04F1300107F11C000CF07CFE04F1CA
:1051C000480B594607F11C000CF075FEFB69294697
:1051D00023F47F7323F00303204607F11C02FB61D5
:1051E000FEF70EFB002841D107F11C000CF071FE08
:1051F00048B9514620462D4A07F11C030DF0A8F985
:1052000000287FF456AF51462046FFF727FE0028BE
:105210007FF44FAFA36EF96A9A69B1FBF2F302FB18
:1052200013135BB12249234840F60B031A4A09F0D5
:10523000D5FE40F60B01184809F0C7FED5E900205D
:10524000C5E90002FA68E960A2EB09093A6BA5F822
:1052500014902A61A364CBE9013336B904F13C030D
:10526000303494E8070083E8070030464437BD46F1
:10527000BDE8F08F2046291DFFF734FA00283FF4DF
:105280004DAF10F11C0FF1D1002E3FF440AFFCE602
:10529000C9EC0300504E0300FCE6030005000001CA
:1052A000FB25030000FC0F4008FC0F000CFCFF7FF7
:1052B000A3EC0300519103002DE9F04F40F2FF4CA5
:1052C0000D469B46002140F2014499B008AFFA60B8
:1052D000BA6ED7F86C80064603EBC200834240F0FA
:1052E0009F80002940F0CC80AB7D002B40F0EF8008
:1052F0004FF0FF333361B5F814904FF00008A9EB7D
:10530000080ABAF1010F00F2A481B8F1000F2BD006
:105310001FFA88F8CDE9018900955A46294630469A
:10532000BB6E0DF0DBF90446002800F0908110F10F
:105330001C0F71D1D5E900136C468CB008AAA448A3
:10534000536250614FF40073A2481385906140F698
:105350007500A14BC2E907014FF452519F4842F832
:10536000103F0CF0BAFEA546B36E5A6A002A47DD1C
:10537000AB680132013342F00102B3FBF2F102FBF0
:105380001133002B3CD14FF00108284607F12801CA
:10539000BB62C7F82C800CF05FFD824680BB3046B4
:1053A000FFF706FA041EC0F28680F36E1C1BB4EBF6
:1053B000D30F25D9CDE901A900955A462946304693
:1053C000BB6E0DF08BF90446002800F07E8110F1D1
:1053D0001C0F21D16C468AB008AA814B4FF41251A0
:1053E00053617C4B7D48936140F69503D3614FF444
:1053F000007313847B4B42F8103F0CF06EFEA54601
:105400000023CDE90053CDF808905A46294630468E
:10541000BB6EFFF711FE0446002C80F2FC804AE0D0
:105420001A684FEA125EC2F30A52A24204D1AA8A53
:105430000132AA82083351E7624511D1AA8A5AB9CA
:10544000694940F6AE03634A684809F0C7FD40F673
:10545000AE01604809F0B9FD013A0121AA82E9E7ED
:105460000EF4E06EBEF5C06FE4D15A681268AA610E
:105470005A685268EA611A68C2F30052EA75D9E7BD
:10548000AB8A002B7FF430AFB8F1000F09D1584937
:1054900040F6BB034F4A554809F0A0FD40F6BB015A
:1054A000D7E7424629463046FEF746FF044638B164
:1054B000831C3FF419AF20464437BD46BDE8F08F4A
:1054C00098F81730002B3FF40FAF0224A3E04FF001
:1054D000FF312B68EA68BB62C7E90D122B69B06E19
:1054E000FA623B63C16C09B30839F96307F1280814
:1054F00007F114017E61C7F8188007913D493046D5
:1055000006910021CDE90411CDE90211B96ECDE972
:1055100000B12946FEF7FEF9044648B114F11C0F0C
:105520003FF4E6AE14F1540FC5D1E1E6C169DBE703
:1055300006F130094946C7E90700786207F11C0007
:105540000CF0B9FC06F13C03194607F11C0006F10A
:10555000480ABB600CF0AFFC07F11C0051460CF090
:10556000AAFCFB6907F11C0023F47F7323F00303FB
:10557000FB610CF0AEFC90B92946304607F11C02E5
:10558000FEF73EF90446002895D1414630461A4AB6
:1055900007F11C030CF0DCFF04460028BED1414695
:1055A0003046FFF75BFC04460028B7D1B26EFB6AB9
:1055B0009169B3FBF1F201FB12320AB30F4940F6D5
:1055C0000513044A094809F009FD40F6051140E7B2
:1055D0000AED0300FCE6030006000001504E030044
:1055E0002EED030004000001F6EC030051910300CE
:1055F00005ED0300FB2503000CFCFF7FA3EC03007B
:10560000EB603B6B2B61BB6899E8070083E8070000
:10561000B464CAE90144FB68D6F828801B68BB6201
:10562000FB685B68FB6206F12003BB60B8F1000F0A
:105630003FF441AF08F10809484607F128010CF092
:105640000BFC8246002842D0D8F80080EEE7C14625
:1056500053E60023BB6207F1280307934E4B1FFA62
:1056600088F2069353421BB2CDE904934B4B03924D
:105670000293BB6E0022CDE900B329464FF0FF3301
:105680003046FEF747F9044600287FF4C5AEBAF16C
:10569000FE0F15D8B36EDA69D86CA2F1280190B16B
:1056A00042089869431E1344B3FBF0F200FB123228
:1056B0009B1A8B4228BF0B46BA6A9342BFF425AEB1
:1056C00008EB5A081BE65208EBE7C14698E6CC46C1
:1056D000AE46BEE80F00ACE80F009EE80F008CE875
:1056E0000F00FB68994508D040F2FF4140F20140AD
:1056F000BA6EB8F8043092451ED108F1200AB8F805
:105700000420B8F81C309A429ED398F81F10002944
:105710009AD05046B9687B600CF09EFB18B17B684C
:10572000D21AA8F804205246494630460CF0D8FC5C
:105730000028E4D00446BEE65BF83A20C2F30A5CD7
:105740008C4518D1C2F389229A4206D14FF0FF331B
:10575000C8E902330AF1010ACAE7FBD2013BA8F803
:10576000043098F80630022BF4D1D8F82830013BE9
:10577000C8F82830EEE78445ECD1C2F389229A427A
:10578000E8D80133A8F8043098F80630022BE1D1AC
:10579000D8F828300133EBE7431F030000FC0F402B
:1057A0002DE9F04F0546884691469A46866A9DB097
:1057B000002E60D14646D8F800300CAC0493D8F8DF
:1057C00004300CAF05930FCE0FC496E80F0014AE53
:1057D00084E80F004B46424639462846CDE900A6EC
:1057E000FFF76AFD041E71DB404604A90CF034FB90
:1057F00048B9C446BE46BEE80F00ACE80F009EE8BC
:105800000F008CE80F00022C2CD14146284605F1F0
:105810004802FDF7F5FF0446002857D1149B98F87D
:1058200017200493159B02F5C0620593A54B0190C8
:1058300043EA0253089308F1180309930123314600
:105840000093284608AB04AAFFF736FD041E3DDB93
:10585000BC46B646BEE80F00ACE80F009EE80F005D
:105860008CE80F0000230293012C40F0238105F106
:105870002003039390E006F10800404501D136680B
:1058800096E741460CF0E8FA0028F8D1B379012BED
:10589000F5D1336BDA02F2D5AB6EF26A9B6A9A42AB
:1058A000EDD9736B3146F363EB6E28462B66FFF739
:1058B000E7F9044650B9336B314623F48013284688
:1058C00033630CF0A0FE04460028D8D020461DB05B
:1058D000BDE8F08F0BF1080104A80CF0BDFA08B97F
:1058E000CBE902429BF80610022907D10BF12C01EB
:1058F00004A80CF0B1FA08B9CBE90B42DBF800B010
:1059000055E001212846FDF7D1FD04460028DDD1F0
:10591000314605F130000CF0E8FADDE914A9C0B118
:10592000296BC8F38923C1F3892221F0FF4121F4B7
:10593000FF0121F4F8419A42C5E90C1BC5F838B0C3
:105940005DD2CDE906A9A8F580635F4941EA8222CC
:1059500003E0CDE906A94346002208920022CDE9E2
:1059600009230223019200933146284608AB06AA78
:105970000B97FFF7A1FC041EA8DB012C47D1BC4606
:10598000B646BEE80F00ACE80F009EE80F008CE8BA
:105990000F00CDE904A90294039904A80CF05CFA65
:1059A000DDE90C4208B9C5E90842D5F828B0BBF1D9
:1059B000000F8FD13246284604A9FEF7A7FBB0F1AD
:1059C00000089EDA18F1020F7AD1D94632462846ED
:1059D00004A9FEF7B1FC0446E0B1831C7FF476AF66
:1059E00018F1020F66D03949394840F6E113394AB7
:1059F00009F0F4FA40F6E111364809F0E6FA40F20F
:105A0000FF339A42CDE906A9A5D043469DE74FF062
:105A10000109DBE72B6BC3F309036BBB314605F1CF
:105A200030000CF062FADDE9144170BB00230893EA
:105A30009DF86730CDE90441224903F5C06341EA8E
:105A400003530022CDE90A37022309920192009301
:105A50003146284608AB04AAFFF72EFC041EFFF6C9
:105A600035AFBC46B646BEE80F00ACE80F009EE876
:105A70000F008CE80F00F7E62846C9F10001FDF79A
:105A800015FD04460028C9D020E72A6BC2F38923FC
:105A900022F0FF4222F4FF0222F4F8422A6300229D
:105AA000C5E90D2240F2FF329342BFD0064A42EAD6
:105AB0008323BCE7029B002B0CBF0024032405E7D3
:105AC000444603E708FC0F000000F04F51ED0300CF
:105AD00051910300FCE603002DE9F0430446006BFE
:105AE0008846C0F30900A1B0002800F09E80002580
:105AF000DFF84C911C22002108A80EF0DEF80123EB
:105B000000278DF837300F930EA80CF09BF918B1D1
:105B1000002F7ED00025EDE720460EAA10A90CF03C
:105B2000DFFA002840F081809DF8373043B92046E5
:105B300018AA0EA9FEF7EAFA00280CDB002D2FD0D8
:105B400008AE0DF1400CBCE80F000FC69CE80F003A
:105B500086E80F00D8E7811C67D1002DF0D0B8F19E
:105B6000000FEDD0204604F1480210A9FDF748FED1
:105B700000285AD19DF857202D4B02F5C06243EA08
:105B80000253049316AB05932046012304AA08A9E7
:105B9000FFF706FE002848DB032808BF4746B3E7A7
:105BA00002AE03464A462046009618A90CF0D8F9E2
:105BB00000283ADB30460EA90CF05FF90028BFD16F
:105BC00008A904F130000CF090F990B900230022EC
:105BD0000493184B2046CDE9052308A9022304AA03
:105BE0000796FFF7DDFD00281FDB032808BF01270C
:105BF0008AE7216B104BC1F389220B40C4E90C35B5
:105C000040F2FF339A42A563E0D00C4B43EA822373
:105C1000DDE70DB901256DE72046216B494249B208
:105C200021B0BDE8F043FDF741BC21B0BDE8F083F1
:105C300008FC0F0008FC0F60FF0300800000F04F1D
:105C400000FCFF7F10B5036B04469B0590B023D585
:105C500000F1200208A90CF043FA002857D12D4B7F
:105C60006A460293A36E2046DB6908A90393E36E9C
:105C70000493236F0593636F0693A36F0793264BDB
:105C8000009302AB019301230CF062FD00283ED18A
:105C9000236B23F400732363E36B1B0D13F4E06F9A
:105CA00006D10121204610B0BDE81040FFF714BF17
:105CB00040F2FF42C3F30A0393420BD0174918483E
:105CC00041F23033174A09F089F941F23031154871
:105CD00009F07BF9204604F1400208A90CF000FA13
:105CE000A8B9E36B216BC3F389220F4BA0630B4070
:105CF000C4E90C300D4B08A943EA8223CDE90230F8
:105D000002AA012320460CF023FD0028C9D010B0C0
:105D100010BD00BF010002001800102076ED030046
:105D200051910300FCE60300FF0300800000F04FE8
:105D300073B514460E4600F1480221460546FDF7AC
:105D40005FFD70B9E27D084B02F5C06243EA025381
:105D50000093183401236A463146284601940CF01A
:105D6000F7FC02B070BD00BF08FC0F002DE9F04742
:105D700013F0020F8AB006460D469946039236D1BB
:105D80004FF00008129B05F108072B653946304695
:105D9000C5F83090C5F83480C5F83C80C5F84C8013
:105DA0002B1D03AAFEF720FA041E29DAA31C15D125
:105DB00040F2FF33AA889A4210D00123AB71B36A34
:105DC00019F4807F2B60B56208D0039C2046EBF766
:105DD0007AFA336F83421ED26FF023042B6B29466D
:105DE00043F4002330462B630CF014FD04E0FFF76E
:105DF00029FF04460028C3D020460AB0BDE8F0873A
:105E00000123AB71B36A19F4007F2B60B5623BD0FC
:105E10006FF01004E2E7AB885F4ADFF8849140EA54
:105E2000832042EA832240F4801049EA8323CDE9AB
:105E30000604CDE90428CDE9083839460323304665
:105E400004AA0CF085FC10F11C0F0446C4D00028F5
:105E5000C4D14C464FF000084FF00C09DFF844A1C4
:105E60002B6D9A68424530D81B68002B5DD0EB64DF
:105E7000B06E05F140010CF01DFA40F20123B3EBC6
:105E8000145F5CD00024B7E7240D012C7ED1AB88D1
:105E900019F4806F4FEA832308D043F000542B6B32
:105EA00044F4801443F480332B63D3E705F12802D4
:105EB00043F00053009239463046384A43F0080315
:105EC0000CF04EF8041EC5DA88E72A6BD00706D41A
:105ED0002B6B2A6D99071DD408F10108C0E709FB57
:105EE00008F25868B5F804C081188B68825C49686C
:105EF00043EA8C2302F54072009143EA025339468B
:105F0000524630460CF02CF80028E1DA831CDFD032
:105F1000044663E7526809FB08229168B26F914218
:105F200037D843F480332B63D6E7B36E986AF0F723
:105F30005DFCE86400289BD16FF00B044EE72B6BEF
:105F40006FF0010243F480132B630023C4F30904B0
:105F5000AA62EC622A646B64B36E9A6AAA64002C2B
:105F600090D040F2FE33934228BF1346A988EA6CD2
:105F700043EA8123009239463046084A43F00053F1
:105F80000BF0EEFF041EBFF67DAF27E76FF01404A1
:105F900024E76FF01B0421E70000104000FC0F70A5
:105FA0000000102000FCFF7F70B596B006460D463D
:105FB000FEF70CFC044600285BD12B6A5BB92E4926
:105FC0002E4841F2F9032E4A09F008F841F2F9018E
:105FD0002B4808F0FAFFB36E0146DA6A706E0DF0D6
:105FE0006CFED6E91A327465DB6A3046DB00C6E91E
:105FF0001742934294BFB365B2650EA90CF01CF929
:106000000446002832D11F4B08AA0293B36E0EA992
:10601000DB690393F36E0493336F0593736F0693F9
:10602000B36F0793184BCDE90830184B30460A93ED
:10603000174B0B93174B0C9302AB0D9303230CF0F0
:1060400087FB044690B9034602468DF84E000EA920
:1060500030460CF07DFB044640B9012300906A46AF
:1060600030460EA901930CF03BF8044630460BF085
:10607000A1FF204616B070BDA7ED030051910300AB
:10608000FCE6030001000200000010400800F00FD1
:10609000BCB40300180010202DE9F04F99B004AFF4
:1060A0000446FEF793FB054600284ED10126014623
:1060B0001C2207F130000DF000FE4FF0FF33B04618
:1060C000C7E90133DFF878A2DFF878B2FE6407F1A0
:1060D00048000BF0B7FEB0B1236B04F1300203EBC4
:1060E000D373236304F13C0307CA83E80700E26E1D
:1060F000E36A2266B3FBF2F102FB1133636500230E
:10610000C4E9163321E0391D07F148000BF0B5FE54
:1061100000B36D468AB004AA7A4B4FF41251536112
:10612000794B7A48936141F24213D3614FF4007383
:106130001384774B6FF0530942F8103F0BF0CDFFFB
:10614000AD4620460CF0C8FB4D4628465437BD46A8
:10615000BDE8F08FB04506D14FEA48068046BB6CDB
:106160007B60FB6CBB606B4B00203B6108237B6159
:1061700007F10C03FC60CDE902A3674B07F148026D
:10618000CDE9003007F130012046644BFDF782FD78
:10619000B0F1000908F10108D3DB00F0A78049F352
:1061A0000903013300F0A2803B6B204623627B6B26
:1061B0005A4A636207F11803009307F130015B4606
:1061C0000BF0CEFEB0F10009BBDBBB69190C022954
:1061D0009AB201D1012A1FD96D468EB004AA504847
:1061E0009BB2506148485362906141F270100123A4
:1061F000C2E907010221C2E90A134FF4007344F215
:1062000040411386474B42F8103F40480BF065FF72
:106210006FF01509AD4694E7236B82F0010223F479
:10622000007343EA422323637B6AC3B1216F8B422D
:1062300014D96D468CB004AA3B4850613248906135
:1062400041F28E10C2E9070351624FF400731385C7
:10625000364B4FF4515142F8103FD6E72367BB6AE3
:106260006BB1616F8B4209D96D468CB004AA30487E
:1062700050612548906141F29910E3E76367FB6A3A
:1062800093B1A16F8B4209D96D468CB004AA2948FD
:1062900050611D48906141F2A410D3E7E26FA367FB
:1062A0009A4294BFE267E367A26E3B6A116A59B1F2
:1062B0008B4209D06D468CB004AA1F485061124829
:1062C000906141F2B310BDE7E366F969D369994281
:1062D0000CD06D468CB004AA1848536250610A482D
:1062E000906141F2BC10C2E90701AEE7204604F11B
:1062F000300207F13001FDF783FA814600283FF4B0
:10630000E6AE1EE7F6E70300FCE60300504E03008E
:1063100004000001BCB403000800F00F00FCFF7F84
:10632000BDED030008000001E9ED030006000001D7
:106330000FEE030035EE03005BEE030081EE030079
:10634000A120030018001020F0B599B00446039175
:10635000FFF778FC00285DD1034603AA204606A972
:10636000FDF742FF002855DB40F2FF32C0F38923DE
:10637000934251D0A26A050D022D0E924FEA832757
:1063800004AE21D147F000532046254A009643F041
:10639000080306A90BF0E4FD00283BDB324620464B
:1063A00010A90BF09DFE002834D1159B33F47F0318
:1063B0002ED101212046FDF779F858BB0EAB8DF8A0
:1063C0003E00ADF83C00A362002347F09F470593D1
:1063D00032460123204647F4E00706A904970CF053
:1063E000B7F90E9BA362A8B9022D13D14FF0FF316C
:1063F0002046FDF75BF868B9204606AA10A9FDF70C
:106400009BFF38B9204610AA06A9FFF791FC01E0CE
:106410006FF0260019B0F0BD6FF01500FAE700BF6D
:1064200000FC0F702DE9F04FAFB00546CDE9061224
:10643000FFF708FC0346002840F018810DF12809F9
:106440004946284606AAFDF7CFFE061EC0F2108177
:1064500040F2FF37C6F38928B84505D16FF015041F
:1064600020462FB0BDE8F08F28460DF1160307AA8D
:1064700012A9FDF7B9FE041E41DBC4F38923BB4218
:10648000ECD0484612A90BF0E7FCAB6A07461A931A
:10649000330DB3EB145F4FEA14525FD1BDF81630E1
:1064A000002862D0022A41D1724A0DF1900A42EAD4
:1064B00083232846704ACDF800A012A90BF050FDA6
:1064C0000028C0F29780524628461CA90BF008FE0F
:1064D000002840F08F80219B33F47F0340F08880B8
:1064E00001212846FCF7E2FF002840F083801AAB28
:1064F0008DF86E00ADF86C00AB62BFB93BE0A11C3B
:10650000AED1BDF816A0BA45AAD012A948460BF0E4
:10651000A3FCAB6A074607981A93EAF7D4FE2B6FE1
:10652000984202D96FF023049AE78FB12A6B534B3C
:10653000134043EA882343F09F4343F4E0032B6373
:106540000A9BA21C6B630B9BAB6315D1424603E015
:10655000D045FBD308F10102002313E0022A14BF47
:106560006FF013046FF014047AE7984501D100240A
:1065700076E7022A98D00027BDF81620404B43EA60
:10658000822342464FF0000ABDF8161024933D4B7B
:106590004FEA812B43EA8123CDE9263A079B0392F8
:1065A00018460293CDF894A0EAF78DFE029B360DB3
:1065B000360529934BEA080346EA0B0643F080535D
:1065C000064343F48013CDE92A392896A7B92C4B0A
:1065D000039A43EA82232C93002328462D9324AA6E
:1065E000052312A90CF0B4F840B11A9BAB6201E08C
:1065F0006FF02600044633E75346ECE7B7B12A6B49
:10660000130D13F4E06F11D01C4BA8631340C5E9C0
:106610000C301B4B494643EA8823CDE9083008AAD1
:10662000012328460CF094F80028DED11A9BAB62B7
:10663000A31C9CD0C4F30A54022C98D14FF0FF3114
:106640002846FCF733FF044600287FF409AF2846AC
:1066500012AA1CA9FDF770FE044600287FF400AFC3
:1066600028461CAA12A9FFF763FBC3E70446F7E616
:106670003446F5E60800002000FC0F70FF030080A0
:106680000000F04F0000104010B50446806A0BF087
:106690003AFC58B10849094841F2C773084A08F062
:1066A0009DFC41F2C771064808F08FFC2046BDE80A
:1066B0001040FFF75BBB00BFA6EE03005191030043
:1066C000FCE6030008B50346806A0BF01CFC58B9D1
:1066D0000849094841F2D673084A08F07FFC41F2A4
:1066E000D671064808F071FC1846BDE808400CF069
:1066F00091B800BFA7EE030051910300FCE6030030
:1067000008B50346806A0BF0FEFB58B908490948F2
:1067100041F2E673084A08F061FC41F2E67106486E
:1067200008F053FC1846BDE808400CF01FB800BF45
:10673000A7EE030051910300FCE603002DE9F041B0
:106740000446806A0D4616461F460BF0DCFB58B91E
:10675000144941F2F873144A144808F03FFC41F21E
:10676000F871114808F031FC0B6BDA0709D41049B5
:1067700040F6C4530C4A0D4808F030FC40F6C451B2
:10678000EFE79B0307D43B46324629462046BDE847
:10679000F041FDF72DBE20460BF035FF0028F2D06A
:1067A000BDE8F081A7EE0300FCE603005191030071
:1067B000DDEE030010B50446806A0BF0A4FB58B967
:1067C0000849094841F60A03084A08F007FC41F65F
:1067D0000A01064808F0F9FB2046BDE81040FEF724
:1067E000C3BA00BFA7EE030051910300FCE603000B
:1067F00010B50446806A0BF086FB58B90849094871
:1068000041F61C03084A08F0E9FB41F61C01064862
:1068100008F0DBFB2046BDE810400CF014B800BFC8
:10682000A7EE030051910300FCE603002DE9F041BF
:10683000054686B0806A0C4616460BF064FB58B9D4
:10684000484941F62D03484A484808F0C7FB41F63D
:106850002D01454808F0B9FB0A6B910709D444495A
:1068600040F69663404A414808F0B8FB40F696610E
:10687000EFE7002E73DB9203676BE36A02D5BB423E
:1068800038BF3B469E424FD2EB6F9E422ED800232C
:1068900021461A4628460BF0D6FF00285CDB4FF055
:1068A000FF3321462B6028463346EA68FDF7A0FDFA
:1068B000002851DB236B6FF0010243F4A81323631C
:1068C0000023C4E90A2622646364AB6E32469B6AE5
:1068D000E06CA364E9680DF0E2F900233A46214632
:1068E00028460BF0B0FF00EAE07035E0214628466C
:1068F0000BF089FE80BB05AB029304F138030193D2
:10690000731E0093059004F140012846D4E90A2340
:106910000BF010FC00BBA36B6663C4E90A36236B63
:1069200043F4A0232363D8E7D7D9022300222146CA
:1069300028460BF088FF00280EDB4FF00008636B41
:106940009E42CAD901232146284605AA8DF8148003
:10695000FEF70AFA0028F2DA06B0BDE8F0816FF01F
:106960001500F9E7A7EE0300FCE6030051910300D0
:1069700076EC030008B5806A0BF0C5FA58B90749F0
:10698000074841F63D03074A08F028FB41F63D0160
:10699000044808F01AFB486B08BD00BFA7EE0300CF
:1069A00051910300FCE603002DE9F047A6B005462F
:1069B0000191FFF747F980B9AB6A28461C9301AAF9
:1069C0000DF102031EA9FDF70FFC831C08D140F254
:1069D000FF33BDF802709F4207D126B0BDE8F087B3
:1069E0000028A8BF6FF01000F7E7DDF804804046EC
:1069F000EAF769FC2B6F0646984270D8EB6E04AC40
:106A0000214628462B660BF017FC0028E5D10DF136
:106A1000300C0DF1780EBEE80F00ACE80F009EE8D8
:106A20000F008CE80F000DF1480A9DF84730002B4D
:106A30004DD1DFF8B89001232146284602AACDE9BE
:106A4000029A0BF085FE0028C7D19DF88F30F3B174
:106A500001212846FCF72AFD0028BED11CAB8DF889
:106A60007600ADF87400AB622846012314AA0CA985
:106A7000CDE914940BF06CFE1C9BAB620028ACD1EA
:106A80004FF0FF312846FCF711FD0028A5D1154B2A
:106A900046EA872643EA8723149300231593124B73
:106AA00046F4001643EA8723CDE918349DF88F3069
:106AB0002846002B0D4B18BF002314AACDE91A3429
:106AC0001EA90423CDE916680BF042FE85E7524665
:106AD00028460CA90BF004FB0028A6D07DE76FF038
:106AE00023007AE7000010400800002008FC0F6037
:106AF000F0B5054687B0806A0BF005FA0C460346F0
:106B000058B12349234841F67903234A08F066FA2D
:106B100041F67901204808F058FA01F1080603927D
:106B20003146284603AAFDF75FFB00282ADB030D48
:106B3000022B29D140F2FF32C0F38923934204AFE4
:106B400015D12B6A04936B6A05933A463146284661
:106B50000BF0C6FAB0B9A368A080E362E368A06254
:106B600023630223A371AB6A2360AC620AE00B4A81
:106B7000314642EA83232846094A00970BF0F0F990
:106B80000028E2DA07B0F0BD6FF01300FAE700BFAB
:106B90000AEF030051910300FCE603000800002007
:106BA00000FC0F702DE9F04115460C4606464FF4E7
:106BB0008472002128460DF080F8A36A63B9284644
:106BC00002231B4900F8083BEAF775FB0120A36A82
:106BD0000133A362BDE8F081012B1DD004F1200830
:106BE00004F10807A288A38B9A420AD1E07F00280B
:106BF000F0D04246394630460BF072FA0028E9D10F
:106C0000A0802B4639463046A288FCF713FE48B9CF
:106C1000A3880133A380D9E728460223054900F859
:106C2000083BD1E7831CD5D1A3880133A380D9E7E2
:106C30007B9D03007A9D030030B50C4D0A449142C0
:106C400000D130BD11F8013B83EA000404F00F04C9
:106C500055F8244084EA101080EA131303F00F0360
:106C600055F8233083EA1010E9E700BF6C7A03007F
:106C700008B50A4A0A4B93420ED90A4918230A4A10
:106C80000A4808F0ABF90A4808F0A8F918210648A4
:106C900008F09BF91833EEE7FCD308BD0444030069
:106CA000E442030063EF030040EF0300519103004F
:106CB000C5A30300014B986874307047A06D002095
:106CC00010B50446EDF7D6FF03480121034A08F04A
:106CD000F1FB20460BF035FE984E03007BEF0300DE
:106CE0002DE9F84304460D4600AFEFF31188402329
:106CF00083F31288BFF36F8F0428314A98BF314B5A
:106D0000E9468AB09668117C98BF53F820306A46ED
:106D100088BF2D4BC2E9073140F201332B489384E1
:106D20002B4BC2E9050442F8103F00234FF43151C8
:106D30002848EEF707F9CD4645B1EB69C3F30803E0
:106D400023B10121244A234808F0B4FB2EB1304678
:106D50000BF01CFF08B1037803B92048E9468AB05C
:106D60006A461F4BD061C2E9053640F201331384F5
:106D70001C4B42F8103F00234FF411511548EEF719
:106D8000E1F82946CD462046FFF79AFF042C0CD1A6
:106D900015498723154A164808F020F9154808F0C8
:106DA0001DF98721114808F010F988F31188BFF305
:106DB0006F8F3046EFF7A4F8BD46BDE8F88300BFFB
:106DC000A06D0020AC7A03008AEF030098EF030067
:106DD00005000001984E0300C0EF03005DBA0300F8
:106DE000E1EF0300040000011BF00300F9EF0300D2
:106DF0005191030038F0030038B5094B53F8204097
:106E0000013053F82050A54200D838BD636823B143
:106E100020460BF09EFD0834F5E723689847FAE713
:106E2000C07A0300012270B5384B032086B01A7077
:106E3000FFF7E2FFEEF7CCFC0BF0A7FD0420FFF715
:106E4000DBFF334C334DAC42264628D9324942232E
:106E5000324A334808F0C2F8324808F0BFF84221FD
:106E60002E4808F0B2F854F80C3C059354F8103C46
:106E7000049354F8143C039354F8183C029354F8C8
:106E80001C3C019354F8203C009354E90A2354E934
:106E90000C0101F0EFFF54F8303C5E65D3E7AE42E1
:106EA00004F13004DFD302F0A7FC194C1E4EAC42B3
:106EB0001FD919496623194A194808F08FF819484B
:106EC00008F08CF86621CBE7D4E90A23B3F1FF3F41
:106ED00008BFB2F1FF3F05D052EA0301206803D199
:106EE00002F0E2FE3034E2E73146183003F058FA9F
:106EF000F8E7E9D302F0EEFCEAF718FE0B4A137B41
:106F000023F00103137306B070BD00BFCFC0002093
:106F10007C4C03007C4C0300D8F00300B7F0030066
:106F200051910300C5A30300F12B0300D8430020B7
:106F300008B50348034A0021121A0BF022FD08BDD0
:106F4000180F0020D4C00020D82370B5134E0122A2
:106F500003FB0066002386B0CDE904230F220193D2
:106F6000CDE9023218234FF4A0720D4D0D4903FBF9
:106F70000055044602FB00110B4B3046009501F012
:106F800079FF737B2C7423F004037373074B013474
:106F900003EBC423EE606B6006B070BD00430020BD
:106FA000A06D002048FF0020A575020048F70020D2
:106FB000BFB50020FFF720FF2D4B03F5006282F3E1
:106FC000088883F30A88E0232A4D002485F82230BC
:106FD0002023EB772C766C76AC766B6A264E43F4E6
:106FE000E0236B6285F82340EEF708FFEFF7EEF839
:106FF0004FF0FF33AB62EB62EFF7C2FAEFF70EF937
:10700000EDF790FD40F201131C4D1D4F2846AB815A
:10701000C5E91E4403F0DAFDB560FFF729FE012043
:10702000FFF7EAFE0220174DFFF7E6FE02F0E2FC52
:10703000154BB5610593012314494FF48052CDE9F6
:10704000034328463B46CDE90144009401F012FF7A
:1070500006466A7B284622F004026A7302F01AF997
:107060002046FFF771FF3A4631462846EFF786F88B
:1070700048F7002000ED00E0A06D0020A8450020AA
:10708000256E0200D84300204197030088000120AC
:1070900038B50D4C0D4DAC4213D90D4919230D4A8D
:1070A0000D4807F09BFF0D4807F098FF192109488C
:1070B00007F08BFF2046D4E901120BF067FC18346F
:1070C000E9E7F7D3002038BD300C0020600C002029
:1070D0002AF1030008F1030051910300C5A3030046
:1070E0002DE9F04F064689B09046DDE9122306A847
:1070F0009946174605910BF0BBFDDDE90634CDE955
:10710000023406F11404EFF31185402383F312884F
:10711000BFF36F8F204603F0CDF860B98823364A5D
:107120003649374807F05AFF2146364807F056FFE0
:107130008821314833E0204603F0E0F8EFF305837F
:10714000FBB94FF0400B06F10C0A42463046059958
:10715000EBF7CAFF034620B32046029303F0B8F8CA
:10716000029B00283FD140F23113234A264924488C
:1071700007F034FF2146254807F030FF40F2311177
:10718000D7E757EA0903DCD021494B23214A1C48A1
:1071900007F024FF204807F021FF4B211D4807F08E
:1071A00014FF57EA0907D7D0DDE9022306A80BF040
:1071B00083FDDDE906232946CDE900231746204655
:1071C0005246994602F050F9EFF311858BF312887D
:1071D000BFF36F8F204603F06DF800289ED0204645
:1071E00003F08CF8B1E785F31188BFF36F8F184671
:1071F00009B0BDE8F08F00BFB6A10300E3A1030012
:1072000051910300F8A103000EA2030025A2030080
:1072100043F1030008F10300B0B00300F8B50546E0
:107220000E4600F11404EFF31187402383F3128814
:10723000BFF36F8F204603F03DF868B988231B4ADF
:107240001B491C4807F0CAFE21461B4807F0C6FE32
:107250008821164807F0B9FE204603F04FF828466B
:107260003146EBF7F3FE05F10C000BF0CFFC28B133
:1072700039462046BDE8F84002F064BA204603F0E3
:1072800027F868B940F23113084A0C49094807F059
:10729000A5FE21460A4807F0A1FE40F23111D8E7C9
:1072A00087F31188BFF36F8FF8BD00BFB6A103004D
:1072B000E3A1030051910300F8A103000EA2030013
:1072C00025A20300002038B50C4C0D4DAC4213D95B
:1072D0000C4994230C4A0D4807F080FE0C4807F037
:1072E0007DFE9421084807F070FE20460BF061FBFC
:1072F000002802DB2034E9E7F7D338BD700B00200B
:10730000300C0020AEF1030089F10300519103001D
:10731000C5A303002DE9F74305460F4691461C46D9
:1073200000F10806EFF31188402383F31288BFF3BE
:107330006F8F304602F0BEFF60B98823314A324970
:10734000324807F04BFE3146314807F047FE8821AE
:107350002C4826E0304602F0D1FF2B691BB33B607E
:107360001C68EB692C610133EB6114B96A699342C3
:107370001FD0EB68E41A09D4D5E905235A43A24289
:1073800004D9B4FBF3F203FB124494B12149E9237D
:10739000214A1E4807F022FE204807F01FFEE9217F
:1073A0001D4807F012FE59EA040214D16FF00B04D5
:1073B0003B60304602F08CFFF0B940F23113114AC5
:1073C0001749124807F00AFE3146164807F006FE34
:1073D00040F23111BCE7CDE900942A4641463046DF
:1073E00002F042F8044618B90F4B9B685B693B609A
:1073F000204603B0BDE8F08388F31188BFF36F8F98
:10740000F6E700BFB6A10300E3A10300519103001A
:10741000F8A10300CBF1030089F1030047F2030058
:107420000EA2030025A20300A06D00202DE9F84361
:10743000C3680546CB1A0E4623D4D0E90512514342
:1074400099421ED9B3FBF2F102FB1133CBB900F123
:107450000807EFF31189402484F31288BFF36F8F7C
:10746000384602F027FFD8B98823414A41494248AB
:1074700007F0B4FD3946414807F0B0FD88213C488B
:107480000CE03F4940F211133E4A3B4807F0A6FD8D
:107490003D4807F0A3FD40F211113A4807F095FD71
:1074A000384602F02BFFD5F81080B8F1000F40D11C
:1074B000EFF3118384F31288BFF36F8F83F3118886
:1074C000BFF36F8F5BB93149B023314A2A4807F0C7
:1074D00085FD304807F082FDB0212D48DEE72C689D
:1074E000A54226D02CB3A3683BB92B499923284A3F
:1074F000214807F073FD9921EFE7D4E900321360CA
:107500005A60637BC4E9008823F002036373C4F804
:10751000088004F1180003F007F82046C4F88C80B6
:10752000666101F0B7FE49463846BDE8F84302F00F
:1075300009B92B6938463360EB692E61013BEB6179
:1075400002F0C6FE68B940F23113094A13490A48ED
:1075500007F044FD3946124807F040FD40F2311172
:107560008DE789F31188BFF36F8FBDE8F88300BF03
:10757000B6A10300E3A1030051910300F8A10300A9
:107580006E94030089F1030062F20300AFF203007E
:1075900084F20300B0B00300C7F203000EA20300A0
:1075A00025A2030008B50D4B9B6893F90E30002B04
:1075B00009DB4024EFF3118384F31288BFF36F8F4C
:1075C00008F0B7F8F6E7064906481B23064A07F015
:1075D00005FD1B21044807F0F8FC00BFA06D00204A
:1075E000FFF2030051910300DEF2030008B5836847
:1075F0004BB90B490B4899230B4A07F0EFFC992133
:10760000094807F0E2FCD0E9003213605A60002319
:10761000427BC0E9003322F002024273836008BD5E
:10762000C7F203005191030084F203002DE9F347F0
:107630000446894617461D46EFF3058373B152EAA7
:1076400005030BD04F497E234F4A504807F0C6FC34
:107650004F4807F0C3FC7E214B4819E004F10806AF
:10766000EFF311884FF0400A8AF31288BFF36F8F4F
:10767000304602F01FFE68B98823464A464943480F
:1076800007F0ACFC3146454807F0A8FC882141488A
:1076900007F09BFC304602F031FE626A23699A4291
:1076A00059D2EFF311838AF31288BFF36F8F83F3FC
:1076B0001188BFF36F8F5BB93949B023394A33481A
:1076C00007F08CFC324807F089FCB0213548DFE731
:1076D0002568AC4217D0B5B12846FFF787FF05F102
:1076E000180002F021FFE2680024494668690CF0A6
:1076F000D6FA2846C5F88C4001F0CCFD414630460C
:1077000002F020F836E0206A6369984202D3A36948
:10771000984207D3244998231B4A1C4807F05EFC73
:10772000982199E7E26849460CF0B9FA236AE268C1
:1077300004F128001344A2692362934208BF6369DD
:107740004FF0100108BF2362636A0133636203F0E4
:107750005BF90024D2E757EA05030FD0134B22460A
:107760009B684146C3F814903046CDE9007501F09E
:107770007BFE0446204602B0BDE8F0876FF022048D
:10778000BCE700BF43F1030027F30300519103005E
:10779000B0B00300B6A10300E3A10300F8A1030009
:1077A000AFF2030084F2030049F30300A06D002050
:1077B0002DE9F7430446884617461D46EFF3058337
:1077C00073B152EA05030BD05D49DA235D4A5E4886
:1077D00007F004FC5D4807F001FCDA21594818E085
:1077E00004F10806EFF31189402383F31288BFF3F5
:1077F0006F8F304602F05EFD68B98823544A5549C0
:10780000514807F0EBFB3146534807F0E7FB88216E
:107810004F4807F0DAFB304602F070FD636A002B38
:1078200062D0E2684046E1690CF039FAE369E26847
:107830001344A269E361934204BF6369E361636A2D
:10784000013B6362EFF31183402282F31288BFF39E
:107850006F8F83F31188BFF36F8F5BB93F49B023FC
:107860003F4A394807F0BAFB384807F0B7FBB02168
:107870003B48CEE72568AC4246D0002D45D028468F
:10788000FFF7B4FE05F1180002F04EFE206A6369AE
:10789000984202D3A369984207D33249F323294A75
:1078A000294807F09BFBF32198E76969E2680CF02F
:1078B000F6F9236AE26828461344A26923629342D8
:1078C00004BF63692362636A013363620024C5F8FD
:1078D0008C4001F0DFFC4946304601F033FF25467D
:1078E000284603B0BDE8F08357EA05031FD01E4BBE
:1078F00022469B684946C3F814803046CDE900759E
:1079000001F0B2FD0546EBE70025304602F0E0FC51
:1079100080B940F231130E4A14490B4807F05EFB60
:107920003146134807F05AFB40F2311170E76FF00F
:107930002205EAE789F31188BFF36F8FD0E700BF14
:1079400043F1030027F3030051910300B0B003009B
:10795000B6A10300E3A10300F8A10300AFF2030006
:1079600084F2030049F30300A06D00200EA203007F
:1079700025A203002DE9F341044617461E46EFF306
:10798000058565B158496F23584A594807F026FBC9
:10799000584807F023FB6F21544807F016FBEFF31C
:1079A0001188402383F31288BFF36F8F524802F08F
:1079B00081FC60B98823514A51494D4807F00EFBBC
:1079C0004D49504807F00AFB88214C48E5E74A48F2
:1079D00002F094FCE3684C4A9BB1A068916888422D
:1079E00029D057EA06032ED1434802F071FCA0B11A
:1079F00088F31188BFF36F8F6FF00F0002B0BDE8FE
:107A0000F081916891F90E100133E36093683A4870
:107A10002161A36002F05CFC78B940F23113374A6F
:107A20003A49334807F0DAFA3349394807F0D6FAC9
:107A300040F23111C9E72169E6E788F31188BFF305
:107A40006F8F0020DAE791F90E1090F90E306FF089
:107A50007E029942A8BF19469142B8BF11468B4297
:107A600002DD0AF0D4FF054622464146CDE9007604
:107A7000214801F0F9FC0028E3D0EFF31186402300
:107A800083F31288BFF36F8F1B4802F013FC0028AA
:107A900090D0194802F032FCA068C0B12368216977
:107AA0009C420AD04BB193F90E309942A8BF1946B7
:107AB0006FF07E039942B8BF19460AF0A8FF30B1B3
:107AC00031460D4801F03EFE6FF00A0096E7002DAA
:107AD000F6D1094802F0FCFB00289ED086F31188FD
:107AE000BFF36F8FF0E700BFB7F3030095F3030018
:107AF00051910300C9F30300C86D0020B6A1030033
:107B0000E3A10300F8A10300A06D00200EA2030072
:107B100025A20300F8B50546EFF3058363B1554987
:107B2000D723554A554807F059FA554807F056FAF1
:107B3000D721514807F049FA8368002B00F0938061
:107B4000504A9268934240F09180C3683BB94E49D5
:107B5000EF23494A494807F041FAEF21E9E7012BB1
:107B600003D0013BC3600020F8BDEFF31187402430
:107B700084F31288BFF36F8F444802F09BFB60B917
:107B80008823434A43493D4807F028FA3F49424881
:107B900007F024FA88213E48CCE73C4802F0AEFBCF
:107BA0002969A8680AF033FFEFF3118384F3128880
:107BB000BFF36F8F83F31188BFF36F8F5BB93749C2
:107BC000B023374A2D4807F009FA364807F006FA7D
:107BD000B0213348AEE72C68AC4215D100232B48C6
:107BE000C5E9023302F074FB002837D140F23113AB
:107BF000274A2D49214807F0F1F924492B4807F07D
:107C0000EDF940F23111C6E7002CE7D0A3683BB98B
:107C100027499923224A194807F0E0F99921D8E722
:107C20000026D4E9003213605A60637BC4E9006621
:107C300023F002036373A66004F1180002F074FCE1
:107C4000AC6094F90E3020462B61C4F88C6001F0D2
:107C500021FB39460D4801F075FD84E787F3118853
:107C6000BFF36F8F7FE76FF015007DE74FF0FF30B8
:107C70007AE700BFB7F3030095F3030051910300C7
:107C8000C9F30300A06D0020EEF30300C86D0020CF
:107C9000B6A10300E3A10300F8A10300AFF20300C3
:107CA00084F20300B0B003000EA2030025A203007B
:107CB000C7F2030008B583684BB90B490B489923F9
:107CC0000B4A07F08BF99921094807F07EF9D0E9B2
:107CD000003213605A600023427BC0E9003322F077
:107CE00002024273836008BDC7F203005191030092
:107CF00084F203002DE9F04704460E4691469A4669
:107D00009DF8207000F10805EFF31188402383F3FC
:107D10001288BFF36F8F284602F0CCFA60B988232F
:107D20004C4A4D494D4807F059F929464C4807F04F
:107D300055F9882147481BE0284602F0DFFA07B1D1
:107D40006668EFF31183402282F31288BFF36F8FCE
:107D500083F31188BFF36F8F63B94249B023424A5E
:107D60003E4807F03BF9414807F038F9B0213E485A
:107D700007F02BF9234653F80C7F9F4215D0A7B18B
:107D80003846FFF797FF07F1180002F0CDFB0023FC
:107D90003846C7F88C30C7F8149001F07BFA2846B3
:107DA000414601F0CFFC00201FE0BAF1000F2ED0B9
:107DB0000821002002F010FFC8B9284602F088FA16
:107DC00068B940F23113234A2949244807F006F9DB
:107DD0002946284807F002F940F23111AAE788F352
:107DE0001188BFF36F8F6FF00B00BDE8F0870122A1
:107DF000C0F804900260016801F003015EB92268D6
:107E00000A430260626820606AB960600BE048461D
:107E1000C9F800A0EFE73268032A10D80160616852
:107E200039B9C4E90000042104F1140002F0ECFDAA
:107E3000B5E70A6802F0030202430A60E5E722F0B0
:107E400003020A430260326802F0030240EA0203BE
:107E50003360E8E7B6A10300E3A1030051910300FA
:107E6000F8A10300AFF2030084F20300B0B00300F6
:107E70000EA2030025A203002DE9F7430646904613
:107E80001F4600F10805EFF31189402383F31288A0
:107E9000BFF36F8F284602F00DFA68B98823254A90
:107EA0002549264807F09AF82946254807F096F80C
:107EB0008821204807F089F8284602F01FFA346824
:107EC000FCB12368726823F00303944220464FF00C
:107ED0000101336008BF73600AF0A8FD044628461C
:107EE00002F0F6F9E8B940F23113124A1549134885
:107EF00007F074F82946144807F070F840F2311181
:107F0000D7E758EA0703EAD049462846CDE9008773
:107F100006F10C0201F0A8FA38B90C4B9B685C69B9
:107F200003E089F31188BFF36F8F204603B0BDE8EB
:107F3000F08300BFB6A10300E3A103005191030049
:107F4000F8A103000EA2030025A20300A06D0020EB
:107F500008B583684BB90B490B4899230B4A07F0C6
:107F60003DF89921094807F030F8D0E90032136054
:107F70005A600023427BC0E9003322F002024273C0
:107F8000836008BDC7F203005191030084F203002F
:107F900070B50446EFF31186402585F31288BFF3D0
:107FA0006F8F274802F086F968B98823254A264949
:107FB000264807F013F82249254807F00FF88821D2
:107FC000204807F002F81E4802F098F9EFF31183F9
:107FD00085F31288BFF36F8F83F31188BFF36F8F20
:107FE0005BB91C49B0231C4A184806F0F7FF1B4830
:107FF00006F0F4FFB0211848E3E72568AC4213D03F
:1080000095B12846FFF7A4FF05F1180002F08CFA9D
:1080100000232846C5F88C3001F03CF93146BDE814
:108020007040074801F08EBBD4E902329A4218BF73
:1080300001330221A36004F1100002F0E5FCEDE73A
:10804000CC6D0020B6A10300E3A103005191030011
:10805000F8A10300AFF2030084F20300B0B0030004
:10806000F7B5044616461D46EFF305837BB152EA89
:1080700005030CD02D4988232D4A2E4806F0AEFF6B
:108080002D4806F0ABFF8821294806F09EFFEFF34C
:108090001187402383F31288BFF36F8F274802F0C4
:1080A00009F960B98823264A2649224806F096FF36
:1080B0002249254806F092FF88212148E5E71F481C
:1080C00002F01CF9A368D3B1013B1C48A36002F085
:1080D000FFF868B940F23113194A1C49154806F0F7
:1080E0007DFF16491A4806F079FF40F23111E4E7A6
:1080F00087F31188BFF36F8F002003B0F0BD56EAFD
:1081000005030BD10D4802F0E3F80028E2D087F315
:108110001188BFF36F8F6FF00F00EEE722463946EC
:10812000CDE90065054801F09FF9E6E725F4030075
:1081300005F4030051910300B0B00300CC6D0020A2
:10814000B6A10300E3A10300F8A103000EA20300FF
:1081500025A203002DE9F0410446EFF311874026E4
:1081600086F31288BFF36F8F254802F0A3F868B931
:108170008823244A2449254806F030FF2049244812
:1081800006F02CFF88211F4806F01FFF1C4802F054
:10819000B5F86FF00A08EFF3118386F31288BFF386
:1081A0006F8F83F31188BFF36F8F5BB91949B023C9
:1081B000194A164806F012FF184806F00FFFB021C2
:1081C0001548E1E72568AC420DD065B12846FFF7B8
:1081D000BFFE05F1180002F0A7F92846C5F88C800B
:1081E00001F058F8D7E7002304F110000221A36042
:1081F00002F00AFC3946BDE8F041014801F0A2BA9C
:10820000CC6D0020B6A10300E3A10300519103004F
:10821000F8A10300AFF2030084F20300B0B0030042
:108220001FB5094A02AB92E803004FF4805283E87D
:108230000300009305494FF0FF33054800F07AFB37
:10824000002005B05DF804FB484F030088100120B2
:10825000B04400202DE9F0430446764E764F85B0B9
:10826000EFF31188402383F31288BFF36F8F3046FA
:1082700002F020F868B98823704A7149714806F005
:10828000ADFE6C49704806F0A9FE88216B4806F0E7
:108290009CFE304602F032F8D4F8D850F5B90221ED
:1082A00004F1F0000AF004FC002840D004F1E805D5
:1082B00000220121284601F05BFE0028F8D10023AE
:1082C0004FF0FF3202934FF0FF334146CDE90023D8
:1082D000304604F1E00201F0A9FEC1E7D4F8DC2049
:1082E0002B68954208BFC4F8DC30C4F8D830D4F805
:1082F000F030304643F00203C4F8F030EB68D5F8B4
:10830000049023F0040343F00103EB6001F0E0FF6D
:10831000F8B940F23113494A4C494A4806F05EFE2A
:1083200044494B4806F05AFE40F23111AEE7D4F80A
:10833000F030DD06C3D5C4F8F0003E4801F0C8FFB8
:108340000028E6D088F31188BFF36F8F05B0BDE831
:10835000F08388F31188BFF36F8FB9F1000F0AD152
:108360003C49384840F2AB233B4A06F037FE40F226
:10837000AB2139488BE72846C847EFF311884023E3
:1083800083F31288BFF36F8F304601F093FF00280C
:108390003FF471AF304601F0B1FFEB68D90623F02E
:1083A000010231D4EA60EB689A0716D5386823F0E9
:1083B0000203EB6088B10021036870B14268954206
:1083C00030D1036841BB7A683B60824200D17B6058
:1083D000002340F8083BFFF7DBFDD4F8F0303046CF
:1083E00023F00203C4F8F030C3F3002501F070FF5E
:1083F00000288ED088F31188BFF36F8F002D7FF493
:108400002FAF01F0FFFA2BE723F01103EB6005F12A
:108410001000FFF7BDFDC6E70B607B68834208BF15
:108420007960D5E723B11A68014618461346C4E7B8
:108430001A46F9E7D86D0020D06D0020B6A10300E0
:10844000E3A1030051910300F8A103000EA2030071
:1084500025A20300BEF403007CF4030070B5C368DA
:108460000546C3F340069B070C460DD501220021AB
:1084700004F108000AF00CFB00232360054B656043
:108480005A681AB9C3E90044304670BD14605C6094
:10849000FAE700BFD06D0020F8B5C36804469A071C
:1084A0000F46C3F3400639D45B0725D40B680BB9DC
:1084B00083680B60E368DD0721D5A3685BB92849B1
:1084C00028484FF4AA73284A06F088FD4FF4AA7191
:1084D000254806F07AFD02263B603D68002D3CD021
:1084E000224B9B68AB420CD0D5F8F030D807C3F3D1
:1084F000800216D46FF0120600233B6027E00126AD
:10850000EBE70AF03AFBD5F8F0300028EED1D907B6
:10851000C3F3C002EED552B15B0708D46FF00F066B
:10852000EAE7002AFAD1C3F3C003002BF6D10023F7
:108530002360D5F8DC3063B9C5E9364428460AF033
:10854000D2FAE36843F00403E3603B68A36030467B
:10855000F8BD1C60C5F8DC40F0E76FF01506CBE70E
:108560009DF40300519103007CF40300A06D0020F2
:1085700073B50446EFF31185402383F31288BFF3EC
:108580006F8F1E4801F096FE68B988231C4A1D496A
:108590001D4806F023FD19491C4806F01FFD8821DF
:1085A000174806F012FD154801F0A8FE002303212C
:1085B000201F0193A4F110060AF07AFA28B1A369EA
:1085C000304601A90193FFF767FF0C4801F080FED8
:1085D00068B940F231130A4A0D490B4806F0FEFC17
:1085E00006490C4806F0FAFC40F23111D8E785F351
:1085F0001188BFF36F8F02B070BD00BFD86D00202F
:10860000B6A10300E3A1030051910300F8A1030008
:108610000EA2030025A2030038B50D46044648B952
:108620000C4999230C4A0D4806F0D8FC99210A48B8
:1086300006F0CBFC39B90A499A23074A074806F0E5
:10864000CDFC9A21F3E7102200210BF036FB656088
:1086500038BD00BF53F503007CF4030051910300C3
:10866000BEF40300F8B5C368064603F00503002B0B
:108670000C4614BF0127002729D085685DB91D4924
:108680001D484FF4DF731D4A06F0A8FC4FF4DF715C
:108690001A4806F09AFC0122002104F110000AF0A9
:1086A000F7F920461649FFF7B7FFE36843F01003D8
:1086B000E360F3685B0712D5336823606BB9D5F8C4
:1086C000DC3033B9C5E9364428460AF00CFA38469E
:1086D000F8BD1C60C5F8DC40F6E73460F4E7D5F877
:1086E000D8302360D5F8DC30C5F8D840002BEBD16A
:1086F000F0E700BFA3F40300519103007CF40300F2
:10870000C72A030037B50C46019059B928494FF4E0
:10871000BD73284A284806F061FC4FF4BD71254816
:1087200006F053FC4B684BB9244940F27B13214AB5
:10873000214806F053FC40F27B11F0E7EFF311857E
:10874000402383F31288BFF36F8F1D4801F0B2FD01
:1087500060B988231B4A1C49174806F03FFC18499A
:108760001A4806F03BFC88211648D9E7144801F066
:10877000C5FD204601A9FFF78FFE0446104801F011
:10878000A7FD68B940F231130E4A11490A4806F0B4
:1087900025FC0B490F4806F021FC40F23111E3E7BC
:1087A00085F31188BFF36F8F204603B030BD00BF43
:1087B00053F503007CF4030051910300B8F4030067
:1087C000D86D0020B6A10300E3A10300F8A10300C7
:1087D0000EA2030025A20300014601480AF0BDB91C
:1087E000B044002070B50C46054658B938494FF4DE
:1087F000E573384A384806F0F1FB4FF4E571354827
:1088000006F0E3FBC368DB0509D5344940F2CB131E
:10881000304A314806F0E2FB40F2CB11EFE70AF0B4
:10882000ACF948B12E494FF4E6732A4A2A4806F0BB
:10883000D5FB4FF4E671E2E74CB92A4940F2CD137B
:10884000244A254806F0CAFB40F2CD11D7E7EFF3E2
:108850001186402383F31288BFF36F8F224801F003
:1088600029FD60B98823214A21491B4806F0B6FB3F
:108870001D49204806F0B2FB88211C48C0E71A4871
:1088800001F03CFD28462146FFF7ECFE0546164860
:1088900001F01EFD68B940F23113144A16490E4822
:1088A00006F09CFB1049154806F098FB40F2311188
:1088B000E3E786F31188BFF36F8F3DB14FF0FF32CE
:1088C0004FF0FF3304F11000FFF7CAFB284670BDDC
:1088D00053F503007CF4030051910300D5F4030029
:1088E00073C4030004F50300D86D0020B6A1030093
:1088F000E3A10300F8A103000EA2030025A20300D8
:1089000008B558B9084909484FF43373084A06F0C6
:1089100065FB4FF43371064806F057FBF82200213F
:108920000BF0CBF908BD00BFA3F403005191030085
:108930007CF40300F0B589B004460E9D58B92E4969
:1089400040F2DB232D4A2E4806F048FB40F2DB21A3
:108950002A4806F03AFB49B92A494FF43773274AA7
:10896000274806F03BFB4FF43771F1E7D0F8F000F1
:1089700010F0010009D0244940F2DD231F4A2048AD
:1089800006F02CFB40F2DD21E2E7C4E9360004F1F9
:10899000E000C4E9380004F1E800C4E93A004DB34E
:1089A0002879002840F2011008BF0120C4F8F00027
:1089B00000204FF0FF364FF0FF37CDE90330CDE90F
:1089C0000100CDE906672046104B009400F0AAFA9A
:1089D00055B1296811B120460AF0D5F86B791BB161
:1089E000237B43F001032373204609B0BDE8F04028
:1089F00001F05AB90120D9E741D303007CF4030008
:108A00005191030018F503001EF503005582020082
:108A100038B50D46044658B90F4940F27A330F4A2B
:108A20000F4806F0DBFA40F27A310C4806F0CDFA36
:108A300049B90C4940F27B33084A094806F0CEFA9E
:108A400040F27B31F1E7302200210BF036F94FF490
:108A500080736560E36038BD52F503007CF4030069
:108A600051910300BEF40300F7B50C4616461D46AF
:108A7000019058B9334940F2F533334A334806F090
:108A8000ADFA40F2F531304806F09FFA49B9304965
:108A900040F2F6332C4A2D4806F0A0FA40F2F631A7
:108AA000F1E7EFF31187402383F31288BFF36F8F51
:108AB000284801F0FFFB60B98823274A274923484B
:108AC00006F08CFA2349264806F088FA88212248C5
:108AD000DAE7204801F012FCE36813F01E0F27D1FB
:108AE00055EA060216D1204601A9FFF7D5FC044637
:108AF000184801F0EDFBE8B940F23113164A194964
:108B0000124806F06BFA1349174806F067FA40F26C
:108B10003111DCE743F00803E360019B04F110002E
:108B2000A36232462B46114901F03AFC0124DFE7EB
:108B30000024DDE787F31188BFF36F8F204603B071
:108B4000F0BD00BFA3F403007CF4030051910300C7
:108B500052F50300D86D0020B6A10300E3A1030085
:108B6000F8A103000EA2030025A2030071850200F4
:108B700001460148FFF778BFB0440020F7B50C4626
:108B800016461D46019058B932494FF48363324A64
:108B9000324806F023FA4FF483612F4806F015FAA5
:108BA00049B92F4940F219432B4A2C4806F016FACE
:108BB00040F21941F1E7EFF31187402383F3128864
:108BC000BFF36F8F274801F075FB60B98823264AF1
:108BD0002649224806F002FA2249254806F0FEF905
:108BE00088212148DAE71F4801F088FB204609F078
:108BF0006BFF55EA060316D1204601A9FFF74CFC8E
:108C00000446184801F064FBE0B940F23113164AFB
:108C10001849124806F0E2F91249174806F0DEF941
:108C200040F23111DDE7E36804F1100043F008037E
:108C3000E360019B3246A36210492B4601F0B0FB72
:108C40000124DEE787F31188BFF36F8F204603B05E
:108C5000F0BD00BFA3F403007CF4030051910300B6
:108C600052F50300D86D0020B6A10300E3A1030074
:108C7000F8A103000EA2030025A2030071850200E3
:108C800001460148FFF77ABFB044002038B50446DA
:108C900058B92349234840F23A43234A06F09EF943
:108CA00040F23A41204806F090F9EFF31185402355
:108CB00083F31288BFF36F8F1C4801F0FBFA60B991
:108CC00088231B4A1B49174806F088F917491A4898
:108CD00006F084F988211648E5E7144801F00EFBF8
:108CE000204609F0F1FE204609F004FF04460F4833
:108CF00001F0EEFA68B940F231130D4A0F49094804
:108D000006F06CF909490E4806F068F940F2311195
:108D1000E1E785F31188BFF36F8F204638BD00BFB0
:108D200052F50300519103007CF40300D86D00203C
:108D3000B6A10300E3A10300F8A103000EA2030003
:108D400025A20300F8B50D46044658B93E4940F245
:108D50004B433E4A3E4806F041F940F24B413B4806
:108D600006F033F949B93B4940F24C43374A384899
:108D700006F034F940F24C41F1E709F0FEFE48B14B
:108D8000354940F24D43314A314806F027F940F267
:108D90004D41E4E7EFF31186402383F31288BFF3DC
:108DA0006F8F2E4801F086FA60B988232C4A2D492E
:108DB000274806F013F929492B4806F00FF98821B6
:108DC0002748CDE7254801F099FAE36803F01F032F
:108DD000002B14BF0127002717D1204801F078FA93
:108DE00068B940F231131E4A2049194806F0F6F8D6
:108DF0001A491F4806F0F2F840F23111E0E786F315
:108E00001188BFF36F8F3846F8BD204609F05CFE2D
:108E1000204609F06FFE20462946FFF71FFB044657
:108E20000E4801F055FA0028DBD086F31188BFF315
:108E30006F8F002CE7D04FF0FF324FF0FF3305F17A
:108E40000800FFF70DF9DEE752F503007CF403009C
:108E50005191030004F5030073C40300D86D002092
:108E6000B6A10300E3A10300F8A103000EA20300D2
:108E700025A203007FB50B9E04460F2E2FD1234859
:108E8000834230D104F15800C4E916000C98002543
:108E900020730420073222F00702C4E91E12A673D1
:108EA0008E180A9A6073C4E90655A560E573C4F884
:108EB00080500292099A20460192089A0092324606
:108EC000EDF718F9124B65659B6884F870500BB18B
:108ED000D3F884303046C4F8843004B070BD06F155
:108EE00010001E28CED94FF401730A4A0A490B48D4
:108EF00006F074F831460A486FF00F030E2206F0B0
:108F00006DF84FF40171034806F05FF8A575020093
:108F1000A06D002067F503008AF50300519103005E
:108F20000AF60300F0B587B00446DDE91276EFF3E8
:108F3000058575B1194940F29123194A194806F07F
:108F40004DF8194806F04AF840F29121144806F00D
:108F50003CF80595109D04950F9D03950E9D029577
:108F60000D9D01950C9D0095FFF784FFB6F1FF3F25
:108F700008BFB7F1FF3F05D056EA070305D12046E9
:108F800000F092FE204607B0F0BD3A46334607494E
:108F900004F1180001F004FAF4E700BFB7F303008E
:108FA00067F50300519103003BF60300F12B03002A
:108FB0006FF00A01094A9368C3F88C100849C3F896
:108FC00088004B6843F080534B60002383F3118883
:108FD000BFF36F8F9368D3F88C007047A06D0020AB
:108FE00000ED00E038B590F90D200146002A437BE2
:108FF00011DA03F07F0343731B4B984209D11B49DD
:109000001B4856231B4A05F0E9FF5621194805F075
:10901000DCFF09F0BDFD184D2A4652F81C4FAB6825
:10902000944200D004B9EC688B4214D05BB9134968
:10903000D623134A0E4805F0D1FF124805F0CEFFA3
:10904000D6210F48E3E75A7BD20604D1DA897F2A7A
:1090500001D9A2692AB1A34202D0204601F09EF8AC
:109060002346AB6138BD00BF0043002082F60300F9
:109070005191030060F60300A06D0020CFF60300BD
:10908000A3F60300B0B0030008B583684BB90949E3
:1090900009489923094A05F0A1FF9921074805F0DD
:1090A00094FF09F075FD437B23F002034373002313
:1090B000836008BDC7F203005191030084F20300EE
:1090C00070B590F90D20437B002A55DBD90653D1AA
:1090D0008269002A50D163F07F034373284B984282
:1090E00009D1284928484F23284A05F077FF4F2106
:1090F000264805F06AFF264C224652F81C3F934250
:109100002AD1216AC0E900210860206211E0994259
:10911000F8D01B68002BF5D090F90E5093F90E6033
:10912000B542F4D0AE42F2DD5968C0E900310860C2
:109130005860E569954200D005B9E568A3686BB948
:109140001449D623144A104805F048FF134805F087
:1091500045FFD6211048CCE7216ADBE75A7BD206CF
:1091600004D1DA897F2A01D9AA6932B1AB4202D08F
:10917000284601F013F8A56170BDA361FCE700BFAC
:109180000043002082F603005191030060F60300C3
:10919000A06D0020CFF60300A3F60300B0B00300DB
:1091A00070B590F90D200146002A437B314C10DA4E
:1091B00003F07F03A042437309D12F4956232F4A5E
:1091C0002F4805F00BFF56212C4805F0FEFE09F054
:1091D000DFFC4B7BA14263F07F034B7307D1264931
:1091E0004F23264A264805F0F9FE4F21ECE7254C8F
:1091F000224652F81C3F206A934207D1C1E9002061
:109200000160216211E09842F8D01B68002BF5D074
:1092100091F90E5093F90E60B542F4D0AE42F2DDF2
:109220005868C1E9003001605960E569A36895425A
:1092300000D005B9E5688B4214D05BB91249D6233A
:10924000124A0F4805F0CAFE114805F0C7FED621A4
:109250000E48BAE75A7BD20604D1DA897F2A01D9AF
:10926000AA692AB1AB4202D0284600F097FF2B46EC
:10927000A36170BD0043002082F6030060F6030086
:1092800051910300A06D0020CFF60300A3F6030068
:10929000B0B0030038B50446EFF31185402383F3E3
:1092A0001288BFF36F8F174801F004F868B988235C
:1092B000154A1649164805F091FE1249154805F061
:1092C0008DFE8821104805F080FE0E4801F016F84A
:1092D0002046FFF7F5FE0B4800F0FAFF68B940F2B0
:1092E0003113094A0C490A4805F078FE05490B4834
:1092F00005F074FE40F23111E4E785F31188BFF305
:109300006F8F38BDDC6D0020B6A10300E3A1030020
:1093100051910300F8A103000EA2030025A203004F
:1093200038B50446EFF31185402383F31288BFF369
:109330006F8F184800F0BEFF68B98823164A174996
:10934000174805F04BFE1349164805F047FE8821E3
:10935000114805F03AFE0F4800F0D0FFA36813B1A2
:109360002046FFF791FE0B4800F0B2FF68B940F2CB
:109370003113094A0C490A4805F030FE05490B48EB
:1093800005F02CFE40F23111E2E785F31188BFF3BE
:109390006F8F38BDDC6D0020B6A10300E3A1030090
:1093A00051910300F8A103000EA2030025A20300BF
:1093B00070B504460D46EFF31186402383F31288FF
:1093C000BFF36F8F214800F075FF68B98823204AEA
:1093D0002049214805F002FE1C49204805F0FEFD09
:1093E00088211B4805F0F1FD184800F087FF002395
:1093F00094F87010627B84F8703091B18DB113488D
:1094000000F066FFE8B940F23113114A14491248DE
:1094100005F0E4FD0D49134805F0E0FD40F231117F
:10942000DFE712F0280FEAD1A36813B12046FFF757
:109430002BFE637B204623F004036373FFF740FE9B
:10944000DDE786F31188BFF36F8F70BDDC6D002000
:10945000B6A10300E3A1030051910300F8A10300AA
:109460000EA2030025A203002DE9F047DFF800A1BA
:10947000344D1746DDE90898DAF80820324BA84247
:1094800004460E461A600BD13049314840F26D2334
:10949000304A05F0A3FD40F26D212E4805F095FD00
:1094A000EFF31183402383F31288BFF36F8F2846B5
:1094B00000F000FF60B98823274A2849244805F0B6
:1094C0008DFD2946264805F089FD88212248E5E7DB
:1094D000284600F013FFDAF808503946284609F00C
:1094E0005FFBB8F1FF3F08BFB9F1FF3F06D04A4626
:1094F00043461C4905F1180000F052FF204600F0D9
:10950000E7FE68B9184940F26B13134A104805F09A
:1095100065FD2146154805F061FD40F26B11D5E768
:10952000084800F0D5FE40B90F4940F26B130A4AD3
:10953000074805F053FD0349ECE73046BDE8F04726
:10954000FFF736BDDC6D0020E06D0020F6F603006D
:109550005191030060F60300B6A10300E3A10300EC
:10956000F8A10300F12B03000EA2030025A20300C3
:10957000A06D002070B50546EFF31186402383F3FC
:109580001288BFF36F8F1B4800F094FE68B98823E0
:10959000194A1A491A4805F021FD1649194805F0DB
:1095A0001DFD8821144805F010FD124800F0A6FEAC
:1095B0002C68A54215D014B12046FFF765FD0D4873
:1095C00000F086FE78B940F231130B4A0E490C4880
:1095D00005F004FD07490D4805F000FD40F231118A
:1095E000E0E70024EBE786F31188BFF36F8F204696
:1095F00070BD00BFDC6D0020B6A10300E3A1030035
:1096000051910300F8A103000EA2030025A203005C
:10961000F8B504460D46EFF31187402383F3128813
:10962000BFF36F8F3C4800F045FE064660B98823C3
:109630003A4A3B493B4805F0D1FC37493A4805F0E6
:10964000CDFC8821354815E0334800F057FE637B98
:10965000DA0611D1A2697AB903F07F036373334B41
:109660009C421ED132492F485623324A05F0B6FC9F
:109670005621304805F0A9FC0026A573264800F0C5
:1096800027FE002841D140F23113244A2A492548B7
:1096900005F0A4FC2049294805F0A0FC40F2311156
:1096A000D0E769B2264D204609F072FA2A46637B5C
:1096B000A17363F07F03637352F81C3F934222D17E
:1096C000286AC4E9002004602C620FE08342F8D0CD
:1096D0001B68002BF5D093F90EC06145F6D08C4580
:1096E000F4DD5968C4E900310C605C60EC699442B7
:1096F00000D004B9EC68AB689C4202D0204600F070
:109700004DFDAC61BAE7286AE3E787F31188BFF340
:109710006F8F3046F8BD00BFDC6D0020B6A103009E
:10972000E3A1030051910300F8A1030000430020CE
:1097300082F6030060F603000EA2030025A20300D8
:10974000A06D002070B504460D46F9B9EFF305860B
:10975000E6B91A4B9A699B689A4217D000F0B8FD97
:1097600078B940F26B13164A1649174805F036FCD3
:109770002146164805F032FC40F26B11104805F006
:1097800024FC3046BDE87040FFF712BC204600F0D4
:109790009FFD68B940F23113094A0A490A4805F0A9
:1097A0001DFC2146094805F019FC40F23111E5E79E
:1097B00085F31188BFF36F8F70BD00BFA06D0020CF
:1097C000B6A103000EA203005191030025A20300DD
:1097D000034648B9EFF3058232B9064A91699268A7
:1097E000914201D0FFF7E4BB83F31188BFF36F8F81
:1097F000704700BFA06D002010B5EFF31184402327
:1098000083F31288BFF36F8F264800F053FD60B9D1
:109810008823254A2549264805F0E0FB21492548AB
:1098200005F0DCFB8821204810E01E4800F066FDB2
:10983000EFF3058363B120498F23204A1C4805F0CC
:10984000CDFB1F4805F0CAFB8F211C4805F0BDFB6E
:109850001C4B9A68D37B012B0AD11B499023174AD2
:10986000134805F0BBFB164805F0B8FB9021ECE768
:10987000013BD3730B4800F02BFD68B940F2311364
:10988000094A12490A4805F0A9FB0649104805F0A3
:10989000A5FB40F23111C6E784F31188BFF36F8F47
:1098A00010BD00BFDC6D0020B6A10300E3A10300E2
:1098B00051910300F8A10300B7F3030084F2030001
:1098C000B0B00300A06D00202FF703000EA203002C
:1098D00025A2030070B5EFF31186402383F31288AD
:1098E000BFF36F8F374800F0E5FC60B98823364A34
:1098F0003649374805F072FB3249364805F06EFBB1
:109900008821314813E0344D2E4800F0F7FCAB6855
:10991000DA7B72B9314940F2FE23314A2C4805F016
:109920005DFB304805F05AFB40F2FE212C4805F063
:109930004CFBEFF3058161B12B4940F2FF23284A2C
:10994000234805F04BFB274805F048FB40F2FF2178
:10995000ECE70132DA732A4652F81C4F944200D0E9
:1099600004B9EC685A7BD20604D1DA897F2A01D97E
:10997000A2692AB1A34202D0204600F00FFC234680
:109980001048AB6100F0A4FC68B940F231130E4AF4
:1099900016490F4805F022FB0A49154805F01EFB41
:1099A00040F23111ADE786F31188BFF36F8FEFF30B
:1099B0001180402383F31288BFF36F8FBDE870409E
:1099C000FFF706BFDC6D0020B6A10300E3A1030092
:1099D00051910300F8A10300A06D002060F703007F
:1099E00060F60300B0B00300B7F303000EA203005B
:1099F00025A20300024B03F11C02C3E907227047B2
:109A0000A06D002070B5EFF3058373B1394940F2C2
:109A10001443394A394805F0E1FA394805F0DEFACD
:109A200040F21441344805F0D0FAEFF31186402398
:109A300083F31288BFF36F8F324800F03BFC60B9AC
:109A40008823314A31492D4805F0C8FA2D4930485C
:109A500005F0C4FA88212C48E5E72E4C294800F08F
:109A60004DFCA168206A0B68814214BF1A4600228F
:109A700049680B605960A368216A2AB9264AC3E97C
:109A800000210B6023620CE093F90E0092F90E5056
:109A9000A84225D0854223DD5168C3E900210B602F
:109AA0005360E5691C4B9D4200D005B9E568A36889
:109AB0009D4202D0284600F071FB1248A56100F0DB
:109AC00007FC88B940F26B130F4A14490B4805F0A4
:109AD00085FA0C49124805F081FA40F26B11BAE799
:109AE0008A42CBD01268C8E73046BDE87040FFF725
:109AF0005FBA00BFB7F3030060F6030051910300A3
:109B0000B0B00300DC6D0020B6A10300E3A10300A8
:109B1000F8A10300A06D0020BC6D00200EA2030080
:109B200025A203002DE9F04105460E46EFF305841A
:109B300074B1354940F22F43344A354805F04EFAA6
:109B4000344805F04BFA40F22F41304805F03DFA19
:109B500050EA010304D1FFF755FF2046BDE8F0812C
:109B6000831C71F1FF331ADB09F07CF82C18EFF33A
:109B70001188402383F31288BFF36F8F264800F0CB
:109B800099FB80B98823254A2549214805F026FA02
:109B90002149244805F022FA88212048D6E76FF0B1
:109BA0000104241AE3E7204F1B4800F0A7FBB86824
:109BB0001E4B1860FFF716FAB8682A46334618306D
:109BC0001B4900F0EDFBBA681348537B43F00403D4
:109BD000537300F07DFB68B940F26B130F4A1549CF
:109BE0000B4805F0FBF90C49134805F0F7F940F272
:109BF0006B11D2E74046FFF7DBF909F033F8201A82
:109C000020EAE070AAE700BFB7F3030060F60300A4
:109C100051910300B0B00300DC6D0020B6A1030039
:109C2000E3A10300F8A10300A06D0020E06D002077
:109C3000F12B03000EA2030025A20300F8B507468E
:109C40000E46EFF3058474B1134940F25B43134AA7
:109C5000134805F0C3F9134805F0C0F940F25B4121
:109C60000E4805F0B2F9FFF75DFFB6F1FF3F08BF00
:109C7000B7F1FF3F05460CD04FF47A7647F6112036
:109C8000214647F612220023C5FB0601E2F7F0FC4D
:109C9000F8BD4FF0FF30FBE7B7F3030060F60300B9
:109CA00051910300B0B0030038B50446183000F0FD
:109CB0003BFCEFF31185402383F31288BFF36F8FD2
:109CC0001F4800F0F7FA68B988231E4A1E491F484A
:109CD00005F084F91A491E4805F080F988211948D1
:109CE00005F073F9164800F009FB637B5A0711D49D
:109CF000134800F0EDFAE8B940F23113114A154962
:109D0000124805F06BF90E49134805F067F940F267
:109D10003111E4E723F0040320466373FFF7D0F921
:109D2000EFF30583002BE3D12946BDE83840044812
:109D3000FFF708BD85F31188BFF36F8F38BD00BFF3
:109D4000DC6D0020B6A10300E3A1030051910300E4
:109D5000F8A103000EA2030025A20300014B98689E
:109D6000704700BFA06D00202DE9F8430446EFF3D3
:109D70001187402383F31288BFF36F8F6B4800F085
:109D800099FA68B988236A4A6A496B4805F026F946
:109D900066496A4805F022F98821654805F015F9F9
:109DA000624800F0ABFA267B16F0010624D05F482B
:109DB00000F08EFA68B940F231135D4A60495E489E
:109DC00005F00CF959495F4805F008F940F23111E6
:109DD000E3E787F31188BFF36F8F40F235535A4A98
:109DE0005A49554805F0FAF82146594805F0F6F861
:109DF00040F235515448D1E7637B1A070AD54B48E6
:109E000000F066FA0028D6D087F31188BFF36F8F71
:109E1000BDE8F883D90943F0080262D16273A368F0
:109E200013B12046FFF730F904F1180000F07CFB75
:109E3000A56D04F15808A84511D04FF0000975B17F
:109E40002846FFF721F905F1180000F06DFB2846C0
:109E5000C5F88C90FFF734F9A56DA845EFD13D4DBD
:109E6000AB689C4204D1EFF30586003E18BF012683
:109E7000D5F81C80384A904502D0B8F1000F01D1C6
:109E8000D5F80C80434502D0404600F087F92046C3
:109E9000C5F81880ECF74EF956B140F201132F4E79
:109EA000B38100233046C6E91E3300F08FFEAE605A
:109EB000AB689C42A3D1EFF30583002B9FD11B48D5
:109EC00000F006FA08BB40F26B13194A1C491A4805
:109ED00005F084F815491B4805F080F840F26B1135
:109EE0005BE703F07F0343F0080363731C4B9C4262
:109EF00007D11C495623144A0F4805F06FF8562124
:109F000078E7204608F044FE89E73846FFF750F826
:109F1000154940F2B5130C4A074805F05FF813489D
:109F200005F05CF840F2B51164E700BFDC6D00207D
:109F3000B6A10300E3A1030051910300F8A10300BF
:109F40000EA2030025A2030060F603006E94030036
:109F500091F70300A06D0020BC6D0020A8450020F3
:109F60000043002082F60300B0F70300BBF70300B4
:109F70002DE9F843064688461746EFF3118940233A
:109F800083F31288BFF36F8F214800F093F90546E1
:109F900068B988231F4A2049204805F01FF81C494A
:109FA0001F4805F01BF888211A4805F00EF81848DC
:109FB00000F0A4F93468A6421FD004B32046C4F8C8
:109FC0008C806761FFF760F804F1180000F0ACFACC
:109FD0002046FFF775F80E4800F07AF988B940F28C
:109FE00031130C4A0F490D4804F0F8FF08490E4898
:109FF00004F0F4FF40F23111D6E70025EBE72546E7
:10A00000E9E789F31188BFF36F8F2846BDE8F8832D
:10A01000DC6D0020B6A10300E3A103005191030011
:10A02000F8A103000EA2030025A20300D3B5DDE9C9
:10A030000667089CCDE90067FFF716FA1CB1034BD1
:10A040009B685B69236002B0D0BD00BFA06D00209B
:10A050002DE9F84306460F469046EFF31189402359
:10A0600083F31288BFF36F8F1F4800F023F968B99C
:10A0700088231E4A1E491F4804F0B0FF1A491E4893
:10A0800004F0ACFF8821194804F09FFF164800F047
:10A0900035F93468A6421CD10025134800F018F9A0
:10A0A000D0B940F23113114A1449124804F096FF16
:10A0B0000D49134804F092FF40F23111E3E74146A5
:10A0C0002046B84705460028E7D17368A342E3D08D
:10A0D0002468002CF3D1DFE789F31188BFF36F8F79
:10A0E0002846BDE8F88300BFDC6D0020B6A1030060
:10A0F000E3A1030051910300F8A103000EA20300A5
:10A1000025A2030008B568B10F4B98420AD303F1AA
:10A110001802904206D21822C01AB0FBF2F302FBDA
:10A1200013034BB109490A4838230A4A04F056FF81
:10A130003821084804F049FF0122074BC01058435A
:10A14000064B1A5408BD00BF8046002005F80300E6
:10A1500051910300DDF70300ABAAAAAAD0C00020EA
:10A16000C3897F2B12D80A4B1B6863B1094B90F946
:10A170000E201B689A4209DB437BDB0606D1064BA7
:10A18000C31A18BF012303F0010070470023FAE748
:10A19000E86D0020E46D00200043002070B50E4BF8
:10A1A0000E4C1E7C054606EB460304EBC30420461A
:10A1B00000F0BAF900220A4B28469A55FFF7D0FF63
:10A1C00048B1084B2046BDE870401A680649013A7C
:10A1D000D31700F0E5B870BDA06D002080460020C8
:10A1E000D0C00020E86D002005A1020038B5EFF3D3
:10A1F0001185402383F31288BFF36F8F234800F04B
:10A2000059F868B98823224A2249234804F0E6FE17
:10A210001E49224804F0E2FE88211D4804F0D5FEC4
:10A220001A4800F06BF81E4B1E4A9C681068A0424A
:10A2300013D1FFF7B3FF154800F04AF808BB40F20E
:10A240003113134A1849144804F0C8FE0F4917483F
:10A2500004F0C4FE40F23111DFE700211B7C1160E5
:10A26000134AD35C002BE6D02046FFF779FF002885
:10A27000E1D0637BDB0602D12046FEF791FF20464A
:10A28000D7E785F31188BFF36F8F38BDDC6D0020F1
:10A29000B6A10300E3A1030051910300F8A103005C
:10A2A000A06D0020E06D00200EA2030025A2030097
:10A2B000D0C00020006838B1044B00F003001B7CC4
:10A2C000C01A18BF0120704701207047A06D002000
:10A2D000002302680360EFF30581074B19B1996809
:10A2E000497BC90706D4197C98680843831A5842E9
:10A2F0005841704701207047A06D0020024B1A7C26
:10A300009B68134303607047A06D0020074808B5A1
:10A31000074A0849121A08F036FBBDE8084006480B
:10A32000064A0749121A08F02EBB00BF4000002061
:10A33000180F0020C0FE0300400000204000002055
:10A34000C0FE0300024B1868984208BF0020704707
:10A350007C0A0020034B1B680BB9F5F7C1BE002037
:10A36000704700BFEC6D002030B570B10B4B5B68DF
:10A3700098420AD0036843B1D3E90421D0E90445E7
:10A38000121941EB0501C3E90421D0E90032136041
:10A390005A600023C0E9003330BD00BF7C0A0020B2
:10A3A000B3F1FF3F08BFB2F1FF3F2DE9F04704468C
:10A3B00092461D46164600F09B80D0F80080B8F10A
:10A3C000000F0CD04B496E234B4A4C4804F006FE5C
:10A3D0004B4804F003FE6E21474804F0F6FD81600F
:10A3E000EFF31187402383F31288BFF36F8F454843
:10A3F000FFF760FF60B98823434A44493F4804F0AF
:10A40000EDFD4049424804F0E9FD88213E48E4E77B
:10A410003C48FFF773FFBAF1FF3F75F1FF3321DAD4
:10A420006FF001033B49D1E900209B1A4FF0FF3246
:10A4300062EB0000B3EB0A0660EB0500012E70F141
:10A44000000301DA01264046C4E90460324EFFF7FA
:10A4500079FFD6F804C070B9C4E9006CCCF80040AC
:10A4600074601AE0FFF776FF013645F100053618F3
:10A4700045EBE070E8E7D0E90425D4E904319342E4
:10A4800071EB050E27DAD21A436865EB0105C0E9C6
:10A490000425C4E900031C604460FFF753FF8442B5
:10A4A00007D11E4B1C6824B908F0C3FB2146F5F701
:10A4B0002DFE1448FFF70CFFB0B940F23113124AD9
:10A4C00017490E4804F08AFD0E49164804F086FD2F
:10A4D00040F231119AE79B1A61EB05016045C4E92E
:10A4E0000431B9D00068B6E787F31188BFF36F8FE6
:10A4F000BDE8F087DAF90300B6F9030051910300D3
:10A50000B0B00300F06D0020B6A10300E3A103008A
:10A51000F8A10300984600207C0A0020EC6D002082
:10A520000EA2030025A2030070B50446EFF31186C6
:10A53000402383F31288BFF36F8F2048FFF7BAFEE2
:10A5400068B988231E4A1F491F4804F047FD1B496C
:10A550001E4804F043FD8821194804F036FD1748D1
:10A56000FFF7CCFE2368FBB1FFF7ECFE0546204663
:10A57000FFF7FAFEA54204D108F05BFB0021F5F7D6
:10A58000C5FD00240D48FFF7A3FE80B940F231134A
:10A590000B4A0F490C4804F021FD08490D4804F00E
:10A5A0001DFD40F23111D7E76FF01504EAE786F39D
:10A5B0001188BFF36F8F204670BD00BFF06D002083
:10A5C000B6A10300E3A1030051910300F8A1030029
:10A5D0000EA2030025A203002DE9F04D0446EFF37F
:10A5E0001186402383F31288BFF36F8F4248FFF731
:10A5F00061FE68B98823414A4149424804F0EEFCB3
:10A600003D49414804F0EAFC88213C4804F0DDFC67
:10A61000DFF804813848FFF771FEC8F80040FFF703
:10A6200091FE4FF0000A04464FF0000B374FD8F868
:10A630000030D7E9001CD81754B1D4E90452AB421A
:10A6400070EB020E1DDAED1A62EB0002C4E904524F
:10A6500000245B184CEB0000C7E90030C8F800404C
:10A6600008F0E7FA2146F5F751FD2348FFF730FEE1
:10A67000A8B186F31188BFF36F8FBDE8F04DFFF7E7
:10A68000B5BD69184CEBE5732046C4E904ABC7E9D6
:10A690000013FFF769FE1848FFF71AFE68B940F289
:10A6A0003113164A1A49174804F098FC1249194800
:10A6B00004F094FC40F23111A7E786F31188BFF350
:10A6C0006F8F2046A3689847EFF31186402383F3EA
:10A6D0001288BFF36F8F0848FFF7ECFD002889D080
:10A6E0000548FFF70BFED8F800305B1BC8F80030B8
:10A6F000FFF728FE04469AE7F06D0020B6A103009C
:10A70000E3A1030051910300F8A103009846002043
:10A710000EA2030025A20300EC6D002070B5EFF33C
:10A720001186402383F31288BFF36F8F1A48FFF717
:10A73000C1FD68B98823194A19491A4804F04EFC2A
:10A740001549194804F04AFC8821144804F03DFCDE
:10A750001148FFF7D3FDFFF7FDFD144AD2E900458C
:10A76000041945EBE0750C48FFF7B2FD68B940F2FB
:10A7700031130A4A0E490B4804F030FC06490D48D3
:10A7800004F02CFC40F23111DFE786F31188BFF3AF
:10A790006F8F2046294670BDF06D0020B6A10300E2
:10A7A000E3A1030051910300F8A1030098460020A3
:10A7B0000EA2030025A20300F8B50446EFF31187AB
:10A7C000402383F31288BFF36F8F4F48FFF772FD6A
:10A7D00068B988234D4A4E494E4804F0FFFB4A4968
:10A7E0004D4804F0FBFB8821484804F0EEFB464846
:10A7F000FFF784FD226892B14348FFF769FD002806
:10A800007DD140F23113414A4449424804F0E6FB0D
:10A810003D49434804F0E2FB40F23111E4E7D4E95A
:10A820000A36581C46F10001022871F1000127D3B5
:10A83000012B76F10001BCBF012316465D1E46F1D7
:10A84000FF3608F013FA013041F10001401946EBE0
:10A850000101012871F100014CDB08F007FA013019
:10A8600041F100016FF00102401946EB01034FF086
:10A87000FF31121A61EB030320462A49FFF790FDCE
:10A88000236B01332363236AD3B11F48FFF720FDF5
:10A890000028B6D087F31188BFF36F8F2046236A54
:10A8A0009847EFF31187402383F31288BFF36F8F2C
:10A8B0001548FFF7FFFC00288BD01348FFF71EFD5B
:10A8C00054F8185FA54297D0002D95D02846FEF782
:10A8D00027FD00230C48C5F88C30FFF7F9FC002851
:10A8E0008FD087F31188BFF36F8F2846BDE8F840FB
:10A8F000FEF7D0BC6FF001024FF0FF33BCE787F3E7
:10A900001188BFF36F8FF8BDF46D0020B6A103006E
:10A91000E3A1030051910300F8A103000EA203007C
:10A9200025A20300B9A702002DE9F8430646144604
:10A930001D4691469846EFF31187402383F3128812
:10A94000BFF36F8F2848FFF7B5FC68B98823274A03
:10A950002749284804F042FB2349274804F03EFBDE
:10A960008821224804F031FB1F48FFF7C7FCB5F1EE
:10A97000FF3F08BFB4F1FF3F11D11B48FFF7A8FC10
:10A9800060BB40F23113194A1C491A4804F026FBF7
:10A9900015491B4804F022FB40F23111E1E7631C2A
:10A9A00075F1FF330ADB012C75F100032246BCBFB1
:10A9B0000122002512F1FF3945F1FF383046FFF73B
:10A9C000B3FDDDE90823C6E90A2300234A463363C1
:10A9D000304643460B49FFF7E3FCCEE787F3118887
:10A9E000BFF36F8FBDE8F883F46D0020B6A10300BC
:10A9F000E3A1030051910300F8A103000EA203009C
:10AA000025A20300B9A7020070B504460D46EFF376
:10AA10001186402383F31288BFF36F8F1C48FFF722
:10AA200049FC68B988231B4A1B491C4804F0D6FA24
:10AA300017491B4804F0D2FA8821164804F0C5FAD9
:10AA40001348FFF75BFC2068844209D0D0E900324C
:10AA500013605A6000232946C0E9003308F075F9F5
:10AA60000B48FFF735FC68B940F23113094A0D492C
:10AA70000A4804F0B3FA06490B4804F0AFFA40F272
:10AA80003111DAE786F31188BFF36F8F70BD00BF15
:10AA9000F86D0020B6A10300E3A10300519103006B
:10AAA000F8A103000EA2030025A2030070B504461E
:10AAB0000D46EFF31186402383F31288BFF36F8FA7
:10AAC0002148FFF7F7FB68B98823204A204921482D
:10AAD00004F084FA1C49204804F080FA88211B48BD
:10AAE00004F073FA1848FFF709FC01212068E560BB
:10AAF0008442A16011D11448FFF7EAFBE8B940F2A3
:10AB00003113124A1549134804F068FA0E491448E3
:10AB100004F064FA40F23111E1E7D0E90032136049
:10AB20005A600023C0E9003308F00FF931460446AB
:10AB30000548FEF707FE204670BD86F31188BFF377
:10AB40006F8F0024F7E700BFF86D0020B6A1030067
:10AB5000E3A1030051910300F8A103000EA203003A
:10AB600025A2030004322DE9734306460D4620D288
:10AB70004FF000084FF0000941F00401CDE90089D1
:10AB8000FCF7AEFA0446A0B144F8046B95B16B1E15
:10AB90001C420FD02523094A09490A4804F01EFA2D
:10ABA000214609482A4604F019FA2521034804F0F1
:10ABB0000CFA0024204602B0BDE8708312FB0300AB
:10ABC00036FB03005191030068FB0300014BC0F802
:10ABD00084307047300C002038B504460D4607F02D
:10ABE000CCFF28B9064B9B68D3F884300BB938BD2D
:10ABF000044B2A4621461846BDE83840FFF7B2BF4D
:10AC0000A06D0020300C002001680E4A03469142DE
:10AC100015D1C169A2F11022A2F1EF1291420ED119
:10AC20008268012A0BD8C26812B101698A4206D033
:10AC3000586928B19B691B1A584258417047012036
:10AC4000704700BF55AA00FF70B50D4B9E68A6B1B6
:10AC50003046FFF7D9FF044678B9F3686BB9356918
:10AC60000DB9204670BD2846FFF7CEFF28B9EB6826
:10AC7000B34202D12E462D69F2E70124F1E700BF6D
:10AC8000FC6D00202DE9F041444B454C05461B6806
:10AC900020468846984718B100242046BDE8F08138
:10ACA000A4F1140754F8144CFB68DCB1BC68CCB1B7
:10ACB000002D66D0B8F1000F65D008FB05F6B6FB95
:10ACC000F5F5A84561D1311D5FD8B20711D026F046
:10ACD000030204321C4603E06168914257D2A46922
:10ACE000002CF9D12F4B2E481B6898470028D4D050
:10ACF000D2E73246EEE7891A232904F120051CD851
:10AD00000123A360D4E90523AAB19361A3690BB120
:10AD100062695A610023C4E905333B69DB0703D547
:10AD2000FFF792FF002835D13246002128462C46F5
:10AD300008F0C3FFD6E7FB60E8E702F1200C04EB64
:10AD40000C032039C3E90110DC6021691648196140
:10AD500044F80C00A0F11020A0F1EF10D86101B16F
:10AD6000CB6061695961A069986141B18B61996952
:10AD700001B14B6101212361C4E90121CAE7FB60F4
:10AD8000F5E72C46AEE74446ACE70446AAE7A068E0
:10AD90000028B0D0012002F0DFFA00BFB00A002086
:10ADA000106E0020AC0A002055AA00FF70B5464B7B
:10ADB000464C05461B6820469847002840F0828094
:10ADC000002D43D054F8143CA4F11406002B3DD0C0
:10ADD000B268002A3AD09D4203D3726813449D4260
:10ADE00002D3012002F0B8FAA5F120042046FFF7B3
:10ADF0000BFF0028F5D155F8183C012BF1D155F87F
:10AE0000143C45F8180C3BB39A682ABB55F81C2C27
:10AE100002F120015A680A445A6055E905321A6164
:10AE200055F8145C2B6903B1DD6020220021204617
:10AE300008F043FF286910B18368002B2ED03369D6
:10AE40009B0703D5FFF700FF0028CAD1BDE870407B
:10AE50001F4B1E481B68184755F8100C00282AD0B5
:10AE6000836843BB426863681344203363600369AB
:10AE70002361D4E905239AB9CBB943696361826937
:10AE8000A261B3B19C61A36903B15C61236903B1A1
:10AE9000DC602022002108F010FFD0E72C46E1E71B
:10AEA0009361A369002BE8D062695A61E5E7F3601A
:10AEB000F7E7F460E7E7F36845F8083C03B15C6145
:10AEC000F460BCE770BD00BFB00A0020106E002027
:10AED000AC0A002038B50C4628220021054615484A
:10AEE00008F0EBFE144B15481B68984714491548A9
:10AEF00000F038F8232C1CD915F003031FBF043CC5
:10AF0000E418C3F10403ED1822460021284608F096
:10AF1000D4FE084B0C49C3E90054203C9D606C6092
:10AF20009A6811609A68A1F11021A1F1EF11D16125
:10AF3000DA6038BDFC6D0020B40A0020106E0020DD
:10AF4000ADAD020085AC020055AA00FF014B1B68A5
:10AF5000184700BF880A0020014B1B68184700BF34
:10AF6000840A0020024B1860024B002019607047D1
:10AF7000880A0020840A002010B50A46044619B148
:10AF8000024B00211B68984710BD00BF8C0A0020AF
:10AF9000F8B50D4E0D4C0E4D33680E489847677846
:10AFA0002B680C48984733680B489847022F08D104
:10AFB0002478E31F5C425C412B6807489847204691
:10AFC000F8BD0024F8E700BFB00A0020246E00207E
:10AFD000AC0A0020EC0C0020D80C00200E4B0340E3
:10AFE000B3F1607F06D1B1F5885F14BF6FF08600C2
:10AFF00000207047B3F1707F0BD101F4E043B3F54B
:10B00000005F06D111F4E06F0CBF6FF086000020E6
:10B0100070476FF0860070470000C07F8A42F8B525
:10B0200006460C4600F0DB806F4922F4FF7323F0E4
:10B0300001038B420ED06D4B22F0FF01994209D0E3
:10B040006B4822F47F7323F00303834202D0694BE1
:10B05000994228D1684B24F0FF0199420FD114F096
:10B06000FF000BD0654B40F00070984240F0B98073
:10B0700082EA0400FF288CBF00200120F8BD5B4B52
:10B080009942ECD0A3F588539942E8D024F4FF7399
:10B0900023F00103B3F1062FE1D056488142DED000
:10B0A00053498B42DBD004F0FE43B3F1A06F14D1BF
:10B0B00002F0FE43B3F1A06F40F0938082EA0403F4
:10B0C00033F47E1340F08D8014F40040D6D0C4F3E6
:10B0D0000540C2F305429042CDE7B3F1407F6AD10B
:10B0E00002F0FE43B3F1407F7BD182EA040535F4E0
:10B0F0007E1576D131462046FFF770FF002870D1CB
:10B100003F4B12F47C1703EA02031BD0B3F1607FBC
:10B11000C2F305473FD13B49D3B243F000738B42A2
:10B120003DD003F17E43043B112B01D83649CD5C61
:10B1300014F47C1FC4F3054333D1BD4214BF002077
:10B1400001209BE7B3F1607F0DD12E49D3B243F0CC
:10B1500000738B421DD003F17E43043B112BDAD8E0
:10B160002A49CF5CD7E7B3F1707FE1D106F4E04321
:10B17000B3F5005F03D10127C6F302239F4006F415
:10B18000E043B3F5005FD3D10125C6F302218D4022
:10B19000CEE71027BFE7B3F1707FC9D1EFE71025E5
:10B1A000C6E712F47C1F01D1AB4218D022047FF510
:10B1B00065AFBB425FE7B3F1106F12D124F01F609F
:10B1C00020F4702068B902F0FE43B3F1106F7FF4F1
:10B1D00055AF0F48104040F01060A042AEE701208C
:10B1E0004CE700204AE700BF0002000600130006FB
:10B1F000000400060009000600030006FF0000022C
:10B200000000C07F0300000290FB030090FB0300DE
:10B210000000FFF62DE9F843884617461C4600F06B
:10B22000BFFB054688BBD8F80060B6F8009009F46B
:10B23000E043B3F5804FB36808BF27F0010737EA52
:10B2400003031AD10CB3254B24F0FF029A421FD1FD
:10B2500014F0FF0304D0224A43F00073934232D02B
:10B2600022464846F168FFF7D9FE074668B92246EC
:10B2700048463169FFF7D2FE70BB6FF084050023AA
:10B280003046C8F8003000F051FC2846BDE8F8838D
:10B29000144B9A42DCD0A3F588539A42D8D024F4B8
:10B2A000FF7323F00103B3F1062FD1D00E498A4278
:10B2B000CED00E4A9342CBD004F0FE43B3F1407F90
:10B2C00004D12304CCD56FF08605D8E7B3F1A06F85
:10B2D000F7D0034B9C42C2E73D46D6E70003000689
:10B2E000FF0000020013000600090006000400062B
:10B2F00070B5114B05461B6810480E46984704462A
:10B3000018B16FF08F04204670BD6B6933602B7FDE
:10B31000012B04BF02232B77094B18BF30601B6839
:10B32000064818BF6FF0960498470028EBD0002C11
:10B33000E7D06FF09604E6E7B00A0020C40C0020C6
:10B34000AC0A002038B500F0FE43B3F1407F04465C
:10B350000D4602D06FF0860038BDFFF73FFE002893
:10B36000FAD114F47C1F12D0C4F30543032B1370DD
:10B3700022D9284A2240B2F1607F3DD1264AE4B268
:10B3800044F0007494422BD1102BE5D9E2E7214B15
:10B390002340B3F1607F15D11F49E3B243F000733E
:10B3A0008B4202D110231370D6E703F17E43043B96
:10B3B000112B04D9002313706FF08500CCE71749D7
:10B3C000CB5CD3E7B3F1707FF4D101F4E043B3F584
:10B3D000005FEFD10123C1F302218B40DBB2C5E74F
:10B3E00004F17E44043C112CB4D80D4A125D934202
:10B3F000B0D8142BB0D9DFE7B2F1707FAAD105F431
:10B40000E042B2F5005FA5D10122C5F30225AA40B2
:10B41000EDE700BF0000C07F0300000290FB0300C7
:10B4200090FB030000232DE9F34113604768D0F837
:10B43000148004460E463846114607F0A7FE05461E
:10B4400088B9384607F0A4FE054660B9FFB277B95F
:10B45000B8F1000F05D1A36823F0031323F47F4351
:10B4600063B16FF08605284602B0BDE8F081012186
:10B47000606907F065FE0028EDD1F2E74FF6F8733A
:10B4800062889A4227D8154B15481B682779984738
:10B4900010B16FF08F05E6E707B901A8314600F05B
:10B4A0003DFA104B05461B680D48984710B1002D1A
:10B4B000D9D1EEE7002DD6D10FCCD6F800C0664624
:10B4C0000FC694E8070086E80700002FCBD1019B48
:10B4D000CCF81430C7E76FF08505C4E7B00A002048
:10B4E000C40C0020AC0A002010B5044660B1074B24
:10B4F00007481B689847204607F056FDBDE81040F6
:10B50000044B03481B68184710BD00BFB00A002059
:10B51000C40C0020AC0A00202DE9F04116461F465D
:10B52000002288B0038805468846CDE904220796A4
:10B530003A60002E62D0B6F1005F80F09E8023F06A
:10B54000FF03B3F5E24F02D0B3F5824F22D1284674
:10B5500007F055FC0446002840F08380EB686BB18F
:10B560006A885AB12B8803F44F41B1F5824F05D157
:10B57000DBB2222B37D02DD8122B39D042460023F4
:10B5800008EB060112F8010B914243EA0003F9D1DE
:10B59000002B33D0284605AA04A9FFF743FF044631
:10B5A000A0B9049B9B6A63B3049B41465A88284612
:10B5B000069206AA029203F1280201929A6A009268
:10B5C0005B6A324600F004FB044678B30498FFF748
:10B5D0008BFF46E0273BDBB21B2BCFD8284921FA53
:10B5E00003F3DB07CAD50732B6EBD20FC6D205E0AC
:10B5F00040F209239A42F6D1402EBFD86FF086045C
:10B600002FE06B681B0A07D10799049807F08CFCA0
:10B6100004460028C8D0D9E732464146284607AB41
:10B6200000F0A2FA04460028EED0CFE70499069B6A
:10B630004A88D2B94B804FF6F873069A04989A421A
:10B6400018D82B8813B102889A4210D16B8813B195
:10B6500042889A420BD13946FFF74AFE0446002839
:10B66000B4D1204608B0BDE8F0819A42E3D06FF033
:10B670008604ABE76FF08504A8E76FF08504F0E778
:10B680000102000C38B504460D46FFF781FC30B1CD
:10B690002A462146BDE83840024807F0A5BD6FF0B4
:10B6A000880038BD286E002070B51D4E1D4C3368D3
:10B6B0001D4898472378590744BF23F0040323709B
:10B6C00023789A0705D500F00FF9237823F00203B9
:10B6D0002370164D14482B689847336814489847D0
:10B6E000637813B1134807F082FD00230421114849
:10B6F0006370FFF741FC2B680D48984733680A4890
:10B7000098472378DB0705D507F04BFD237823F016
:10B71000010323702B680448BDE87040184700BF40
:10B72000B00A0020246E0020D80C0020AC0A0020B3
:10B73000EC0C0020286E00202DE9F041FFF728FCDA
:10B7400018B100242046BDE8F081364F36483B68EA
:10B750009847044620B16FF08F04FFF7A5FFF1E78B
:10B76000324D2B78D80706D407F019FD04462B7804
:10B7700043F001032B702E4E2B483368984710B1CD
:10B78000002CE8D0E9E7002CE7D13B682648984731
:10B7900004460028DFD12B78990706D400F09CF8E6
:10B7A00004462B7843F002032B7033681E489847F9
:10B7B0000028E5D1002CD0D13B681B4898470028D1
:10B7C000C9D13368184895F8008098470028C2D13D
:10B7D0003B681848984704460028BCD16B7843B9A9
:10B7E00018F0010F05D0144807F0FBFC02230446B3
:10B7F0006B7033680F4898470028C1D1002CACD13A
:10B800003B68094898470028A5D12B7806485A0775
:10B810005CBF43F004032B7033689847002890D036
:10B8200099E700BFB00A0020D80C0020246E002049
:10B83000AC0A0020EC0C0020286E002038B5074C24
:10B84000074B20461B689847064B204693F88055C7
:10B85000054B1B689847284638BD00BFD80C002010
:10B86000B00A00202C6E0020AC0A002000F14043FA
:10B870001F2B70B505460E460CD82C22154C02FB2A
:10B880000344237F022B02D16369834218D06FF0F7
:10B890008B001AE0012107F053FCB8B10D4B0022D8
:10B8A0001C46197F022902D15969A94205D00132EB
:10B8B000202A03F12C03F4D1E9E72C2303FB0244F3
:10B8C000204607F030FC00B9346070BD6FF087008F
:10B8D000FBE700BF2C6E00200122024B002083F802
:10B8E000802570472C6E00202DE9F0410A4C002580
:10B8F00026464FF0010803272046C4F8208027770A
:10B90000013507F051FB202D04F12C04F4D1002364
:10B9100086F88035BDE8F0812C6E0020F8B506462B
:10B920000F46FFF78BFF80B300241B4B22461D46BA
:10B93000197FD1B13CB9022905D1196A19B9197910
:10B94000002918BF1C460132202A03F12C03EFD135
:10B9500014B96FF08C0006E0204607F0E4FB2046A7
:10B9600007F022FB10B100240DE01C46237F7BB9B9
:10B970000123237736B1094B651BAD105D4305F1FB
:10B980008045356000203C60F8BD6FF08800EAE734
:10B990006FF09600E7E700BF2C6E0020A38B2EBA55
:10B9A00000232DE9F0410B6090B005460E46FFF7ED
:10B9B00045FF002800F0AF80584B59481B68984756
:10B9C000804668B931462846FFF750FF10F18C0FCA
:10B9D0000446544F0AD03B685148984710B10CB9FF
:10B9E0006FF08F04204610B0BDE8F081314640462C
:10B9F000FFF794FF044618B13B6849489847F1E7C0
:10BA00000122336801465D61336809A85A601C222F
:10BA1000356808F052F9002200236869CDE9062351
:10BA2000414A00F14043A3F580539342CDE90444D9
:10BA3000039405D9284607F0B7FA6FF0870420E091
:10BA400006AA03A900F01AFE0446002837D1039B7A
:10BA50006A690A93DBB2002B08BF00220346CDE9D6
:10BA60000000DDE906010E9209AA00F0E3F810F1EA
:10BA70008A0F044608D030680CBB07F095FA6FF0C7
:10BA8000960400233360A6E704A909A800F086F80D
:10BA90000446A0B92846049907F046FA044670B94E
:10BAA000DDE9060105AB0193AB6A09AA00936B6A55
:10BAB00000F0C0F8044648B1284607F06AFA30683A
:10BAC00007F072FA14F18C0FDBD1B6E7059B09ACD5
:10BAD000AB620FCC0FC594E8070085E80700336818
:10BAE0009A68D00413D49A68910444BF42F4006267
:10BAF0009A6033681A7F012A04BF02221A773068DD
:10BB000007F011FB044600283FF465AFB9E742F4A3
:10BB100080629A60E7E76FF0880463E7B00A00206C
:10BB2000C40C0020AC0A0020FFDFFF3F10B50B4B18
:10BB300004461B680A48984718B16FF08F042046E6
:10BB400010BD204607F00DFB064B04461B68044859
:10BB500098470028F3D0002CF1D1EEE7B00A00207E
:10BB6000C40C0020AC0A0020194610B4002443681D
:10BB70000C60084C1A0AB4EB132F02D0064B9A4201
:10BB800003D15DF8044B00F0D5B96FF086005DF885
:10BB9000044B7047004E80004B4E800010B40024D0
:10BBA00043680C60084C1A0AB4EB132F02D0074B01
:10BBB0009A4203D15DF8044B00F0BCB96FF08600E7
:10BBC0005DF8044B704700BF004E80004B4E800074
:10BBD0002DE9F04FDFF854B0D0F804E00446DDE979
:10BBE0000989BBEB1E2F0D4616461F46DDF82CA01B
:10BBF0004FEA1E2C0AD0DFF838E0F44506D0BCF13D
:10BC0000000F0FD1BDE8F04F07F0A1B93B46324617
:10BC100029462046CDE90A9ACDF82480BDE8F04FA8
:10BC200000F068BC6FF08600BDE8F08F004E800029
:10BC30004B4E8000F0B4DFF830C05468DDE90456A4
:10BC4000BCEB142F4FEA142702D0064CA74204D1B4
:10BC5000CDE90456F0BC00F0BFBC6FF08B00F0BC27
:10BC6000704700BF4B4E8000004E8000F7B5089E25
:10BC70000E4FF5B2044645F000754868BD424FEAE4
:10BC800010200DD010B10A4DA8420CD1009604F13D
:10BC9000080007F08BFB08B90523236003B0F0BD53
:10BCA0006FF08500FAE76FF08600F7E70500000205
:10BCB0004B4E8000F7B5089E0E4FF5B2044645F096
:10BCC00000754868BD424FEA10200DD010B10A4DF2
:10BCD000A8420CD1009604F1080007F069FB08B9EE
:10BCE0000523236003B0F0BD6FF08500FAE76FF025
:10BCF0008600F7E7050000024B4E800010B50C4CA3
:10BD0000206801F009FA0B4A1368591C11604BB9FD
:10BD1000094A4820D2F8003443F00703C2F800343F
:10BD2000EAF762F92068BDE8104001F00FBA00BFE1
:10BD3000940A0020B07300200080045038B5164DDE
:10BD4000286801F0E9F9154B1C68013C1C60ECB94E
:10BD50004820EAF757F90722114BC3F80823D3F814
:10BD6000002422F00702C3F80024C3F80041D3F8EE
:10BD70000021C3F80441D3F804214FF48072C3F8C2
:10BD80000841D3F80831074BC3F888212868BDE87B
:10BD9000384001F0DBB900BF940A0020B0730020E6
:10BDA0000080045000E100E070B5114D114E2B6889
:10BDB000B34212D0FFF7A2FF01F00EF90E4A0F4B6B
:10BDC0000F4952F8040B43F8040B8B42F9D101F0F0
:10BDD00041F920B9FFF7B2FF2E60002406E007F01A
:10BDE0000BFA0446FFF7AAFF002CF5D0204670BDE1
:10BDF000900A002011736500D87A030000C08051BA
:10BE00001CD380511FB5114CD4F84034012B14D0F1
:10BE1000B72000F055FA18B16FF0210004B010BD42
:10BE2000B82000F04DFA0028F6D1B92000F048FA09
:10BE30000028F1D10123C4F84034102200216846C3
:10BE400007F03BFF684607F029FEE7E70080045053
:10BE5000F8B507460D4618461C2116461C4607F045
:10BE600034FA7B682A491A0AB1EB132F1BD1294AED
:10BE70002B782261284A13F00303E26065610CD03D
:10BE8000023303F00303012B3CD87B880733DB0824
:10BE90006360224B23600020F8BD7B880733DB08FA
:10BEA00063601F4BF6E71F4B9A4228D11E4B224678
:10BEB000E3601E4B1E492361002342F8183F626174
:10BEC0007A698A4208D001318A4207D002398A420F
:10BED0000BD10123A360DEE70223FBE72021104AF8
:10BEE000C4E90333C4E90021D5E776B1022E04D1B9
:10BEF0002B78A3606B78A361CDE7C4E90333C4E971
:10BF00000056C8E76FF08400C6E76FF09600C3E7FD
:10BF10004B4E800009C702009B3503000000002043
:10BF200040008151004E800005BE0200F531030043
:10BF300003C0FF7F10B51E4C4368B4EB132F4FEACC
:10BF4000132215D142691B4B9A420CD003F5FF43D3
:10BF50007D331344012B03D80388B3F5105F24D03D
:10BF60006FF0860019E047F2121302889A42F6E752
:10BF7000114B9A42F4D1028802F44F43B3F5824F39
:10BF80000CD1438844F21210073382424FEAD303A4
:10BF900001D15B00013300200B6010BDB2F5885F5A
:10BFA00003D143880733DB08F5E70223F3E700BF3B
:10BFB000004E800001C0FF7F4B4E80004FF4807325
:10BFC0002DE9F04796B0804603A80393002407F0BC
:10BFD00088F94FF010091E4E0DF12F0525F01F05B1
:10BFE00006F1200A012210211A4807F0FBFD2B1947
:10BFF00000935246102320211548CDF8049000F0FC
:10C00000C5FD0746F8B9D6E90C321034013342F1C8
:10C010000002302CC6E90C32E4D1B8F1000F04D094
:10C0200022464146284607F0E7FD2E46084C0FCE33
:10C030000FC496E80F00203584E80F0095E80F0044
:10C04000103484E80F00384616B0BDE8F08700BF12
:10C05000A0460020C0460020F0B5184D184FAB6B2D
:10C060008DB0BB4228D0174E306801F055F8402300
:10C0700000221946284607F01DF9684607F03EF9E8
:10C08000044678B96846FFF799FF044690B9302313
:10C0900002461946684607F00DF901220023C5E95A
:10C0A0000C23AF63306801F051F8204607F0A4F884
:10C0B0000DB0F0BD0E24F5E70020F9E7A046002002
:10C0C000B4A5B4A5980A00202DE9F04F99B00DF160
:10C0D000570802F10F0982460E46144628F01F0841
:10C0E0004FEA191922B100296CD0B2F5803F69D806
:10C0F000364F374D386801F00FF8D5E90C3213434D
:10C100000BD15046FFF7A8FF834630B1386801F0E5
:10C110001DF8584619B0BDE8F08FD5E90C2319EB8E
:10C12000020243F10003B3F5803F13D302A807F0E6
:10C13000E5F8E8B902A8FFF741FF83460028E5D1FA
:10C1400030230246194602A807F0B4F80022002363
:10C15000C5E90C234FF4807302A8029307F0C1F8DD
:10C16000DFF870A03CB92046FFF728FF8346CDE7F3
:10C170006FF0920BCAE7102C4FF001024FF0100144
:10C180005046A14628BF4FF0100907F02BFD1023A1
:10C1900052462021CDE900830D4800F0F7FC83468C
:10C1A0000028B3D14A463046414607F078FDD5E92C
:10C1B0000C32013342F10002C5E90C32A4EB090450
:10C1C0004E44CFE76FF0860BA3E700BF980A00202C
:10C1D000A0460020C04600200022074BC3F81021D3
:10C1E000C3F80C21C3F80021C3F80421C3F80821C7
:10C1F000C3F81421704700BF0050045008B5FFF782
:10C20000EBFF01230360104B0A6832B9D3F80C210D
:10C210001AB9D3F80821002AF6D00B687BB90B4B6A
:10C2200099420ED0A3F58473D3F80831002B0CBFCC
:10C230004FF0FF306FF00200FFF7CEFF08BD002087
:10C24000FAE74FF0FF30F7E7005004500851045070
:10C2500070B506460D4619B34B6913F00F040CD0A8
:10C2600011495023114A124802F0B8FE114802F059
:10C27000B5FE50210D4802F0A8FE2146012005F030
:10C280005DFD0D480D49C0F80065C0F80455FFF785
:10C29000B5FF21460546204605F050FD284670BDF5
:10C2A0006FF00105FAE700BFF8FB0300A9FB0300EC
:10C2B0005191030021FC0300005004500051045030
:10C2C000034B0449C3F800050348FFF797BF00BFBD
:10C2D00000500450045104500450045010B504465A
:10C2E0000021012005F02AFD064B0749C3F800454F
:10C2F0000648FFF783FF00210446084605F01EFDAF
:10C30000204610BD005004500851045008500450FD
:10C3100038B50C4659B1074D0749C5F8000507481F
:10C32000FFF76CFF10B9D5F80835236038BD6FF002
:10C330000100FBE700500450105104500C50045011
:10C340002DE9F843089D994605F0FE43B3F1407F7F
:10C3500088460446114609D038493948AB23394A42
:10C3600002F03CFEAB21374802F02FFE0368002BA1
:10C370005BD115F47C1705602BD0C5F30547324B14
:10C3800025F47E159D42676052D1B8F80030B3F5B0
:10C39000105F4DD1A9F11003102B4CD804F59C75FA
:10C3A0004A46284604F58E7607F079FC4A4633461D
:10C3B00029464046FFF74CFD024698BB314604F142
:10C3C000200000F035FC024638B3BDE8F84306F023
:10C3D00013BF1E4B2B40B3F1607F0DD11C4BEEB24F
:10C3E00046F000769E4216D006F17E46043E112E9F
:10C3F000C5D8184B9F5DC2E7B3F1707FBFD1B8F8C5
:10C40000003003F4E042B2F5005FB8D10127C3F376
:10C4100002239F40B3E71027B1E71023A360012355
:10C4200084F818311046BDE8F8836FF08802F9E708
:10C430006FF08502F6E76FF08602F3E77EFC0300FB
:10C440005191030033FC03000002C0030000C07FD1
:10C4500003000002CBFC030010B404684CB16AB1C5
:10C46000094B24F47E149C420AD15DF8044B06F07B
:10C47000A1BF6FF088005DF8044B70471046FAE7E3
:10C480006FF08500F7E700BF0002C003F8B51E4655
:10C49000036805460F460BB319B312B341689142C6
:10C4A00022D8134A23F47E13934211D106F04FFF92
:10C4B000044678B905F10C0138466A6807F0EFFBCD
:10C4C0006B684FF40A712846336006F0FEFE03E005
:10C4D0006FF09604002333602046F8BD6FF08804A7
:10C4E000FAE76FF08604F7E76FF08904F4E700BF1E
:10C4F0000002C0032DE9F04F8BB00446DDE914784B
:10C50000894692461D46169E5BB92D4940F26A3314
:10C510002C4A2D4802F062FD40F26A31294802F0AF
:10C5200054FDB8F1000F09D1284940F26B33254A78
:10C53000254802F053FD40F26B31EFE74EB9244934
:10C540004FF45B731F4A204802F048FD4FF45B71C3
:10C55000E4E700233360C8F800305FB342681D4B46
:10C56000B3EB122F29D102A9D0F814B0FFF7E2FCE7
:10C570000146C0B9029BBB4219D85FFA8BFB5946F2
:10C5800053464A46204600F0C9F8014658B92B46A2
:10C590005846CDE9007803AA00F026FA014610B902
:10C5A000BDF80E30336008460BB0BDE8F08F6FF079
:10C5B0008901F8E76FF08601F5E76FF08501F2E792
:10C5C0003FFD0300DDFC0300519103004AFD030021
:10C5D0005CFD03004B4E80002DE9F34150EA010E53
:10C5E0000546DDE9088714461E460DD010F1FF3ED2
:10C5F00041F1FF3CBEF1020F7CF1000C1BD302B0F5
:10C60000BDE8F04100F0F0B91849194B1046C2E9F5
:10C610000013184B4FF47051D36006F03FFF01A98F
:10C62000FFF788FC20B9019B434519D96FF08900B9
:10C6300002B0BDE8F081104A0D4B4FF44041C4E90F
:10C6400000234FF008232046E36006F027FF01A9EE
:10C65000FFF770FC0028EBD1019B4345E6D8E8B218
:10C660003B60307000207070E2E700BF1271000183
:10C6700003004E80090600060024000170B40D4E30
:10C680000C46B042154608D00136B0420ED0023EEC
:10C69000B0420DD070BC00F085B901220023C5E97D
:10C6A0000023054B0020236070BC70470222F5E791
:10C6B0000022F3E702C0FF7F03004E804029F8B557
:10C6C00005460E4618D80E4F386800F025FD28465E
:10C6D00006F063FF06F090FD044640B90949324672
:10C6E000284607F0DCFA4021064806F0EEFD3868DF
:10C6F00000F02CFD2046F8BD6FF08904FAE700BF7A
:10C700009C0A00200000002008B54021024806F0E5
:10C71000DCFD002008BD00BF000000202DE9F04F27
:10C7200089B005460F4690461E4606F013FF0446A4
:10C7300078B96B690090C3F3013363F305148DF886
:10C74000004014F0300408D1AA68920710D06FF0AE
:10C750008604204609B0BDE8F08F102C08D1BDF842
:10C76000022022F4F87242F4A872ADF802205FE0D1
:10C77000EA6886498A423DD085498A4237D10521F7
:10C780009DF8022061F303028DF802202A88B2F599
:10C79000105F2CD100224FF0010B96461146104637
:10C7A000D5F808C0DFF8EC9159F804AB1CEA0A0F81
:10C7B00008D00BFA00F242EA0E0202F07F0E0122CC
:10C7C00041EA0A0101300728EED12AB19DF8032081
:10C7D0006EF347028DF803203CEA010107D16A8815
:10C7E000FF2A3BD00AD8802A3AD0C02A3AD06FF02C
:10C7F0008504AEE709219DF80220C3E7B2F5807FEA
:10C80000F5D104229DF8021062F306118DF8021092
:10C8100014B91CF0030F9AD12A79022A2FD023D8F9
:10C82000012A94D1BDF8021062F3C811ADF80210CC
:10C83000012B74D0032B27D0002B88D12B88B3F584
:10C84000105FD4D1182E72D0202E75D0102E7FF408
:10C850007EAF0125DFF840A11F261DE00322D1E7AE
:10C860000122CFE70222CDE7032A02D0FF2A7FF47C
:10C870006EAF0221BDF8022061F3C81275E7BDF862
:10C88000022042F4C07270E7412E3DD104254F26AC
:10C89000DFF808A108F101080024381906F04DFD61
:10C8A00000286FD00134AC42F7D11F2E07D02946A3
:10C8B000384606F037FE044600287FF44AAF009B56
:10C8C0004FF0FF39079300239B46CDF818A0BDF821
:10C8D00002204344C2F3C112059201AC03F1100CD3
:10C8E000224618685968083303C263451446F7D1D5
:10C8F00001A907EB0B00FFF7ABFC044648B306F0B9
:10C9000029FE6FF0920424E7182E1AD0202E1CD096
:10C91000102E7FF41CAF0125DFF880A09CE7302E9D
:10C920007FF415AF03253F26DFF874A0B4E7022596
:10C93000DFF864A02726AFE70225DFF85CA02F26EA
:10C94000AAE70225DFF854A0F4E70225DFF84CA09F
:10C95000F5E71C2101A80BF1010B06F0B6FCAB4575
:10C9600006D00AEB0B12CDE906294FEA0B13AEE70E
:10C970001F2E3FF4EEAEFA20FFF7B0FC00283FF484
:10C98000E8AEBEE76FF08A04E3E600BF0002C00332
:10C9900000444004F48D0300400081510000002059
:10C9A0001084045073B5C5B20E46284601A914463A
:10C9B00006F09DFD88B9BDF80630C3F3C113013BF5
:10C9C000DBB2022B8FBF6FF08600054AD25C054BAD
:10C9D0009EBF13433360C4E9005002B070BD00BF76
:10C9E00065FD0300004B4E802DE9FF4101A9804603
:10C9F00014461F460A9D06F07AFD002840F0A680E6
:10CA000006F0A8FD002840F0A180002C00F0A180D5
:10CA10009DF8041011F00F0240F09E80BDF8063022
:10CA2000C3F3C113013BDBB2022B00F298805248E2
:10CA3000C05C524B0343636001F03003102B3CD1C8
:10CA400003F1C07303F6F1732360204602A9FFF7D8
:10CA500071FA00287AD1029BAB4200F2898044F23D
:10CA6000121221880198914204BF042207F8012B79
:10CA70000B9A214613609DF804303A78C3F30113F2
:10CA800063F301023A7003AA08BF05F1FF3506F00F
:10CA90000FFD00285AD13B78039A87F8018062F392
:10CAA00084033B70238803F44F42B2F5824F4AD18E
:10CAB00029463846FFF702FE48E013469DF807C0B6
:10CAC000DFF8C4E04FEA5C0000BBD60454BF134655
:10CAD00042F48063980448BF43F40063A3609DF868
:10CAE000063003F00F0005281AD009283DD124484C
:10CAF0004FF4105CC3F30213013BA4F800C0E060E4
:10CB0000032B11D8DFE803F00E181A1CC60704D552
:10CB1000062B27D85EF82360324340080133D3E761
:10CB20001848E5E78023638011F0300F8DD193071B
:10CB30008BD06FF0960009E0C023F4E7FF23F2E703
:10CB40004FF48073EFE7B3F5885FB1D004B0BDE870
:10CB5000F0816FF08600F9E76FF08800F6E76FF07C
:10CB60009100F3E76FF08300F0E76FF09200EDE7DC
:10CB70006FF08900EAE700BF65FD0300004B4E80BF
:10CB80000002C00300444004F48D030010B543F0DC
:10CB9000005392B0109321234FF480740E9201221F
:10CBA0001193149B01940293159B01AC41F0005129
:10CBB00006940C91112440F6110143F00053CDE985
:10CBC00003232023DFF864C00A90CDE908C40D9147
:10CBD00000200EA90AAC07940B910F92059300F068
:10CBE00071F9BFF35F8F4FF0A34306AA1A60BFF33A
:10CBF0005F8FBFF35F8F02AA1A61BFF35F8FBFF32E
:10CC00005F8F03225A63BFF35F8FBFF35F8F9A6317
:10CC1000BFF35F8F06F04DFD431C0446FAD00020A1
:10CC200000F07AF9204612B010BD00BF04000020C9
:10CC300070B504460D4619B10A688B681AB953B924
:10CC40006FF021063BE033B94B6823F00802102A4D
:10CC500001D0202B35D12046256106F097FD0646F0
:10CC600000282CD1184B04F1780123600123636064
:10CC7000AB6804F114009A069B01DBB202F0E042BB
:10CC80001A4342F48032112300F020F8AB6893B9C4
:10CC90002A68A3691A606B68A26943F00053936025
:10CCA0002268A36992699268DA60A3691033A3616C
:10CCB00063680133636000221023C4E90223304615
:10CCC00070BD6FF04106FAE7108E0300026100F1BB
:10CCD0001402826000F110024160C2600A60426882
:10CCE000034991604268D3604368103343607047E2
:10CCF00004000020BFF35F8F094A1368BFF35F8F02
:10CD000043F48071BFF35F8F1160BFF35F8F23F433
:10CD10008073BFF35F8F1360BFF35F8F704700BFF7
:10CD20000010805108B5FFF7E5FFBFF35F8F064A9B
:10CD30001368BFF35F8F43F00103BFF35F8F13608E
:10CD4000BFF35F8F08BD00BF0010805170B5002693
:10CD5000C0E9006605460C46FEF7D0FF01232B70A4
:10CD6000FFF7C8FFBFF35F8F204BDB68BFF35F8F18
:10CD70009B08013BACB3226842B19A4205D9FEF749
:10CD8000DDFF6FF03F002E7070BD1346D4E9011532
:10CD9000E068002908BF4FF40071002808BFF120A7
:10CDA0002469BFF35F8F114A9360BFF35F8FBFF3B6
:10CDB0005F8F1564BFF35F8FBFF35F8F5064BFF366
:10CDC0005F8FBFF35F8F5163BFF35F8F44F48024A5
:10CDD00044F00104BFF35F8F1460BFF35F8F002046
:10CDE000D2E74FF40071F1202546DAE700108051B8
:10CDF00070B503780D461446002B53D0BFF35F8FF8
:10CE00002D4A136BBFF35F8F5908C3F34203052B01
:10CE10004BD011F0060F02D14FF0FF3070BD4368C8
:10CE2000D3B9BFF35F8F5368BFF35F8F032BF3D981
:10CE3000224B2349BFF35F8FD2F88060BFF35F8F2F
:10CE4000BFF35F8F43F8046BBFF35F8F8B42F1D169
:10CE5000FFF768FF01234360BFF35F8F164B9A68AB
:10CE6000BFF35F8F0132B4EB021F21D8BFF35F8F96
:10CE70005A68BFF35F8FB4EB820FCDD884B1BFF394
:10CE80005F8FD3F88020BFF35F8F291D05F8012B3A
:10CE90008D424FEA122204F1FF34EFD0002CF5D17D
:10CEA0000020BBE76FF02000B8E76FF05100B5E756
:10CEB0006FF03F00B2E700BF0010805110108051AA
:10CEC0002010805110B50446FEF718FF104B18686B
:10CED00000F022F90CB101232370BFF35F8F4FF0F4
:10CEE000A3430022DA61BFF35F8FBFF35F8F4FF080
:10CEF000FF321A63BFF35F8FBFF35F8F3422DA61B3
:10CF0000BFF35F8F0122034BC3F8042310BD00BFA2
:10CF10009C0A00200080045010B5044638B9FEF782
:10CF20000DFFBDE81040074B186800F00FB90378FB
:10CF30003BB1FEF703FF034B186800F007F900232D
:10CF4000237010BD9C0A002038B51C4CD4F8005149
:10CF5000C5B1BFF35F8F4FF0A343996ABFF35F8FF3
:10CF6000BFF35F8F4FF0FF321A63BFF35F8F002371
:10CF7000C4F80031D4F80031114B1868BDE83840CE
:10CF800006F062BED4F8083153B100F081F806F023
:10CF90006DFDC4F80851D4F808310121094BECE7C4
:10CFA00009494423094A0A4802F018F8094802F0DE
:10CFB00015F84421054802F008F800BF008004502D
:10CFC000A40A0020A00A00206E94030068FD03005C
:10CFD00051910300CEFD030008B5074B186806F019
:10CFE00022FE064B186806F01EFEBDE8084000222F
:10CFF00048201146E9F71AB8A40A0020A00A002028
:10D0000038B5094B1C7864B1084B4FF0FF311D68EF
:10D01000284606F00AFE4FF0FF310446284606F087
:10D0200011FE204638BD00BFCFC00020A40A00205A
:10D0300010B5064C236D3BB9214651F8503B986919
:10D0400006F0AAFD01232365014810BDB47300203A
:10D050000474002038B500240B4D0C4BEC662B609B
:10D0600003F5C0436B60FFF7E3FF50B16B6D2046E3
:10D07000B3F5007FCCBF4FF480634FF40073AB6017
:10D0800038BD0E20FCE700BFB473002000208051A3
:10D0900000487047B473002000487047B473002004
:10D0A000004870470474002010B50C4641F22C0172
:10D0B00006F0ECFCC0F3812003280EBF0023024BD6
:10D0C0001B56236110BD00BFE6FD030070B50F4E77
:10D0D0000F4C0546306800F01FF8206830B98022F8
:10D0E0000C49FEF7F1FF70B9202323602368094A39
:10D0F000013B2360002452F823202A60306800F0AE
:10D1000025F8204670BD0224F8E700BFA80A0020D9
:10D11000247400202874002008B54FF0FF324FF02F
:10D12000FF33FAF727FC48B1054906481723064A9A
:10D1300001F054FF1721044801F047FF08BD00BF6C
:10D1400046B0030051910300E9FD030008B5FAF76A
:10D15000E1FC48B1054906481F23064A01F03EFF9D
:10D160001F21044801F031FF08BD00BF46B0030095
:10D1700051910300E9FD03002DE9F74F0027824696
:10D180000C469346009700F10C06EFF311894023FB
:10D1900083F31288BFF36F8F3046FDF78BF868B9C1
:10D1A0008823194A19491A4801F018FF31461948CD
:10D1B00001F014FF8821144801F007FF3046FDF705
:10D1C0009DF8DAF8085050466C4004EA0B0205EA74
:10D1D0000B08554010496A46CAF808500195FCF7FB
:10D1E00037FF009C44B12046C4F88C70A56600212E
:10D1F000646EFCF7DDF8F5E730464946FCF7A2FA25
:10D20000404603B0BDE8F08FB6A10300E3A10300E0
:10D2100051910300F8A103004D3C03002DE9F04FAC
:10D2200085B09046DDE90E2B06460C46EFF30581EE
:10D2300079B152EA0B010CD03E49F7233E4A3F48F0
:10D2400001F0CCFE3E4801F0C9FEF7213A4801F05A
:10D25000BCFE0392002C5BD008F001030293FCF7A4
:10D260007DFD06F10C050746EFF3118A402181F39D
:10D270001288BFF36F8F2846FDF71CF8039A60B938
:10D280008823304A30492D4801F0A8FE29462F480E
:10D2900001F0A4FE88212B48D9E728460392FDF728
:10D2A0002DF818F0020F1CBF0021B160D6F80890CD
:10D2B000029B039A09EA04019BB18C4213D12846D0
:10D2C000FDF706F8F0B940F231131E4A20491B4819
:10D2D00001F084FE29461F4801F080FE40F2311122
:10D2E000D9E70029EBD152EA0B0115D12846FCF70A
:10D2F000EFFF0028E7D08AF31188BFF36F8F4FF05C
:10D30000000903E08AF31188BFF36F8F04EA090470
:10D31000204605B0BDE8F08FC7E91A485146CDE96F
:10D32000002B28463246FCF79FF80028E7D1D7F8B3
:10D330006890EBE725F403002EFE030051910300F3
:10D34000B0B00300B6A10300E3A10300F8A10300FD
:10D350000EA2030025A2030008B5054B044613B135
:10D360000021AFF3008001F067F92046E9F7EEF9FC
:10D3700000000000F8B50E4B06461D68AB789B0711
:10D3800012D56F6816F8014B29462CB90A20B84708
:10D39000002805DB204609E02046B8470028F1DADE
:10D3A000AB7843F00403AB704FF0FF30F8BD00BF23
:10D3B000147403000CB430B589B005460C461C2229
:10D3C000002101A806F079FC02238DF806300E4BEF
:10D3D0000595029323462CB1B4F1004F28BF4FF0BE
:10D3E0000043013B1D440DAA0C9901A8069500922B
:10D3F00000F0A6F814B10022059B1A7009B0BDE830
:10D40000304002B0704700BFED4103002DE9F0410C
:10D4100001260746B24201DCBDE8F0813B461F46CB
:10D4200013F8014B002CF7D0252CF8D11C780237CB
:10D43000252CF3D000239C461D46DFF800811F2DCC
:10D4400018D8A4F1200EBEF1100F09D9A4F1300EA6
:10D45000BEF1090F1ED80A24202504FB03E304E0D3
:10D4600028FA0EFE1EF0010F06D017F8014B002C13
:10D47000E5D128E07F2D1CD8A4F1300EBEF1090FB4
:10D48000E9D9242C10D1BCF1000F46D0B34246D0CC
:10D490000023EAE724F0040EBEF12A0FF8D06C2C2A
:10D4A00009D145F08005E0E724F0040EBEF12A0F13
:10D4B000EED06C2C22D06C2C1BD8682C23D06A2C7C
:10D4C00028D04C2C26D0BCF1000FA5D0B445A1D15A
:10D4D00044F02007A7F1650CBCF1020F0B6801D9DD
:10D4E000612F1ED1073323F0070308330B60013689
:10D4F0008FE7742CB9D07A2CB7D0E4E72C0648BF5C
:10D5000045F40075CDE7EC0548BF45F4007545F4DA
:10D510008075AAE745F42075A7E79C46B8E7632421
:10D52000D6E7692C02D007D8632C03D02F0601D58B
:10D53000AC05D7D40433D9E7732CF6E7892801006A
:10D540002DE9F04F43689DB001938378804698079A
:10D55000CDE9061217D50B4600250B921F78A7B10F
:10D56000252F16D00133059341463846019B984735
:10D57000002805F1010580F2368498F8023043F066
:10D58000040388F802304FF0FF3528461DB0BDE88F
:10D59000F08F5F789A1C252F0592E5D0002426464F
:10D5A000A246A346BBF11F0F32D8A7F12003102BD0
:10D5B0000AD8DFE803F02409092A0909091B090927
:10D5C0000922092709091900A7F13003092B2DD9D0
:10D5D0002A2F3BD154B90B9B1BF0400F03F10402DF
:10D5E0000B9229D01E6801E04BF0010B059B13F84C
:10D5F000017B0593002FD5D15CE04BF0020B4BF083
:10D60000040BF3E74BF0080BF0E74BF0100BEDE7E2
:10D61000BBF17F0F40D8A7F13003092BD8D81BF0FE
:10D62000400F03D00A2202FB0636DFE70A2202FB84
:10D630000A3A4BF0200BD9E7D3F800A0BAF1000F5B
:10D64000F7DACAF1000A4BF0280BCFE72E2F05D1ED
:10D650001BF0400F99D14BF0400BC7E7242F1BD193
:10D66000002C00F03E81079B1BF0400F0B930AD16A
:10D67000524606980BA9FFF7C9FE0B9B1A1D0B9289
:10D68000D3F800A0B2E7324606980BA9FFF7BEFE1A
:10D690000B9B1A1D0B92A5E76C2F00F00F8100F277
:10D6A0000681682F00F012816A2F00F017814C2F3D
:10D6B00000F0148134B1079B224606980BA90B9306
:10D6C000FFF7A4FE002E47F02009B8BF2BF0400B57
:10D6D000A9F16503BCBF00261FFA8BFB022B40F2A9
:10D6E0000581B9F1610F40F06182FF431BF0400FEB
:10D6F00008BF4FF0FF3607F0200304930B9B314621
:10D70000073323F0070303F1080293ED000B0B929C
:10D710000CA8049A06F0D3FC0130C3B2B3424BF418
:10D72000C054029301DB029B5E1E0123A3464FF00F
:10D7300070090C9F039307F10903122B0DD907F110
:10D740006303C62B40F20B8140F2CE7207F2E7333F
:10D75000934294BF0323042303939DF8342002F0E3
:10D760000C0312F0010240F015811BF0020F40F093
:10D770000E811BF0040400F0F480002B40F00D81BA
:10D7800020231BF4405F1FD1002E08BF0126029A00
:10D7900070326A443B3A029921B112F8011D3029D6
:10D7A00000F032811BF0100F029A18BF3246391D6B
:10D7B000C0F22F81B74280F22C81BA424BF4005B59
:10D7C00040F329817E1C961B1BF40052089200F046
:10D7D000248127EAE774013403B10134002E00F0FC
:10D7E0002481721C1444A245D4BF0024AAEB040473
:10D7F0001BF0090F04D12C44A54240F01B810024EA
:10D8000043B118464146019B9847002805F10105A0
:10D81000FFF6B3AE1BF4006F13D041463020019BDE
:10D8200098470028FFF6A9AE049B4146C3F1780053
:10D8300000F0F800019B9847002805F10205FFF66B
:10D840009CAE1BF0080F05D12C44AC4240F0FE808A
:10D8500025460024089B002B00F0188127EAE77A70
:10D86000A7EB0A077642029B0AF1FF3ABB4283BF4D
:10D870000CABFB185879302056454146019B05F109
:10D88000010900F3ED809847002807F10107FFF632
:10D8900074AEBAF1FF3F08D141462E20019B984754
:10D8A0000028FFF66AAE05F102094D46DBE7742F4A
:10D8B0003FF49CAE7A2F3FF499AEFBE61BF0800F4D
:10D8C00018BF4BF4007B4BF0800B8FE61BF4807F7E
:10D8D00018BF4BF4007B4BF4807B87E64BF4207B36
:10D8E00084E626465446B346B2467FE6FF4307F039
:10D8F000200304930B9B1BF0400F03F1070323F05D
:10D90000070308BF062603F10802B9F1650F93ED7E
:10D91000000B0B9211D100221346711CC9B24BF4BB
:10D92000805B112928BF11210CA800F0FDFAC3B2B9
:10D93000029302230C9F0393FDE6B9F1660F05D114
:10D940003346012211214BF4005BEAE70022F1B2D9
:10D95000012938BF012113464FF06509E1E7022391
:10D96000FAE6002B3FF40DAFBAF1030F3BDC9DF854
:10D970003430A54E13F0080FA44B08BF1E4637469F
:10D98000B94617F8010BB0BBAE1BB1447BE033BB0B
:10D990002B23F6E62BBB2D23F3E62022BAF1040F4E
:10D9A00013DD1BF0080FAAF104040FD12C444146EB
:10D9B0002020019B02929847002805F10105FFF6FF
:10D9C000DCADA542029AF2D19AB10024414610463C
:10D9D000019B9847002805F10105C8DACDE52B2207
:10D9E000DCE72D22DAE71BF0080FAAF10304BED111
:10D9F000DCE71446BBE7049B4146C01AC0B2019B5A
:10DA000098470028BCDAB8E502990139C9B20291F9
:10DA1000C1E6561ED8E60026D6E61BF4006F0CBF02
:10DA200003240524039A1444D6E61BF0100F18BFF4
:10DA30000134D8E609934146019B202098470028ED
:10DA4000099B05F10105BFF6D7AE96E541463020AA
:10DA5000019B9847002805F10105BFF6F6AE8CE55D
:10DA600098470028FFF689AD1BF0100F0BD0BAF1D4
:10DA7000FF3F08D141462E2005F10209019B98473E
:10DA80000028FFF67AAD4D464C4435E241469DF8FC
:10DA90003500019B98470028FFF66FAD002E69DD29
:10DAA00041462E20019B98470028FFF666AD4FF0B7
:10DAB000010A029B41469A45BDBF0CAB53445879BD
:10DAC0003020019B98470028D346FFF656AD0AF157
:10DAD000010A5645EDDA02355D44049B4146A9EB47
:10DAE0000300C0B2019B98470028FFF646AD002F07
:10DAF000B4BF2D202B204146019BB8BF7F429847E1
:10DB00000028FFF63AAD039B042B41D14FF47A79FC
:10DB1000B7FBF9F606F130004146019BC0B29847C9
:10DB2000002805F10305FFF628AD09FB16774FF035
:10DB30006409B7FBF9F606F130004146019BC0B21B
:10DB40009847002805F10105FFF617AD09FB167788
:10DB50004FF00A09B7FBF9F606F130004146019B88
:10DB6000C0B29847002805F10105FFF606AD09FB94
:10DB7000167714E01BF0100F01D10135ADE74146D7
:10DB80002E20019B9847002805F10205A5DAF4E450
:10DB9000039B0235032BCAD0039B012BD8D107F17D
:10DBA0003000414605F10109C0B267E7A7F1630300
:10DBB000122B00F2FE80DFE813F013005600FC0089
:10DBC000FC00FC00FC005600FC00FC00FC00FC001B
:10DBD000FC001901F700FC00FC002B00FC00B80061
:10DBE00001240B9B0CAF1A1D0B921B688DF8303073
:10DBF0001BF0080F2DD0B9463E19B1452BD1EF1BB4
:10DC0000B944AAEB04043EE7B4FE03004FA60300A8
:10DC10000B9B1A1D0B921F68AD4B002F08BF1F46B0
:10DC20001BF0400F14BF31464FF0FF31384606F06D
:10DC30008AF80446DCE741462020019B98470028EB
:10DC4000FFF69BAC013EB442F5D35544AD1BB24642
:10DC5000D1E75646F7E7414619F8010B019B984773
:10DC60000028CADA89E41BF0800F0B9B35D01BF427
:10DC7000007F2DD0073323F0070303F108020B9236
:10DC8000D3E900012BF0100900291FFA89F936DACF
:10DC9000404261EB410149F480690A230DF1300BE8
:10DCA0005A4606F06CF819F0400FA0EB0B0B65D04C
:10DCB00029F001025E4592B240F3B780002F00F0D8
:10DCC000AE8019F010033446914626D002345CE051
:10DCD0001A1D0B921868C117D4E71A1D0B921BF47A
:10DCE000807F196801D10846F5E71BF4007F15BF56
:10DCF00048B208B241F3C01141F3C031C2E750EA63
:10DD00000103CAD11BF0400FC7D0002EC5D12BF0A4
:10DD1000110B1FFA8BF93446B34640F2064319EA59
:10DD200003031CBF002301342FE00A232BF0100B48
:10DD30001FFA8BFB1BF080040B9A5CD01BF4007164
:10DD400015BF0732101D22F007020B9017BF02F11A
:10DD5000080110680B91D2E9000150EA010257D185
:10DD60002BF016091BF0400F1FFA89F954D0002E32
:10DD700052D12BF0170B1FFA8BF9B34619F0100391
:10DD800057D0002F53D10BF1010419F0080F63D1C4
:10DD900019F0010F06D0A24573DDAAEB040404EBD1
:10DDA0000B065446224652E0102378274BF0100B06
:10DDB000C0E7B9F1780F04D1C7F1780343F010033D
:10DDC000B8E7B9F1620F14D041462520019B98476E
:10DDD0000028FFF6D2AB41463846019B9847002801
:10DDE000FFF6CBAB0235059BFFF7B8BB0823002736
:10DDF000A0E702239EE7111D0B911BF480711068B0
:10DE0000ABD01BF400711ABF2146C0B280B2A4E7A8
:10DE10002BF0060B1FFA8BF90DF1300B40E729F0C0
:10DE2000110934461FFA89F977E79146A6E75C465F
:10DE30004CE75C4671E7CDE9022341462020019B77
:10DE400098470028FFF699AB029A039B013292454E
:10DE5000F1DC2C1BA5181446F3B141463020019B80
:10DE600098470028FFF689AB6FB90135A9462E44C3
:10DE7000A6EB09035B4520DC5D460CAE55BBD944DF
:10DE8000BFE65E468EE7414638460235019B98471D
:10DE90000028EBDAFFF771BB40F2064319EA030FE3
:10DEA000E4D019F0020F14BF2B20202019F4806F4A
:10DEB000414618BF2D200135E8E741463020019B3F
:10DEC0009847002809F10109D2DAFFF756BB00BFD5
:10DED000B8FE0300013D4146705D019B9847002854
:10DEE000CCDAFFF74ABB41462020019B9847002827
:10DEF00005F10105FFF641AB631B002BF3DC72E774
:10DF00001FB502AB0093074A4FF0CC3306F01CF864
:10DF1000DDE90201C00840EA4170C90805B05DF8BA
:10DF200004FB00BFCDCCCCCC2DE9F04F55EC104B11
:10DF30009DB0CDE90C322A460B91C5F31303290D90
:10DF4000D20FC5F30A558DED050A07900A9275B9EF
:10DF500022461A431BD13023012743710A9B0560D7
:10DF600043F00203037138461DB0BDE8F08F40F264
:10DF7000FF7295424DD1059A002713430A9B079AD9
:10DF800014BF43F0080343F004031371EBE7059A51
:10DF90004FEA830802F001020992059A9A4648EA7C
:10DFA0009278970001221646AC4DC5F1000B5846F9
:10DFB000089200F017FAB5F1FF3FACBF8146A0F11F
:10DFC0000109ABEB090B09EB05035846069300F07A
:10DFD0000FFA18A9A0F17D05584600F029FA089A11
:10DFE00014ABA9EB0505019312AB029200935146C5
:10DFF0002B46059818AA05F0E9FEB9F1010F044671
:10E000000D4600F2D880099B002B40F0CB80012701
:10E010006FE0059A43F4801A02F001020992059A12
:10E020004FEA8A081343A5F2354548EA92784FEA49
:10E0300082074BD140F2FE7319420CBF0126002625
:10E04000002D3246B1DB284600F0C6F90346032D09
:10E05000C8BF013B1846069300F0CAF9069B7C3006
:10E060005D1B054418A9184600F056FA14AB01933D
:10E0700012AB009351462B460598029618AA05F05C
:10E08000A5FE069B0446152B0D4600F2888016ABB4
:10E09000734A009338464FF0CC33414605F054FFA5
:10E0A000DDE9129A169B179A9B0843EA827303EBE9
:10E0B0008303BB420CD13846414600F0A1F9069BD0
:10E0C00083428CBF00270127002612E00126B7E714
:10E0D000099B002B53D1013F48F1FF31B81B61F17F
:10E0E000000100F08DF9069B099F83428CBF00263A
:10E0F00001260D9B002B40F09380DDF82CB04FF0F3
:10E1000000084FF00A0ACDF82080CDF81480DDE930
:10E110001201FFF7F5FE149BCDE90E011846159983
:10E120001093FFF7EDFE0E9B0F9A98420B4693411A
:10E130008146119180F08E8020462946FFF7E0FE4F
:10E140000AFB09F3109AB8F1000F14BF002707F07B
:10E150000107934214BF002606F001060E9B0AFB3E
:10E16000104812930F9B0446CDE91339119B0D46BD
:10E170001593089B5FFA88F801330893C7E7B81C2A
:10E1800048F1000100F03CF9069B83428CBF00205F
:10E190000120B9EB00006AF10002CDE9120200276C
:10E1A0003E46A6E7129B139A013B42F1FF3201273C
:10E1B000CDE9123288E7B9F13E0FF0D84FF0FF33C6
:10E1C000A9F1200003FA09F203FA00F0C9F12001D5
:10E1D00023FA01F102430A4303FA09F327EA03078A
:10E1E00028EA020857EA08070CBF012700276BE757
:10E1F00000FB02FCA1FB0012013362448C4275EB70
:10E20000020CF5D2069A13440C9A1344D20F93428F
:10E21000B8BF13460B9A9A42A8BF1A4693466EE7B8
:10E220000A21002201230846E8E70AFB03F0A2FBCB
:10E230000A2301310344944275EB0300F5D259459A
:10E2400010DDBBF1000F02D154EA05030AD001230F
:10E25000059371E70A2200230121ECE7CCFBFFFFC5
:10E26000CDCCCCCC7EB34FF00A0A149B159918463E
:10E270000F93FFF745FE0AFB00F20F9B81469A427F
:10E280000E9120D1DDE91201FFF73AFE10900F91B7
:10E2900020462946FFF734FE0F9BB8F1000F14BF4C
:10E2A000002707F00107CDE913390E9B0AFB104840
:10E2B0001593089B109A013304460D465FFA88F8BF
:10E2C00012920893D1E7069B089A13449946002FAF
:10E2D0005AD0B8F1050F57D114F001034AD1059A6D
:10E2E00032B9DDE914239D4208BF94425FD0059BFB
:10E2F00018194FF00A0445F10001002201262546B5
:10E30000A04271EB020755D2F3B1B3451CDA0D9B65
:10E3100073B10C9A06EB09031A44012A1346B8BFDD
:10E3200001230B9A9A42A8BF1A46964293460BDDE8
:10E3300005304FF00A024FF0000341F10001DEF713
:10E3400097F909F10109013E5E45A8BF5E460FFA43
:10E3500089F937B209FA86F64FF00009079B07F1F1
:10E360000508013E9844B9452BDB079B0A9A1E60BD
:10E370001A71F8E5059B2BB9DDE914239D4208BF0E
:10E38000944209D00123B3E7059B53B9DDE9142377
:10E390009D4208BF944204D1099B002BF2D1002E6C
:10E3A000F0D0B8F1040F94BF00230123A0E74FF091
:10E3B0000408F1E705FB02F7A4FB054201363A44E5
:10E3C0009EE70A220023DEF753F9303208F8012DC8
:10E3D00009F10109C7E700BF014B5843800C7047A2
:10E3E00041340100014B5843000D7047FB2E0B00D8
:10E3F000024B5843C00C0130704700BF4F931200CE
:10E4000070B503464FF0CC3600204FF03335074A45
:10E4100006FB03F402FB0144A3FB023121449D42AD
:10E4200075EB010401D30130F2E770BDCDCCCCCC4B
:10E430001A232DE9F04FB0FBF3FA03FB1A03334E16
:10E4400004460D4689B006EB0A1653B9D6E90023F7
:10E45000C1E90023D6E90201C5E9020109B0BDE81E
:10E46000F08F2B4A02EBC303D3E9008904AB00937E
:10E47000D6E902234046494605F066FD83460F462D
:10E4800006AB0093D6E900234046494605F05CFD03
:10E49000DDE9066216EB0B0652EB07084FF00003AE
:10E4A00028BF0123814633B1049B059A013342F111
:10E4B0000002CDE9043220460391FFF799FF074699
:10E4C0001A2000FB0AF0FFF793FF3F1A324643463B
:10E4D00048460399009705F052FD0E4A4FEA141C76
:10E4E000640004F01E0352F82C40DC4004F00304E6
:10E4F000241841F10001C5E90041DDE9042330465B
:10E500004146009705F03BFDA6E700BFB856030063
:10E51000E85503003C8E03002DE9F04F1A2700F167
:10E520001905B5FBF7F56F43DFF8E0A03A1A4FEA9B
:10E53000051B04460E4689B00AEB05150AD1D5E93C
:10E540000023C1E90023D5E90201C6E9020109B0AF
:10E55000BDE8F08F2B4B03EBC203D3E9008904AB7A
:10E560000093D5E902234046494605F0EDFC5AF8F0
:10E570000B206B68013ACDE9020106A963F10003A3
:10E5800040460091494605F0DFFCDDE906528A4627
:10E59000029900236D180399814652EB010828BFA8
:10E5A000012333B1049B059A013342F10002CDE906
:10E5B00004323846FFF71CFF07462046FFF718FFD6
:10E5C0003F1A2A46434648465146009705F0D7FC75
:10E5D0000D4A4FEA141C640004F01E0352F82C404C
:10E5E000DC4004F003040134241841F10001C6E9C1
:10E5F0000041DDE9042328464146009705F0BFFCB1
:10E60000A3E700BFE8550300908E0300885703007E
:10E6100008B52DED028BB0EE408A00F023F820B94A
:10E6200038EE080ABDEC028B08BDDFED027A87EEFA
:10E63000A70AF7E70000000038B5074D074C641B38
:10E64000A41024B9064B0BB1AFF3008038BD013CD8
:10E6500055F824309847F4E700000000000000005F
:10E660000000000010EE103A33F000400DD0A0F58D
:10E670000003B3F1FE4F0AD3074B421E9A4208D95A
:10E68000A0F1FF43584258417047022070470420D0
:10E6900070470320704700BFFEFF7F00430803F070
:10E6A0005533C01A830800F0333003F03333184475
:10E6B00000EB101000F00F3000EB002000EB0040EA
:10E6C000000E70472DE9F04F099D0C46002B4DD1EF
:10E6D0008A420F4684469646B2FA82F360D94BB11D
:10E6E00002FA03FEC3F120029F4000FA03FC20FA65
:10E6F00002F217434FEA1E461FFA8EF44FEA1C42FD
:10E70000B7FBF6F106FB117701FB04F042EA074282
:10E71000904208D91EEB020201F1FF3702D290426B
:10E7200000F22D813946121A1FFA8CFCB2FBF6F06A
:10E7300006FB102200FB04F44CEA024C644508D9A5
:10E740001EEB0C0C00F1FF3202D2644500F21A817C
:10E75000104640EA0140ACEB040C002125B12CFA34
:10E7600003F30022C5E90032BDE8F08F8B4205D9E2
:10E770000DB1C5E9000100210846F5E7B3FA83F1C0
:10E7800000294DD1A342C0F0F280904280F0EF808A
:10E79000064623460846002DE6D0C5E90063E3E7B8
:10E7A000002B40F0A2808A1A4FEA1E471FFA8EF60D
:10E7B0000121B2FBF7F407FB14204FEA1C4242EAA6
:10E7C000004206FB04F090420FD91EEB020204F156
:10E7D000FF382CBF4FF001094FF00009904203D9D8
:10E7E000B9F1000F00F0C8804446121A1FFA8CFCE1
:10E7F000B2FBF7F007FB102200FB06F64CEA024CD6
:10E80000664508D91EEB0C0C00F1FF3202D26645BA
:10E8100000F2BB801046ACEB060C40EA04409DE7DA
:10E82000C1F120068B4004FA01FE22FA06F720FA15
:10E8300006FCF4408A401F434EEA0C0300FA01FE36
:10E840004FEA17484FEA13491FFA87FCB4FBF8F068
:10E8500008FB104449EA044400FB0CF9A1450ED919
:10E860003C1900F1FF3A2CBF4FF0010B4FF0000BA9
:10E87000A14503D9BBF1000F00F093805046A4EBF3
:10E8800009041FFA83F9B4FBF8F308FB134403FBF4
:10E890000CFC49EA0444A44506D93C1903F1FF38AD
:10E8A00001D2A4457AD8434643EA0040A4EB0C04C5
:10E8B000A0FB02984445CC46434602D306D1CE4540
:10E8C00004D20138B9EB020C68EB07035DB1BEEB73
:10E8D0000C0264EB030404FA06F622FA01F3CC40BE
:10E8E0001E43C5E9006400213EE702FA03FEC3F1BE
:10E8F000200104FA03F200FA03FCCC404FEA1E4761
:10E9000020FA01F11FFA8EF6B4FBF7F00A4307FB79
:10E910001044110C41EA044100FB06F48C420ED96C
:10E920001EEB010100F1FF382CBF4FF001094FF041
:10E9300000098C4202D9B9F1000F2CD04046091BC6
:10E9400092B2B1FBF7F407FB141142EA014204FB57
:10E9500006F1914207D91EEB020204F1FF3801D201
:10E96000914215D84446521A44EA004121E7861ADA
:10E9700064EB030301200EE7023C724435E70239E1
:10E980007244D0E6F4440238E3E6F444023842E745
:10E99000023C7244E7E702387144D0E7023B3C4452
:10E9A00082E702383C446AE7704703F0BFBF8368E0
:10E9B000DB690BB10122184770470A4683680121C1
:10E9C0001B69184738B50021044647F6122540F266
:10E9D000E7304FF47A720023C4FB0501DDF748FEEF
:10E9E000BDE83840FBF72AB9F0B593B0044608A853
:10E9F0001F460D461646E3F7FDFE0F2200210DF1DE
:10EA0000110005F05AF99DF82C308DF81030E3F71D
:10EA1000FBFFBDF838308DF81100ADF812300C9BBB
:10EA20000593109B0693E3F753FB102302936B446B
:10EA30000193BDF860308DF81C00009332463B46D0
:10EA40002946204602F06DFA13B0F0BD38B50446F1
:10EA50000D46E3F7CBFDE3F70FFB04EB850561887B
:10EA600034F8040BE4F700F8AC42F8D138BD2DE9D6
:10EA7000F341089E0D46044618B326B3E9B1582B5E
:10EA800028BF5823ADF806208DF80530023600EB7C
:10EA9000010814F8017B0DF105020DF1060107F0E4
:10EAA0000F00E4F711F926F8020C3809E4F70CF925
:10EAB000444526F8040BECD16D00284602B0BDE8B1
:10EAC000F0810546F9E73546F7E742F210739842C0
:10EAD00003D041F64C53984219D145F6C0539942A0
:10EAE00006D00DDCB1F5FA5F02D0B1F57A5F0ED138
:10EAF0004FF47A7391FBF3F1484390FBF3F07047C6
:10EB0000B1F5FA4FF4D04BF680339942EFE74FF06E
:10EB1000FF30704710B50446A0B14FF420720021B9
:10EB20001C3005F0CAF84FF42072002104F527705C
:10EB300005F0C3F84FF07E5204F69C431A600023A0
:10EB4000C4F8A03C10BD836800EBC101B3F5004FD1
:10EB50002CBF51F8220031F81200704700EBC101C0
:10EB60008068B0F5004F2CBF41F8223021F81230F8
:10EB70007047012208B5FFF7E6FFD04008BD836863
:10EB800000EBC101B3F5004F08D34B681AB143F055
:10EB900001034B60704723F00103FAE74B881AB179
:10EBA00043F001034B80704723F00103FAE7530061
:10EBB0000122FFF7D3BF8368B3F5004F34BF0423AE
:10EBC0000823C91A081AC0087047B0F5004F34BFAF
:10EBD000042308230731C818C00870470A4608B53F
:10EBE0000121FFF7F2FF0132121AB2FA82F0C0F1EE
:10EBF0001F0008BD2DE9F041174603220E460446CA
:10EC0000FFF7A1FF8642054607F104080AD1012259
:10EC1000E368BA4023EA0203E360002344F82830A3
:10EC2000BDE8F081314602222046FFF78CFF064600
:10EC30002B4601460322204644F82850FFF78EFF5A
:10EC4000334629462046BDE8F0410222FFF786BF41
:10EC500070B50D4686680446FFF78BFFB6F5004F8A
:10EC6000014601D3012809D03046FFF7B7FF2946F6
:10EC700002462046BDE87040FFF7BCBF70BD2DE9DD
:10EC8000F047054680688846FFF7A8FF05EB800A35
:10EC9000DAF810900646B9F1000F1BD00327DAF816
:10ECA000104028462146FFF764FF404507D332460F
:10ECB00021462846FFF79EFF2046BDE8F087032245
:10ECC00021462846FFF73FFF013FCAF8100001D058
:10ECD0008145E4D14FF0FF34EB680136B4401C406D
:10ECE000EAD094FAA4F2B2FA82F2131D55F8234046
:10ECF000DEE72DE9F04114460E460546FFF739FFE1
:10ED0000A4EB0608371B0744424631462846FFF766
:10ED10004EFF3A4621462846FFF749FF4346002268
:10ED200021462846FFF71AFF21462846FFF721FF14
:10ED30003B46211800222846BDE8F041FFF70EBFF0
:10ED40002DE9F041164604460F46FFF712FF314603
:10ED500005462046FFF70DFF05442A463946204662
:10ED6000FFF725FF31462046FFF703FF2B463118FA
:10ED700000222046BDE8F041FFF7F0BE2DE9F0414A
:10ED80000D4686680446FFF7F4FEB6F5004F0146CF
:10ED900001D3012832D03046FFF720FF04EB800179
:10EDA0000E6996B90122E36882401343E3600222B0
:10EDB0000D612B4629462046FFF7D0FE0322294647
:10EDC0002046BDE8F041FFF7C9BE02223146204689
:10EDD000FFF7B9FE0746034629462046FFF7BEFE69
:10EDE0000322334629462046FFF7B8FE39462B4614
:10EDF0002046FFF7B3FE02223146E1E7BDE8F0818D
:10EE0000F8B50C460546FFF7B4FE26180122314638
:10EE10002846FFF798FEC3070CD431462846FFF773
:10EE200017FF21462846FFF7A4FE21462218284650
:10EE3000FFF786FF002221462846FFF784FE271AA7
:10EE4000012239462846FFF77EFE10EA020613D15A
:10EE500039462846FFF7FCFE214632462846FFF792
:10EE600072FE2246211A2846FFF76AFF21463246E3
:10EE70002846FFF768FE241A21462846BDE8F840D8
:10EE8000FFF77CBF70B5066809B9002070BDB06897
:10EE9000B0EBD10FF9D9FFF798FE01460546304691
:10EEA000FFF7EDFE04460028EFD001463046FFF79D
:10EEB00060FEA84209D92544214630462A46FFF77C
:10EEC00018FF29463046FFF759FF304601222146F8
:10EED000FFF755FEB368B3F5004F34BF0423082392
:10EEE00003EBC4031844D1E72DE9F04706460D466D
:10EEF000174698462BB34FF0000A98F8004093F855
:10EF00000190DB78A40004EB430498F802301C4421
:10EF10004444CA4509D339463046AC46D8F80420A3
:10EF200008F10803BDE8F047604714F8013B0AF117
:10EF3000010A204648F82340E2F7C5F901300444AD
:10EF4000E7E76FF01500BDE8F08770B500250246D1
:10EF50002846144614F8013B0BB9184609E098B14D
:10EF60008D4207D1702B04D0A3F140023A2A0BD86E
:10EF7000002070BDA3F140063A2E05D85378013524
:10EF8000941C002BE9D00020252B224608BF80F0DE
:10EF90000100DEE70020704700F013BA0FB407B598
:10EFA00004A951F8040B019100F00BFA03B05DF8CD
:10EFB00004EB04B07047044608B5084611461A46EB
:10EFC000A047FAF7CBFEE6F79BFF002383F31188F7
:10EFD000BFF36F8F0423184602DF70470FB407B5E5
:10EFE00004A951F8040B0191FFF7D6FF03B05DF8B7
:10EFF00004EB04B0704710B50369024613F0080033
:10F0000009D11368D4689C429BBF0120526AE31A5D
:10F01000D31A0B6010BD00231846FAE713B501A9F7
:10F020000446FFF7E8FF20B1019BE268013B13446F
:10F030000193606A019BC01A013802B010BD10B57F
:10F04000044650182269636AD20702D5013B184072
:10F0500010BD984228BFC01AFAE710B504460A4608
:10F06000C168FFF7ECFF2369E06023F00803236128
:10F0700010BD38B50D46026A8B00016843F00203EB
:10F08000044642F8213001682A46FFF7D8FFE368BA
:10F090006168984208BF2369206008BF43F00803F5
:10F0A0002A46204608BF2361FFF7C9FF606038BDCC
:10F0B0002DE9F74FC768066A9B4616F827300446C5
:10F0C00003F00303022B884691464FF0000306EB42
:10F0D000870A09D01360CBF800302369990710D450
:10F0E000002003B0BDE8F08F56F8271013608908A0
:10F0F000CBF80030F1D0FFF7B0FFE368A360012048
:10F10000EFE7E3695046984716F827300546DA07D7
:10F11000E6D513F002031DD0B8F1000F03D041462D
:10F120002046FFF7A6FF61682A462046FFF787FFC3
:10F13000D4E902319942606004D12A462046FFF7A3
:10F140007EFFA060A3682360E360236943F00803A7
:10F150002361D4E7014620460193FFF77EFFE26872
:10F16000A260B8F1000F04D02168226A019B42F826
:10F17000213005EB0802CBF8002021682046FFF77C
:10F180005EFF2369206043F00803236116F82730EF
:10F190006FF3000306F82730C9F800A0AFE770B599
:10F1A00004461546FFF74BFF2368834205D12369C8
:10F1B000216023F00803236170BD226AAB0043F095
:10F1C000020342F8213061682A462046FFF737FFE4
:10F1D0006060F1E738B5036904465B0706D5856AC8
:10F1E000FFF71CFF85422CBFA562A06238BD838B50
:10F1F00013F0070305D10368002B0CBF0020032088
:10F200007047022B05D1C08BB0FA80F04009800016
:10F210007047012B05D10368002B0CBF002005208F
:10F2200070470020704710B50C4600B111B96FF05F
:10F23000150010BD081D00F02FF80028F9D1A368B3
:10F24000032BF6D9F3E72DE9F0410D4607461946A1
:10F25000281D90461E46E5F773FA044638B133463A
:10F26000424629463846A446BDE8F0416047BDE81D
:10F27000F08138B50C46054658B151B10B6843B121
:10F280004B6833B12022002104F017FD00202C61CF
:10F2900038BD6FF01500FBE7034640B1426802F04D
:10F2A0000302022A06D0032A04D0012A05D06FF0F7
:10F2B000150070471A68002AF9D00020986070473E
:10F2C0009446F0B50446C369C66845684069AF1BFB
:10F2D000281A1A1ABB429CBFFF1AF618624528BFAB
:10F2E0006246D81B904228BF10462368AD1B2B44B2
:10F2F0000B60636803446360F0BDD0E90123D21A58
:10F300008A420CD31944C368C269C0E90111C91A01
:10F310008A4201D9002070471344C360FAE76FF0B6
:10F3200015007047F0B50446944686690569A368E0
:10F33000C069AF1B5A1BB8429CBF36183F1A6245C2
:10F3400028BF6246C01B904228BF10462368AD1BF1
:10F350002B440B60236903442361F0BDD0E90423EF
:10F36000D21A8A420CD31944C0E90411D0E90632FA
:10F37000C91A8A4201D90020704713448361FAE711
:10F380006FF015007047704703785B075FBF036835
:10F390004288C3F34A2303EB12105DBF173020F0FD
:10F3A000070080080020704700207047F0F750BE2B
:10F3B0000346D3E8EF0F421CC3E8E12F0029F8D140
:10F3C00070471FB50023CDE902011A4619461846B9
:10F3D000CDE90033E5F74CFE05B05DF804FB0120F4
:10F3E000E5F736BB0020704770B5D2E901369B1BAC
:10F3F0008B420C4615460AD313680A4601469819F3
:10F4000004F04DFC2046AB682344AB6070BD6FF048
:10F410001B00FBE770B50E4615461946044618B9A1
:10F42000BDE87040E5F714BB33B1C2F34A23103096
:10F43000120D184404F033FCC4E900562046BDE820
:10F440007040E5F739BD2DE9F3415F1C4FEA8708AD
:10F45000064608F1170020F0070080080C46154604
:10F46000E5F77AFB00238DF80470ADF805308DF8D0
:10F47000073068B10346019AA8F1040143F8102F40
:10F480002A46294452F8045B8A4243F8045FF9D1C2
:10F4900000233146A20102F4E07242EA482222F03F
:10F4A0007F4222F4700222F03F0202B0BDE8F04138
:10F4B000FFF7B0BF07B50123019201AAFFF7C3FF11
:10F4C00003B05DF804FB07B5CDE9002302236A46CB
:10F4D000FFF7B9FF03B05DF804FB1FB5CDE90123C9
:10F4E000069B01AA03930323FFF7ADFF05B05DF868
:10F4F00004FBF8B506460D4614461F4604B9F8BD90
:10F50000214628463A46B047241A0544F6E710B586
:10F5100042680446D2E9002381680068FFF7E9FFEA
:10F52000002263681A6010BD0A2838B504460D46EB
:10F5300002D10D20E5F738FE29462046E5F734FED6
:10F54000002038BD2DE9F043054687B008460E88F7
:10F5500091F800900C46D1F808801746E5F7F8FDC1
:10F56000011EC6F38216C9F3C2091EDB4846E5F741
:10F57000B5FC0346214651F8102B6088C2F34A229D
:10F58000002A01EB020408BF00210022C0F30B1087
:10F59000CDE90407CDE902142846414601960092C0
:10F5A000E5F72EFE07B0BDE8F0830023E2E74368ED
:10F5B00000201B685B689961704743681B68186886
:10F5C000E5F7AEBF70B543680C461D686B68986977
:10F5D000E5F71AFA214603460F222868BDE8704075
:10F5E000184743691BB11B7900200B7070476FF0FF
:10F5F0005700704743693BB1DB682BB15B691879F1
:10F60000B0FA80F0400970470120704770B5044699
:10F610000D464269FFF7EEFF10B90323137170BD69
:10F6200003212046A847002802DA10F1860FF6D100
:10F6300020462B46BDE8704001211847704700293D
:10F6400030B4044618460BDBA5680844A84207D826
:10F65000E0686468214484682468A44630BC60473C
:10F660006FF0150030BC7047002930B404461846CE
:10F670000BDBA5680844A84207D8E0686468214409
:10F6800084686468A44630BC60476FF0150030BCE5
:10F6900070470029034610B410460ADB9C680844F2
:10F6A000A04206D8D8685B6819445DF8044B00F0A6
:10F6B00007B86FF015005DF8044B7047C0687047DD
:10F6C0002DE9F04187680446FB680D4616469847C9
:10F6D0000379DB0707D4BB682BB1324629462046A5
:10F6E000BDE8F0411847417933462A462046BDE837
:10F6F000F041E6F723B801460068E6F777B808B5A9
:10F70000E6F704F9BDE80840E6F704B90A46012126
:10F71000FFF7D0BE00210120E6F768B8836F83F3BE
:10F720000B88704761B662B680F31188BFF36F8FA4
:10F73000704772B6002383F31188BFF36F8FBFF356
:10F740004F8F30BF62B6BFF36F8F704772B6002322
:10F7500083F31188BFF36F8FBFF34F8F20BF80F308
:10F760001188BFF36F8F62B6704740E800F313F45F
:10F77000803FD8B208BF6FF01500704730B50C68F5
:10F780004B6885B00A894D890094013B24F01F0421
:10F79000234402F01F0242EA451223F01F03694688
:10F7A0008DF808200393E6F76FFD05B030BD08B56E
:10F7B000D1E904319847002008BDF7F77BBA08B5B6
:10F7C000E6F7CCFF002008BD7047C16A8968E7F7FB
:10F7D0009DB803680B6043684B6083688B6070471B
:10F7E00010B5036802211C88E7F72AFB204610BDEC
:10F7F00002688068101A70478388C2888168D21AAC
:10F8000003685B1AD01A704738B50D461446114686
:10F81000E7F752FB22462946BDE8384004F03FBADC
:10F8200010B50C460121E7F747FB047010BD00201E
:10F83000704730B50D68D0E900426868531E234414
:10F84000834208D3AB68013B03449C4205D84B6814
:10F850009A4288BF4A60012030BD0020FCE708B50D
:10F86000C26900685143FFF714FFBDE80840E7F79D
:10F870002DBC38B51446C5691A4605FB0141049BE9
:10F880000068FFF7F1FEBDE83840E7F71FBC38B568
:10F890001446C5691A4605FB0141049B0068FFF741
:10F8A000CEFEBDE83840E7F711BC4FF0FF324FF015
:10F8B000FF3300F58070F8F75DB8F8F72BB9F8B5AD
:10F8C0000E461746044643681D692846FFF7EDFFBC
:10F8D0003B463246216805F17C00F6F72FFF0446CF
:10F8E00005F58070FFF7E9FF2046BDE8F840E7F72F
:10F8F000DFBBF8B50E461746044643681D69284627
:10F90000FFF7D3FF3B463246216805F17C00F6F74E
:10F9100051FF044605F58070FFF7CFFF2046BDE894
:10F92000F840E7F7C5BBF8B50E46174604464368EE
:10F930001D692846FFF7B9FF3B463246216805F1AD
:10F940007C00F6F755FF044605F58070FFF7B5FF1C
:10F9500004EAE470BDE8F840E7F7AABB38B504460E
:10F9600043681D692846FFF7A0FF216805F17C0068
:10F97000F7F700F8044605F58070FFF79EFF204674
:10F9800038BD70B50E46044643681D692846FFF72A
:10F990008CFF3246216805F17C00F6F747FF0446EC
:10F9A00005F58070FFF789FF2046BDE87040E7F756
:10F9B0007FBB38B5044643681D692846FFF775FFCD
:10F9C000216805F17C00F6F79BFE044605F5807082
:10F9D000FFF773FF2046BDE83840E7F769BB70B515
:10F9E000044643681E693046FFF75FFF216806F151
:10F9F0007C00F6F767FE054606F58070FFF75DFFB1
:10FA00002046E7F741FB2846BDE87040E7F750BBCA
:10FA100070B505464368C2B01E690C463046FFF714
:10FA200044FF29686A4606F17C00F7F7BBF80546F3
:10FA300006F58070FFF741FF002D17DD9DF80030BF
:10FA400002A99A1E534253412370019BFF22C4F81E
:10FA50000431601C04F067F9002384F800310025AC
:10FA6000284642B0BDE87040E7F722BBF8D1657088
:10FA7000F5E738B50346084619461D69E7F7F2FA77
:10FA800004462846FFF711FF214605F17C00F6F7F2
:10FA90005BFC044605F58070FFF70FFF2046BDE8CC
:10FAA0003840E7F705BBF8B5044608462146174637
:10FAB0002569E7F7D7FA214606463846E7F7D2FA2E
:10FAC00004462846FFF7F1FE2246314605F17C0048
:10FAD000F6F7A8FC044605F58070FFF7EEFE204619
:10FAE000BDE8F840E7F7E4BA38B5034608461946DA
:10FAF0001D69E7F7B7FA04462846FFF7D6FE214608
:10FB000005F17C00F6F750FF044605F58070FFF71D
:10FB1000D4FE2046BDE83840E7F7CABA034670B5C0
:10FB200014461E690846D6F8E420194692692260F8
:10FB3000D6F8E420D2696260D6F8E420126AA260A6
:10FB4000E7F790FA3046FFF7B0FE06F17C0002F0CE
:10FB5000E7FE054606F58070FFF7AFFE002DA1BF5A
:10FB6000A3685B1B0025E3602846BDE87040E7F70B
:10FB70009FBA034670B50846C2B019461E691546BD
:10FB8000E7F770FA04463046FFF78FFE21466A46D3
:10FB900006F17C0002F0A2FE044606F58070FFF735
:10FBA0008CFE002C10DB00249DF8003002A99A1E68
:10FBB000534253412B70019BFF22C5F80431681C4E
:10FBC00004F0B1F885F80041204642B0BDE870402D
:10FBD000E7F76EBA10B50C46017822788AB08A42EF
:10FBE0000FD06946E7F7D4FD204605A9E7F7D0FD19
:10FBF00010220DF115010DF1010004F066F80AB0B4
:10FC000010BD012A06D0022A07D072B94088638845
:10FC1000C01AF4E740686368FAE71022611C0130FB
:10FC20000AB0BDE8104004F050B86FF01500E6E7E8
:10FC3000042A0AD0102A0DD0022A4FF0000315D151
:10FC400003700B88438001207047012303700B6809
:10FC50004360F8E7022300F8013B01F1100351F87B
:10FC6000042B994240F8042BF9D1ECE71846704771
:10FC7000012310B50621044600F8013BF1F700F816
:10FC800018B9A37963F03F03A37110BD0B6803603B
:10FC90008B8883808B798371037823F00203037050
:10FCA00070470078C0F34000704738B50446807A4A
:10FCB000E6F7DCFD6169054649B1637ADB0704D4E8
:10FCC000C36A20461B689B689847002363612146EE
:10FCD0002846BDE8384002F0CDBE438A23B9C0684B
:10FCE000B0FA80F040097047002070470F2807D80D
:10FCF0000D280BD8052808BF032018BF0220704725
:10FD0000132803D01A2808BF0120F6E70120704706
:10FD1000FFF7D0BBFFF7D7BB034610B5D3E8EF0F13
:10FD200040EA0102C3E8E42F002CF7D110BD002304
:10FD3000E5F708B9D0E8EF3F0B40C0E8E23F002A02
:10FD4000F8D1704738B504460D46E7F7EDFF5F3050
:10FD500005D129462046BDE83840E7F757BF38BDF2
:10FD60000020704781767047704710B5038842883D
:10FD7000934219D8052B17D9B2F5486F14D8838848
:10FD8000B3F5FA7F10D240F67644C088A0F10A019C
:10FD900089B2A14208D801339BB25343B3EB800F21
:10FDA00034BF0120002010BD0020FCE74FF40160AB
:10FDB00070470020704770B506460D4642F221009C
:10FDC0000321E8F7A5FA044618B9BDE87040E7F743
:10FDD00013BF03210C30E7F76FF8068085702146CA
:10FDE000BDE8704042F22100E8F74ABC70B5064613
:10FDF0000D4640F206400321E8F78AFA044668B14E
:10FE000003210C30E7F758F8068085702146BDE8DD
:10FE10007040002240F20640E8F72CBD6FF0680009
:10FE200070BDC368187808B1E7F73EBF1846E9F718
:10FE30001FB938B50221054642F21600E8F768FA04
:10FE4000044668B102210C30E7F736F82B882146CA
:10FE500003800022BDE8384042F21600E8F70ABDF0
:10FE60006FF0680038BDF8B507460E4642F2220032
:10FE700006211546E8F74CFA044678B106210C3005
:10FE8000E7F71AF83B884680038085802146BDE865
:10FE9000F840002242F22200E8F7ECBC6FF0680064
:10FEA000F8BD2DE9F0478146884642F2320007212D
:10FEB00017461E469DF820A0E8F72AFA0546A0B18D
:10FEC00007210C30E6F7F8FFB9F8003080F802801F
:10FED0000380C7700671A0F805A02946BDE8F04769
:10FEE000002242F23200E8F7C5BC6FF06800BDE8BE
:10FEF000F08708B500200021E8F750FC18B1BDE8F4
:10FF00000840E8F7B7BBBDE80840EAF771BD072233
:10FF100008B503F0DAFEB0FA80F0400908BDFFF73B
:10FF2000C9BA00280CBF08460020704718B111B1AB
:10FF30000846E9F73FBA6FF01500704713B504465D
:10FF400080B106216846F0F79BFE48B99DF8053060
:10FF5000694603F03F0320468DF80530FFF7E6FFC2
:10FF600002B010BD6FF01500FAE7003818BF01208D
:10FF70007047034610F4004F0CBF07200620DA0339
:10FF800048BF00F005009B0348BF00F0FB0070472E
:10FF9000D0E8AF0F7047034610B5D3E8EF0F00EA83
:10FFA0000102C3E8E42F002CF7D110BD012310B4E7
:10FFB00003FA01F104464AB1D4E8EF3F0B43C4E829
:10FFC000E23F002AF8D15DF8044B7047C9435DF861
:10FFD000044BFFF7E0BF2DE9F04F87B09DF8486074
:10FFE00005460C4690460021102202A81F46DDF867
:10FFF00040909DF844A003F060FECEB9CDE90248E0
:020000040003F7
:10000000012242F2080002A9E9F7EEFB044658B9C2
:10001000BAF1000F3AD11035D5E8EF3F43F00403B1
:10002000C5E8E23F002AF7D1204607B0BDE8F08FCF
:10003000E8F71CFB8346E4B937BB5846E1F743F9C0
:100040000923012ECDE901B48DF800308DF80100AF
:10005000CDF80C80D4D10222CDF810D00596D0E78F
:1000600014F83320083A012A24D901339845F7D1EE
:10007000E2E70023FAE717F83320083A012A19D9F2
:1000800001339945F7D1D8E70023FAE70122022E80
:1000900008BF059242F2090008BF324602A908BF14
:1000A000CDF810D0CDE90279E9F79EFB0028B2D057
:1000B0000446B9E76FF01504B6E7436813F008008B
:1000C0000AD05A0307D403F4C063B3F5806F14BF9A
:1000D0000220012070470120704770B506460D468A
:1000E00042F20A00012186B0E8F712F90446B0B1E5
:1000F0000C3095B10121FFF793FB204606F1100269
:1001000003A907230095E8F7F1F80022214642F2FF
:100110000A00E8F7AFFB06B070BD2946EBE76FF0C9
:100120006800F8E71830F8F7B1BDD0F8BC00003827
:1001300018BF01207047D0E8AF0F7047FFF7C3B971
:1001400073B504460D46CDE9003222B96B46D0F8AE
:10015000B46001AAB0472846E6F780FD019B23B1B1
:100160006FF06D0220460099984702B070BD837A07
:10017000072B01D1E9F714BF70472438E9F7B4BF62
:10018000002203680BB9184670478B4210D10B68E8
:1001900042B942680360914200D1436000230120CC
:1001A0000B60704713604368994208BF4260F5E7EF
:1001B0001A461B68E6E710B50446006918B1E6F771
:1001C0004DFD0023236110BD2DE9F84307460E467F
:1001D000904600244FF0D809B44203D100231846BA
:1001E000BDE8F88309FB0470EAF7E0F8034658B16C
:1001F000857A012D02D0073D012D03D81A8842458A
:10020000EDD01846EAF7C0F90134E5E738B5037ACE
:1002100004468B42154615D100F17001072228468D
:1002200003F053FD80B1E378072243B904F17E0166
:10023000284603F04AFDB0FA80F0400938BD04F1C9
:100240007701F5E70020F9E70120F7E77030704704
:10025000F8B507460D4642F213000E21E8F758F8AC
:100260000646D0B10E210C30E6F726FE04460E22DB
:10027000002103F022FD3B88314623802B88002299
:1002800063806B8842F21300A380AB88E380EB8825
:100290002381BDE8F840E8F7EDBA6FF06800F8BDDB
:1002A00070477047012210B400F15003D3E8EF1FEC
:1002B000C3E8E42F002CF9D141B9034653F84C2B85
:1002C000C164D2F8C01031B9C2E92F3300685DF8BB
:1002D000044BEAF795B80B60C2F8C030F6E770B58A
:1002E0000446D0E900352BB30021D3F8BC204C30B4
:1002F0006AB1904230D1E26C31BBD3F8C010C3F880
:10030000BC20884201D1C3F8C0200023E36400224E
:1003100004F15003D3E8EF1FC3E8E02F0028F9D120
:1003200004F13006236BD3B96B680BB120469847B4
:1003300000232360E3680BB1204698472B6AB3B1D2
:100340002046BDE8704018470A60D3F8C0209042AC
:1003500008BFC3F8C010D8E711461268C8E70022EA
:1003600000233046F7F788FDE6F778FCDAE770BD42
:1003700038B5406B30B150F8084904B1083CFFF77C
:10038000AEFF04B938BDA5682DB12046083DFFF782
:10039000A6FF2C46F7E72046BDE83840FFF79FBF91
:1003A000F8B50F4600210546164600234FF22442B9
:1003B0000846EBF71DF8044620B92846BDE8F8408A
:1003C000EAF744BF04210C30E6F776FD057047706C
:1003D00046802046F8BD406B28B1838B08388B429D
:1003E00001D08068F8E7704710B54AB989B2FFF7C5
:1003F000F2FF28B143689B6913B1BDE8104018476C
:1004000010BD38B50D460521FFF7E5FF002329464D
:100410001A46EBF709F8044610B12846E6F71EFC29
:10042000204638BD406B28B1838908388B4201D003
:100430008068F8E7704770470346006828B159683C
:10044000026888421A6008BF5A607047034600205D
:1004500003B970471A8A5B681044F9E710B5D4688D
:100460000231237813B92170012010BD8B42FBD0DB
:10047000038A023B038200201061F6E706207047E2
:10048000FFF718B873B51446014605464FF4957248
:10049000206800F0B7FD207500BB237A2068ABB15F
:1004A000A3F11802534253419B000193638A2946EA
:1004B0000093AE68238AE268B047002808DB238AED
:1004C00098420ED100230120237508E00223ECE7B7
:1004D00010F1FF0F05D34042C0B22075002002B0DA
:1004E00070BD0E20F9E71FB5CDE9012300231A46A0
:1004F0000093ECF773FD05B05DF804FBF8B5936865
:1005000005460F461446166863B9506801210C3041
:10051000E6F7D2FCA0602B681B78002B14BF0223E7
:1005200001230370A3681B78012B03D0022B1FD07B
:1005300000201CE02B681B78002BF9D16068042197
:100540000C30E6F7B9FCE06007802A68E36852885F
:100550005A806168728D738B088A9A4294BFC0EB8F
:100560000200C0EB0300042894BF00200120F8BD66
:100570002B681B78022BDBD1606812210C30E6F768
:100580009BFCE06007802B68E268591C0232113343
:1005900051F8040B994242F8040BF9D16168728D4D
:1005A000738B088A9A4294BFC0EB0200C0EB030031
:1005B0001228D9E770B40568AA6A52B3136803B168
:1005C000B03BA2F1B0040022114600E0B03B8442EF
:1005D00007D0668D648BB14238BF3146A24238BF26
:1005E00022461C462BB1D3F8B030002BEED184420A
:1005F000EFD1438D408B8B4201D890420BD9824280
:1006000038BF02469942286838BF194670BCEDF7DA
:10061000AFBA1146EDE770BC7047D068043103787B
:1006200013B90170012070478B42FBD00020916804
:100630000B8A043B0B82106170472DE9F04F044692
:1006400085B0104690469946FFF700FF638B628D98
:100650008B46934228BF1346834240F293806368DF
:1006600040460393E6F740FB4FF0000A064640463B
:10067000FFF7ECFE628B638D06F10C079A4294BF84
:10068000C0EB0205C0EB03053846FFF7B5F885421D
:1006900017D24046FFF7DAFE628B638D9A4294BF11
:1006A000C0EB0205C0EB03058DBB98F80A00E6F726
:1006B000DDF800220023FFF788F8064630B95746D8
:1006C00036E03846FFF798F80546EDE70146404624
:1006D000E6F750FB4046FFF7B9FE628D638B06F1EB
:1006E0000C079A4294BFC0EB0205C0EB03053846E5
:1006F000FFF782F885421FD24046FFF7A7FE628DC2
:10070000638B9A4294BFC0EB0205C0EB0305F1680E
:10071000328ACDF80090DBF804700A4403985946F9
:10072000ABB2B847071E0CDABAF1000F18BF574634
:10073000384605B0BDE8F08F3846FFF75DF805464E
:10074000E5E70E9BB3B9394606F10C00E6F7B4FBBA
:100750004046FFF77BFE638D628BB944934228BF0E
:1007600013468342BA441FFA89F9A8D9AF423FF42D
:100770007EAFA4E7394630460F9A0E9B9847002873
:10078000E1D19CE70027D3E70022036803B9704753
:100790008B420FD10B683AB942680360914200D195
:1007A000436000230B60704713604368994208BFA1
:1007B0004260F6E71A461B68E8E706207047D0E873
:1007C000EF3F43F00802C0E8E12F0029F7D1C3F35F
:1007D000C000704773B5002305461668144670685C
:1007E00029461373952200F00DFC207380B9CDE9E2
:1007F000000029463046A388A268FFF71EFF0028A4
:1008000009DA10F1FF0F32BF0E204042C0B2207350
:10081000002002B070BD0120FBE72DE9F341002369
:10082000074616681446706839461373952200F01F
:10083000E9FB0546207308BBA068718D728B038AA3
:10084000914294BFC3EB0103C3EB0203012B15DDFF
:1008500002210C30E6F730FBCDE900558046A38835
:1008600039463046A268FFF7E8FE031E0ADA13F1A4
:10087000FF0F32BF0E235B42DBB22373002002B0B6
:10088000BDE8F0810120A8F80030F8E72DE9F0413B
:1008900004468868FFF7DAFD638D628B0D4693424C
:1008A00028BF134683421DD300272166D1F8088054
:1008B0008F60F8F7A1FF41462046EBF7C1F90646E5
:1008C00038B1C5F808802766F9F704F83046BDE866
:1008D000F081618D638B2846994228BF194600F04C
:1008E000E6FBF1E76FF07906F0E738B50546D1E8A9
:1008F000AF3FDB0717D550F8040CA0B1EB6D93B9EF
:100900000430FFF799FD044668B10146281FEBF754
:1009100009FA002807DA55F8043C5A6822609A68F8
:100920005C6002B99C6038BD2DE9F041846A0746DD
:100930003CB354F8B06906B1B03E002307F1040897
:100940001D4601E034461646226E9AB905B98BB9A8
:100950004046FFF771FD054658B101462046EBF7CA
:10096000E1F900280DDA7B682B60BB687D6003B974
:10097000BD6023462EB1D6F8B020002AE2D0B03AAE
:10098000E0E7BDE8F08170B504460E460022002382
:100990000846F7F771FA054658B101462046EBF7CD
:1009A0004FF9044618B12946304602F063F8204654
:1009B00070BD6FF00104FAE7F8B5054650F8044C35
:1009C000071F00F15803D3E8EF1F21F00401C3E82B
:1009D000E21F002AF7D104B3EB6D8BB963687BB1DA
:1009E000201DFFF729FD014606463846FFF74EFF5A
:1009F000002812DA63683360A368666003B9A660F2
:100A0000384605F16001FFF7BEFF30B1384604F10A
:100A10000C01BDE8F840FFF7B6BFF8BD38B5044695
:100A20000D46EBF70DF930B1294604F16400BDE83D
:100A3000384002F014B838BD2DE9F0418846174619
:100A40000121042205461E46EBF74EFA044670B11A
:100A500004210C30E6F730FA80F80080A0F801702D
:100A6000C67021462846BDE8F041FFF7D7BFBDE874
:100A7000F08137B50C46054601F10C00FEF7B0FEDB
:100A8000228A03460192E26812210092284613222C
:100A9000EBF7E0FA03B030BD37B50C46054601F17F
:100AA0000C00FEF79DFE228A03460192E26828466A
:100AB000009200221146EBF7CDFA03B030BD07B526
:100AC000CA680C211388528800920D22EBF792FC21
:100AD00003B05DF804FB07B50022CB680A211B8830
:100AE00000920B22EBF786FC03B05DF804FB70B5B7
:100AF000CB6804461E88B3B2162B1AD90321EBF734
:100B00003BFB0546B8B102210C30E6F7D5F96FF092
:100B10000D0303700123294643702046FFF77EFF33
:100B20004FF4F973204663836685FFF743FD002089
:100B300070BD0420FCE70E20FAE7ECF7E3B90A8A5F
:100B40000023C968EBF7F0BD0120704708B5EBF74B
:100B50002BF878B1836A6BB1B03B03F15C02D2E849
:100B6000EF0F20F00800C2E8E10F0029F7D1D3F819
:100B7000B030F0E708BD08B50421FFF753FC20B101
:100B80005830D0E8AF0FC0F3C00008BD70B51C46A8
:100B90000E461546EBF72EF80123C0E90365C38026
:100BA000047570BD10B5029CA36833B1B1F5807FA8
:100BB00028BF0E21CAB221469847A37DE268013BB7
:100BC000DBB2A37522B11BB92046BDE81040104727
:100BD00010BD1060918000207047F0B50768064690
:100BE0003D78144689B0E5B97B88B3F5245F04D01D
:100BF00011D8A3F52053032B13D8ADF80A10022205
:100C000020460DF10A01EBF72DFF70B16FF01502D0
:100C1000C4F8342206E003F55643FF339BB2042B9D
:100C20001DD90125284609B0F0BD7B880222204647
:100C30000DF10A01ADF80A30EBF714FF0028E5D1F9
:100C4000009003AA132331467768B847021EDFDB02
:100C500003A92046EBF706FF0028E2D0D6E7ADF85F
:100C60000A10022220460DF10A01EBF7FBFE0028D4
:100C7000CCD17B880222ADF80A300DF10A01E8E7F9
:100C8000072208B503F021F8B0FA80F0400908BD4A
:100C9000D0E8AF0F7047012310B503FA01F1D0E897
:100CA000EF3F43EA0102C0E8E42F002CF7D11942DC
:100CB00014BF0120002010BDFEF7FCBB0B680360D1
:100CC0008B8883808B7983717047034610B5D3E896
:100CD000EF0F00EA0102C3E8E42F002CF7D110BDAA
:100CE000F8B599420446DDE906070D46089E01D98C
:100CF0000020F8BD914201D20120FAE760B98FB916
:100D000033882946013B33802046099B0A9A98473D
:100D10003388002BEDD1EBE72168FEF75BFF00285D
:100D2000EDD0E9E7E368BB42E6D1E9E770B50D46EF
:100D3000064611F8010BEAF72BF9044610B12C898D
:100D4000E9F722FCA87A05F10B01EAF721F928B1AD
:100D50006B8A9C4238BF1C46E9F716FCAB8AA3425B
:100D600007D0AB69AC8223B121463046BDE8704064
:100D7000184770BD10600020704738B5044615460E
:100D8000FFF7E2FE50B12046EBF77EFE30B1037A6A
:100D9000DB0703D500210C30FFF77DFF35B9207A42
:100DA00004F17001EBF79EFE00B1856038BD38B5E7
:100DB000BDF810401546944211D374B123B92046B2
:100DC000BDE83840ECF722B8A21A8A42A8BF0A460A
:100DD00094B22246591902F062FF204638BD6FF0E6
:100DE0000600FBE730B585B0C96814461D46EBF731
:100DF00099FE00B100890223ADF80E000093294648
:100E00002046BDF820200DF10E03FFF7D0FF05B0FE
:100E100030BD1FB50C461946E36810461C78BDF876
:100E200018203CB110240133069404B0BDE81040F2
:100E3000FFF7BDBF5B88ADF80E30022300930DF1C4
:100E40000E03FFF7B4FF04B010BD30B51D460023FC
:100E500085B014468DF80C30EBF716FE10B1037A0E
:100E60008DF80C300123294600932046BDF8202040
:100E700003ABFFF79CFF05B030BD2DE9F0411446F0
:100E80001D46BDF81870E7F7F1FB0646E0F71BFAC0
:100E900080B2069033463A4629462046BDE8F041E6
:100EA000FFF785BF30B585B014461D46FEF77EFFBF
:100EB0000223ADF80E00009329462046BDF82020FD
:100EC0000DF10E03FFF773FF05B030BD70B500F1F3
:100ED000700605463146007AFEF76BFF0446314640
:100EE000287A3CB1EBF7FEFD18B1002303604360A4
:100EF000836070BDEBF7F6FD0028FAD00460446013
:100F00008460F6E7022A10B508D1002300F17001D1
:100F10001A46007AEBF72AFE022010BDFFF7D6FF33
:100F2000FAE738B5BDF81010BDF8184010468C42ED
:100F30001A46059D11D374B125B92046BDE8384045
:100F4000EBF764BF631A9A42A8BF1A4694B22246CE
:100F5000294402F0A4FE204638BD6FF00600FBE7EE
:100F600013B5044610B9002002B010BD00238DF85F
:100F7000043042F60303006801A9ADF80630FEF71D
:100F800029FE0028EFD1E36898880028ECD120469C
:100F9000EBF7DCFF013080B2E6E770B5CC681E46A7
:100FA000A37988B008468DF80C301546FFF7D8FFB6
:100FB000ADF80D00246823786BB96388ADF80F3065
:100FC0000523009331462846BDF8302003ABFFF7D8
:100FD000EEFE08B070BD631C0DF10F02113453F822
:100FE000041BA34242F8041BF9D11323E9E71FB500
:100FF000CDE9012300231A460093EBF7EFFF05B07C
:101000005DF804FB4B8A12F0010FC3F30E0304D00A
:1010100013F0950F10D0486870B112F0020F04D091
:1010200013F4957F0AD0896841B1134013F4DE7F31
:1010300014BF05200020704702207047032070472E
:10104000F8B506460F46EBF71FFDD0B1037ADB0774
:1010500017D500F10C042046FFF71AFE10F0010529
:101060000FD17FB16FF002012046FFF72EFE10F086
:101070000207304608D0FFF769FD29462046FFF7F2
:101080000AFE01252846F8BDFFF75EFD0028F9D0CD
:101090003046FFF770FD0028F4D06FF002012046C3
:1010A000FFF713FE3046FFF751FD3946E6E770477C
:1010B0000021F8B54FF0FF324FF0FF3305460846E8
:1010C000EAF796F900F10C07044601213846E5F7E6
:1010D000F3FE0526012106703846E5F7EDFE0023F4
:1010E00006701A4621462846EAF79EF910B12046B6
:1010F000E5F7B4FD0020F8BD6FF0850070470020D3
:101100007047F8B5069F0469C9B2EFF31186402510
:1011100085F31288BFF36F8F0C2569430C44A56CCF
:1011200005F0070CBCF1010F0BD1A76486F3118801
:10113000BFF36F8FC4E9102343685B5898470020C2
:10114000F8BD05F0C005AF4286F31188BFF36F8F7D
:101150000CBF6FF077004FF0FF30F1E713B580243C
:101160000094FFF7CEFF02B010BD0069CBB200EBD8
:101170004310002110470020EFF77EBE0020EFF75C
:10118000A3BE1046F6F704BF8022ECF791BD002005
:10119000704708461146E7F743BC084608B51146B4
:1011A000FAF770FA002818BF6FF0040008BD08B500
:1011B000FAF7C2FA002818BF6FF0040008BD2DE945
:1011C000F0470024836886B0884691465B6902AA8E
:1011D00001A99847A2462546029BAB4202D806B019
:1011E000BDE8F0870026019F07EBC5077B680493E5
:1011F0003A680AEB0603B24202D89A460135EBE799
:1012000049460394059303A8C0470028E7D0049BF0
:1012100001361C44ECE770B5037B04460BB100F0CB
:101220009DFC0026A06800B970BDB0F5007F28BF06
:101230004FF4007005460246D4E90010ECF788FF31
:1012400063682B44636023680BB12B442360A3685D
:101250005B1BA360002BE5D0237B0136002BE1D084
:10126000304600F07CFC0028DCD00120DCE708469A
:101270000021ECF791BF084611461A4609B1ECF778
:101280008BBF6FF01500704743681C330B60012360
:1012900013607047436800209B69C1E900307047C4
:1012A000F6F776BE4FF0FF324FF0FF33F6F7D8BEB9
:1012B000F0B54468076900208BB000908DF80400F9
:1012C0000120119D0790109802F08006CDE90805D5
:1012D000D007CDF818D08DF8001012D53A7F1BBA80
:1012E000D107049357BFBDF81130CDF80130ADF8E8
:1012F00001309DF813304EBF05238DF803300423D1
:101300000793002D0CBF0122022206ABCDE9032377
:10131000029302232146059351F8040B36B18368EA
:101320001C68002302AAA0470BB0F0BD83681C68AC
:1013300004ABF7E7002373B50D1E466814BF042104
:101340000621CDE9003380220446FFF7B1FF96F86D
:1013500030309B0609D540B93DB90346CDE90000C0
:10136000802298212046FFF7A3FF02B070BD1FB571
:10137000012301930DF10F030093002305211A4669
:10138000FFF796FF08B99DF80F0005B05DF804FB64
:101390002DE9FF41064615461C4601270DF10F08B1
:1013A000002305211A463046CDE90087FFF780FF6C
:1013B00040B99DF80F30DB0704D528462146F8F7E1
:1013C0003DFCEDE704B0BDE8F0812DE9F3471F4691
:1013D00043680D1E064690469B695CDBEA199A42FB
:1013E00059D80069FFF75EFF00213046FFF7A2FFE2
:1013F0000446002844D181462FB901213046FFF729
:1014000099FF044640E0B7F5807FBA4628BF4FF405
:10141000807A2A4605EB0A03002D03F1FF334FEAD9
:101420001323B8BF05F1FF02B3EB222F08D06B42A4
:10143000DBB25FFA85FA58BFC3F1000ACAF5807AB9
:101440000023802206213046CDE90099FFF730FFC6
:101450000446A8B92B46812202213046CDE9008AF4
:10146000FFF726FF044658B9012200233046FFF754
:101470008FFFA7EB0A070446D04455440028BBD091
:1014800001213046FFF756FF3069FFF709FF20467C
:1014900002B0BDE8F0876FF01504F8E7F7B51E4617
:1014A00043680D1E044617469B6914DBAA199A422D
:1014B00011D80069FFF7F6FE2B46012203212046D2
:1014C000CDE90076FFF7F4FE05462069FFF7E8FE58
:1014D000284603B0F0BD6FF01505F9E7F7B544688D
:1014E000054694F830309A0746D5076901F0BEFBEF
:1014F0004FF47A76A0FB060C002347F6122206FB77
:1015000001C1DBF7B5F8BB69C31A13D4628DA68D90
:101510009B1AB3420EDA47F6122740F2E730002159
:10152000F61A4FF47A720023E6FB0701DBF7A0F806
:10153000F8F784FB94F8303013F004031CD18022B8
:10154000AB212846CDE90033FFF7B2FEA8B994F8E5
:1015500030309B0710D540F2E73147F612250E4692
:101560000146E48D4FF47A72E5FB046100233046B6
:10157000DBF77EF8F8F762FB002003B0F0BD73B52F
:101580004368044693F830309A071BD50023802225
:10159000B921CDE90033FFF78BFEA0B9636893F85A
:1015A00030309B070ED5256901F060FB4FF47A744B
:1015B000A0FB040647F61222002304FB0161DBF7BF
:1015C00057F8A861002002B070BD436800205B6836
:1015D000DB680B607047436802EA01005B6821EA40
:1015E00002015860002099607047436800205B68E2
:1015F00059607047436800205B6899607047436892
:101600005A68136821EA03000B4050600020936081
:1016100070470129036907D193F8F90010F0010020
:101620000CD003F11400704739B993F8F90010F0A9
:10163000020003D003F1800070470020704713B50B
:101640000C460022002369464C30F6F7B1F820B969
:10165000009B6360019B9B082381B0FA80F04009E6
:1016600002B010BD13460A460121FDF72CBF70B52C
:1016700090F8F5300446012B0E4613D0EDF7BCF977
:10168000054640B90423D4F8EC0084F8F430F1F7AF
:10169000A7F9284670BD94F8F5301BB9D4F88C3002
:1016A0009B08338173683146D4F8EC00C4F8F030FD
:1016B000F1F7D8F80125ECE70A460121FDF7FABE5B
:1016C00091F8F03010B5012B0C4609D1D1F8E800A3
:1016D000F1F7AEF954F8040CBDE81040E2F7C4BFCE
:1016E000081FBDE81040EDF79DB94B1E012B73B5E7
:1016F00004460D461ED800F14C0600220023694620
:101700003046F6F755F880B1022D15D104F1B80531
:101710000022002369462846F6F74AF860B9009986
:10172000D4F88800F5F782FEF2E70099E069F5F752
:101730007DFEE2E70029E9D002B070BD30B5436814
:101740001360057A446804EBC504A34202D36FF02A
:10175000010030BD5C798C4201D00833F0E70020F5
:10176000F7E743681B68D3F83031704743681B685C
:10177000D3F88004C3F88004704742681368D3F834
:101780004C0150B10020926A12780A70C3F84C01E3
:10179000D3F84C2101229A6270474FF0FF30704716
:1017A00013B501AA0446FFF7C9FF002805DB019B1A
:1017B000226819791868EDF723FE02B010BD0129DF
:1017C000F8B505460C4617D143680021D868FFF7E5
:1017D000E7FF08216A681368C3F80015117A49B950
:1017E000926AC3F80427C3F80847C3F84C11D3F82A
:1017F0004C219C620020F8BD79BB46683468D4F85F
:101800005031B3B10123E362D4F82431002BFBD073
:101810000023C4F85031D4F85021C4F82431D4F84E
:101820002421C4F84C31D4F84C21C4F81431D4F834
:1018300014316B684FF47A751F68D7F8303123B9CB
:10184000012000F08FF9013DF7D10023C4F80035E5
:101850000121F068FFF7A4FFCCE76FF08500CAE72D
:10186000FDF728BE002201214A20E4F7DFBB10B5B6
:101870000B6813B91846136005E003685C681CB177
:1018800014600368186810BD083303600B68013BDF
:101890000B60EDE713B501AA0446FFF74FFF0028E0
:1018A00005DB019B226819791868EDF7A9FD02B0E4
:1018B00010BD012970B50C4606D100214368D86BD4
:1018C000FFF7E8FF002070BD61B90669456896F82A
:1018D0006D3023B12846F1F7A7FB86F86D40012152
:1018E000E86BEDE76FF08500EDE710B5036804469F
:1018F000DBB19868C8B149B1197B0122EDF70AFF45
:1019000023681869BDE8104001F00CB812B99A8834
:10191000D2040AD4186901F005F823680022BDE852
:101920001040197B9868EDF7F5BE10BD10B5012287
:1019300000210446FFF7D9FFA36933B9636004F1BE
:101940001000BDE81040F6F723BB10BD10B50069CC
:1019500003688B4206D190F86C4034B9FFF7E6FF7C
:10196000204610BD6FF01500FBE76FF00F00F8E7A1
:1019700038B505690446296405F12800F6F708FB27
:10198000002285F86C2020691146BDE83840FFF739
:10199000ACBF10B54FF0FF304FF0FF31EEF7E4FB76
:1019A000044628B9CFF7DCF8044618B1EEF7E4FB9B
:1019B000204610BDEEF7E0FB2046E5F765FFF7E7B0
:1019C00038B50B8A0D467BB30B7E012B14D0042B4C
:1019D0002AD14FF0FF304FF0FF31EEF7C5FB044640
:1019E00040B9E868DBF7B7F90446EEF7C5FBB4B1D8
:1019F000EEF71CFC204638BD4FF0FF304FF0FF31B2
:101A0000EEF7B2FB04460028F4D1E868EEF7EAFDF1
:101A10000446EEF7B1FB002CECD1EEF707FC2846AC
:101A2000E5F71CF90024E5E76FF01504E2E7EEF7AF
:101A30003FBD10B531220021044602F03EF92023BB
:101A400023708023A3706FF03F0363710423A3729C
:101A50002823A3730223E3730423A3756FF0080301
:101A600063766FF03C03A3766FF00C03E3767E237E
:101A70002377302384F820306FF03F0384F821303F
:101A8000012384F822306FF0070384F82330012308
:101A900084F82430802384F82630402384F82D30C5
:101AA00010BD002303604360037823F03D0343F03F
:101AB0003D030370437823F0410343F04103437037
:101AC000704708B5EFF708F9002008BD08B5F9F729
:101AD00033FE48B1002383F31188BFF36F8F0423D3
:101AE000184602DF6FF0040008BD684620F00701C9
:101AF0008D4601B5D8F7A2FDE3F70CFFBDE8014024
:101B000085467047684620F007018D4601B5DFF72E
:101B10000AFABDE8014085467047684620F0070193
:101B20008D4601B5D8F708FCE3F7F4FEBDE80140A7
:101B30008546704708B5DEF76BFF002008BD70478B
:101B4000D8F7B0B808B5D9F7E7FE30B1EFF30580A4
:101B50000338032894BF0020012008BD70470120EE
:101B60007047004700F0DEBE70B5044608461646D2
:101B7000EFF70EFC083034F810300D46DA0509D5C1
:101B8000C3F3432304EBC3023146284654F83330F1
:101B900052689847A3682BB131462846E268BDE8F1
:101BA0007040184770BD2DE9F3411746DDE908582C
:101BB000019001A80C461E46EFF742FC019B391E1E
:101BC00018BF012100EB8300231E18BF0123002E44
:101BD00043EA410314BF0C210021002D43EA010315
:101BE00014BF4FF470610021B8F1000F43EA010304
:101BF00014BF4FF440310021D0F880200B4322EA7B
:101C0000030304B124780FB13F787F001C430EB169
:101C10003678B6003C438DB1297809023443B8F1D7
:101C2000000F03D098F800804FEA0848214341EAAA
:101C30000801C0F8801002B0BDE8F0812946EDE748
:101C40001FB50DF10F03019300238DF80F101A46F5
:101C500019460093FFF7A7FF05B05DF804FB10B528
:101C600004792046EFF774FC10B12046EFF796FC9C
:101C700000F0010010BD2DE9F0470025044688461C
:101C800017462E464FF00109AA46BE420CD1D4F8A1
:101C9000443133B10023C4F84431D4F8443145F41D
:101CA00000352846BDE8F087F0B2EFF7FBFBA0F562
:101CB00080739B0809FA03F318EA030F05D0225832
:101CC0001AB144F800A022581D430136DDE770B573
:101CD0000679044630460D46EFF760FCB0B1304659
:101CE000EFF736FC90B93046EFF722FC012322686B
:101CF0008340C2F81833226803B202EB8303D3F89F
:101D0000102522F00302C3F8102570BD2846BDE857
:101D100070400021FFF794BFEFF780BDFFF7D7BFFA
:101D2000EFF74EBC00221146F0F7BABB01220021AA
:101D3000F0F7B6BB01221146F0F7B2BBC9B2F0F71B
:101D40006DBF70B50126A2F58074A40806FA04F4EC
:101D5000054614EA010008D0A85830B100213046E9
:101D6000A950AA581A6822431A6070BD00232DE9B1
:101D7000F34104460D460193904601AB4FF4807247
:101D8000FFF7DFFF4FF4827229462046FFF7D9FFA5
:101D90004FF48472074629462046FFF7D2FF0646D5
:101DA00030B1B8F1000F1DD017B13E46D4F80C3752
:101DB0004FF4A6722946204601ABFFF7C2FF30B1AF
:101DC000B8F1000F03D016B90FB1D4F80C374FF4A7
:101DD000B4722946204601ABFFF7B3FF019802B069
:101DE000BDE8F0814646E3E7012370B504460D46A1
:101DF00064264360002202212046FFF7B7FF20B986
:101E00000120FFF7AFFE013EF4D100236B77C4F849
:101E1000003570BD07B5019001A8F0F711FF01234F
:101E2000019A9340436003B05DF804FB07B501904D
:101E300001A8F0F705FF0123019A9340836003B0E6
:101E40005DF804FB0368013304D04068431C58422A
:101E5000584170470120704710B504680B689C42D8
:101E600009D040684968884205D08C4203D0181ACE
:101E700018BF012010BD0020FCE710B50468D1E9AF
:101E800000329C4202D14168914206D0944206D170
:101E90004068C31A5842584110BD0120FCE7002099
:101EA000FAE740F30903B3F1FF3F08BF0130C0F385
:101EB00009000430704710B5031F0439083053F887
:101EC000042F51F8044F834282EA04021A60F6D1CB
:101ED00010BD0346006830B95A682AB99868B0FA4C
:101EE00080F0400970470020704708B5036802463B
:101EF0001B0D13F4E06005D0101DFFF7ADFFB0FA25
:101F000080F0400908BD00B97047884201D00068E0
:101F1000F9E701207047C36E426D1944891AB1FB7D
:101F2000F3F203FB1211836D8B4208D90123406E3B
:101F3000CA0801F007018B40815C0B4383540020E9
:101F40007047024608B50846FFF7ABFF1368034425
:101F50001360002008BD0368013303600020704750
:101F60001FB5C3F309040294069C01940024009455
:101F7000F1F7B4FB04B010BD30B513460446026857
:101F8000082087B004AD916E0390029558680190C7
:101F90001B6810460093CB6902F11001F1F7BEFAFD
:101FA00030B92846211DFFF757FF003818BF012020
:101FB00007B030BD10B5836E04465B6B13B9C068C3
:101FC000E4F72AFCA36E9B6B13B9E069E4F724FCE9
:101FD000A36EDB6B13B9606EE4F71EFC002010BD2E
:101FE0002DE9F04F0646884691469A46002487B070
:101FF000119F0DF1100BA74203D8002007B0BDE8D8
:10200000F08F3D1B082D28BF0825109B4246E31882
:10201000CDE900A300213046CDE902B5A9EB0403C8
:10202000F1F77CFA0028E9D1129B2A461868594634
:10203000F4F702FE129B2C441860DCE72DE9F04F08
:102040000746884691469A46002487B0129E0DF1B5
:10205000100BA64201D800201BE0351B082D28BF1D
:102060000825109B4246E318CDE900A3002138461D
:10207000CDE902B5A9EB0403F1F750FA48B9119B79
:102080002A465846191901F020FE002804D005DA26
:10209000012007B0BDE8F08F2C44DAE70220F8E712
:1020A00030B513468268C1F30905AA4228BF2A4603
:1020B00085B0029241680446019159680091016817
:1020C0001B680846FFF7BAFF28B9A368AB4202D0E5
:1020D00034BF0120022005B030BD0023E2F732BF3B
:1020E0001FB50023CDE9023301934FF0FF33009376
:1020F000F1F7D0FD05B05DF804FBF8B5C6690D68D1
:10210000083EB5420F4613D3B5FBF6F00138FCF795
:10211000C5FA841CA5EB8404B4FBF6F42046FCF756
:10212000BDFAA5EB8005204604FB16553D60F8BDC1
:102130000020FCE72DE9F04F89B006460F46DDF898
:102140004C8005924BB94FF0FF32C8F800200020B8
:10215000149A136009B0BDE8F08F846E013B07A9A3
:1021600020460793FFF7C9FF12A905462046FFF74F
:10217000C4FF4FF0040A81460DF1140BA945059ADE
:1021800003D3129BC8F80020E1E795FAA5F3A5EB6D
:102190000904B4FA84F4B3FA83F3C4F11F049C4233
:1021A00028BF1C46A300CDE90023002104233A46A2
:1021B0003046CDE902BAF1F7B1F90028CAD10123BE
:1021C000A340ED1ADAE72DE9F04F89B00746DDE9C3
:1021D000120A884691461E46E0B10138059005A9CD
:1021E000B86EFFF78AFF04460DF1180B31461498BC
:1021F000D04778B974B104F00105C5F102039B0022
:10220000CDE900604A4641463846CDE902B3F1F7D0
:1022100085F910B109B0BDE8F08F069925B9149879
:10222000D0470028F6D1012008AB03EB8000023D27
:1022300050F8086C2C44D9E77FB50C4604310646AB
:10224000F2F750FA054680BB21463046F2F74AFACB
:10225000054650BB2246042342F8080FCDE902236D
:10226000019022680146009230463246F1F756F955
:1022700010B110F1540F1BD1B36E5A6A002A0BDD56
:10228000A368013242F00102013B1344B3FBF2F1B7
:1022900002FB11329B1AA3604FF0FF330422C4E902
:1022A00003230022C4E90523E361284604B070BD7E
:1022B0000546FAE710B50C46826AFF21E06801F096
:1022C000FCFC4FF0FF33236010BD2DE9F04F91B0BF
:1022D000CDE907230B6B0646DC020D461BD54C6B84
:1022E000089BCA6AE318934238BF1346C26F9A42EA
:1022F00011D2CC63C36E0366F2F7C2FC2B6B0446AB
:1023000030B143F400232B63204611B0BDE8F08FB9
:1023100023F480132B63089B059305F1400304937A
:10232000059B0BB9089CEFE72B6B9A030CD5B26E9B
:10233000E96BD269914240F0A580DB021FD56FF0B6
:102340000103AB636B6B3CE013F48013F7D16A6B52
:10235000AAB10F930FAB0293013A05F13803019331
:1023600000923046D5E90A230499FFF7E3FE0446BC
:1023700008B12B6BC5E70499B06EFFF79BFFF36EB6
:102380003366AB6B0A936B6B0693013B0B93304642
:102390000DA9F2F7A7F904460028EAD1DDF8349038
:1023A00030464946F1F78EFA044630B114F1540F25
:1023B000DFD14FF0FF332B64E9E7069B1BB9C5F86B
:1023C0003890EB635AE0B76E0B9B38460EA90E931C
:1023D000FFF793FE0E9B03F10108FB69CDF83880EF
:1023E000984572D1013090FAA0FBBBFA8BFBA04656
:1023F0000A9B0BF1010A0F930FAF4FEA8803099371
:102400000423CDE90273099B3246CDE9009330469F
:1024100001230499F2F7B6FB0F9B04460028C5D1AF
:10242000C34557D108F10108C245E6D8C5F8389030
:102430004FEA8A03C5E70A9B3246009300213046E3
:10244000CDE9027BCDF804A0A8EB0A03F1F766F80A
:10245000044600288DD1012332463046CDE9027B67
:10246000CDE9009A0499F2F78DFB044600289DD12E
:102470000AF1010AD045DED8C5E90E982B6B43F46A
:1024800000332B63B36EDF69EB6BFF1A059B9F4232
:1024900028BF1F46079B03970293EB6B32460193BD
:1024A000AB6B3046009304990123F2F76BFB0446B3
:1024B00000B310F1540F7FF45CAF29463046F2F7B9
:1024C000DFFB04460028E5D053E7A2464FF0010B9E
:1024D0000FAFCFE70422CDE90272099A0146CDE998
:1024E0000032304604233246F1F718F8044600283B
:1024F00098D03EE76B6B3B446B63EB6B3B44EB6309
:10250000079B3B440793059BDB1B0593F36E3366E8
:1025100006E7F0B585B0CDE902231D464B680C46B1
:1025200001930B68174600930246002300F1100147
:10253000F2F728FB064640B92A463946E068F4F728
:102540007BFB6368E0602B446360304605B0F0BD00
:102550002DE9F04F064687B010469946FFF7A1FCDB
:102560004B6893464A69034493420C46804641D8DF
:102570008B682BF0004A8AEA03031BBA05933046A6
:10258000042305AAFFF7C5FF054678BBBBF1000F82
:10259000A8F1040720DA0DF1130B2FB30123CDE9C5
:1025A00002B3D9F804303246043B4344DB1B0193A9
:1025B000D9F800300021009330463B46F0F7AEFFDB
:1025C00040B901235A4621463046FFF7A2FF013F9A
:1025D0000028E2D0054609E03B464A4621463046FF
:1025E000FFF797FF0028F5D1C4F808A0284607B0E8
:1025F000BDE8F08F6FF01B05F8E713460A46D0E9F7
:102600000001FFF7A5BFF0B50B6B0C46590305465B
:1026100097B008D5DA0258BF4FF0FF3223F4802379
:1026200058BF22642363216B8B0302D4002017B0B0
:10263000F0BD11F48011666BE76A3FD1542201A806
:1026400001F03BFBA36ACDE90B37012311AFCDE9C4
:102650000D3695E80F0087E80F004FF0FF372F6029
:10266000626BE36A9A4212D304F1400701232A46BF
:1026700039462846F2F72CFA20B310F1540FD6D180
:1026800021462846F2F7FCFA0028EFD0CFE70123D5
:1026900028460DF1030201A9F1F7AAFE0028C6DBC6
:1026A0000123214628460DF10302FFF70EFE002804
:1026B000BDDB2B680133D3D01197D0E7BE422CBFCE
:1026C00066636763A36BA362636BE362236B23F4AC
:1026D000003343F48033C4E90C36A7E72DE9F04317
:1026E0008DB00C4604A9054617469846BDF854908F
:1026F000FFF7A2FD064628BBE37D3A468DF827305A
:10270000A36928460A93E36904A90B93BDF85830DE
:10271000CDE90193149B00934346F2F78DFC00280A
:1027200014DB0123049F059A2046A761E261E3754B
:1027300005F12001FFF790FB20B9B9F1000F01D19D
:10274000C5E9087230460DB0BDE8F0830646F9E7EA
:1027500010B50446F3F724F8002806DB05D0204620
:10276000BDE810400021F3F7B7B910BD70B50B6B91
:1027700005461E030C4686B04AD4FFF744FF226B81
:1027800020B142F40022226306B070BDD1033FD5D0
:1027900004F108063046FFF755FB002838D1D20275
:1027A0001FD540F20120E36CE26AA18842EA81224F
:1027B00042EA0052CDE90223226D2846936843EA9B
:1027C000812343F08153049353683146059302AA51
:1027D0000223FFF7BDFF236BB8B143F4002323634B
:1027E000D2E72A46284605F11001F2F717FB002828
:1027F000CAD1236BDB02D4D4D4E90A016B46082288
:1028000083E8030040F20220CFE723F48033236300
:102810000020B9E770B505460C46FFF7A7FF06464E
:10282000AB6A05F128021BB19C42196808D11160FE
:10283000236D1B6813B9E06CE3F7EEFF304670BD03
:102840001A460B46EFE72DE9F34106460D461446BE
:10285000486B1BB1012B26D1841829D4736FA34276
:1028600026D384421CD02B6B9B032DD4D6F86880D2
:10287000694600904046FFF740FC01A907464046E4
:102880000194FFF73AFC87421ED16B6C019A934288
:102890001AD8A96C0B449A4216D26C63EA6320469C
:1028A00002B0BDE8F081022B05D0736F9842F7D9D2
:1028B0006FF01500F4E7D1E90B32920302D58342A1
:1028C00038BF0346E418C8E729463046FFF79BFEA9
:1028D0000028E5D16C63E2E7FFF76CBB30B58BB045
:1028E00001911546002301AA02A90446F1F77CFCD8
:1028F000002806DBC0F389222B46204602A9F0F708
:1029000099FF0BB030BD836A00F128021BB19942D8
:10291000186802D11060002070471A460346F5E798
:10292000F1F746BF08B1E4F73FBB704740B1C36859
:10293000587810F001001EBF1878B0FA80F04009F6
:102940007047EFF31183402383F31288BFF36F8F37
:10295000FEE710B5D0E9003433B90020E2685378BF
:1029600043F00103537010BD204698470028F4D06F
:102970000028B8BF4042FF28A8BFFF20E3681870B6
:10298000ECE701F09AB901F08AB9704710B400F190
:102990000C04C0E903445DF8044BE0F737BC07B50D
:1029A000CDE900230A460421F4F79AFB03B05DF851
:1029B00004FB8169C36843EA010212F003020FD1EC
:1029C00002614269013A01FB0233C2689A4201D9AD
:1029D0000020704702691A60826903619B1AF4E75C
:1029E0006FF015007047C0E9032303FB02120023B8
:1029F000436280F83030836000F12803C0E906218B
:102A0000C0E90000C0E90A3341610162704790F9F2
:102A10000E308B4201D0F6F7FBBD00207047034615
:102A20000020C3E90033C3E90200704710B5044633
:102A300030B10268930703D0446809B100F0CBF9C4
:102A4000204610BD0023C0E90033836000F10C0371
:102A5000C0E9033300F11403C0E9053370470123D3
:102A600007B5009300230A461946F5F743F903B06A
:102A70005DF804FB002307B50A4600931946F5F7F5
:102A800039F903B05DF804FB00210068FFF7CEBF01
:102A90005AB18A4209D300F11003C0E90212C0E919
:102AA0000000C0E90433002070476FF01500704744
:102AB000012302688B4022EA0303036022FA01F03B
:102AC00000F001007047704710B5032104460C3038
:102AD000FFF7EEFF30B104F11000F7F725FDB0FA73
:102AE00080F0400910BD20B10022E0301146F7F718
:102AF0003FBA704770B5C3680446C3F340069B07EE
:102B000016D4856802210C30FFF7D2FF80B1D5F8CA
:102B1000D8206AB194421DD122689EB9D5F8DC3024
:102B2000C5F8D8209C4201D1C5F8DC2000232360E1
:102B3000E36813F01F001EBF43F00203E36040F0A0
:102B4000020070BD3260D5F8DC20944208BFC5F8A1
:102B5000DC60EBE716461268DBE710B5F5F7D2FD4F
:102B6000041E08DDEFF31180402383F31288BFF3C6
:102B70006F8FF6F72DFE204610BDEFF3058000386D
:102B800018BF012070476FF0570070470020704752
:102B9000D0E9003213605A600023C0E90033704767
:102BA00038B504460D46F6F71DFA637B43F0020381
:102BB0006373E5B1A5602B689D4209D16B68C4E9D8
:102BC00000531C606C6012E06A689A42F6D01B6881
:102BD000002BF3D094F90E2093F90E108A42F3D013
:102BE0009142F1DD5A68C4E9003214605C6038BD7E
:102BF00001211838F6F7DCBB10B50446F6F790FB58
:102C000004F11800BDE81040F7F78EBC38B5054652
:102C100004680020AC4200D138BD002CFCD0204616
:102C2000FFF7EAFF2046F6F735FB2C680120A542A6
:102C3000F1E710B5F7F786FB0446F7F78BFB74B1A5
:102C4000D4E904321B1A62EBE072B3F1004F72F167
:102C5000000104DA002AACBF1846002010BD6FF056
:102C60000040FBE708B5F7F759FD08BDF7F756BD7B
:102C7000B3F1FF3F08BFB2F1FF3F70B504461D46F8
:102C8000164613D01A4315D06FF001024FF0FF33F0
:102C9000921B63EB0501002904DAF7F73FFD821967
:102CA00041EB0501C4E90021204670BD4FF0FF3221
:102CB0001146F7E70022FBE7B3F1FF3F08BFB2F18F
:102CC000FF3FF8B5074616461C4610D054EA0203EB
:102CD00011D0F7F723FDB0420A46A14103460AD2BC
:102CE000F31A64EB0204C7E900343846F8BD4FF02C
:102CF000FF331C46F7E70023FBE70023C0E9081277
:102D000000F11802C0E90622C0E9003303634363FF
:102D1000704710B50446F7F707FCA8B9636A0BB112
:102D20002046984704F11800F6F724FC60B1F6F746
:102D3000B1FAEFF31180402383F31288BFF36F8F52
:102D4000BDE81040F6F744BD10BD2DE9F0418468A0
:102D500005460E46ECB16378012B25D114F8533C9F
:102D60009A0714D5A4F160073846FFF745FF082EEF
:102D70000CBF6FF003030023E36214F8533CDB063F
:102D800005D154F8483C13B93846F6F783FA0023C6
:102D900023700020EB68A860C3F38632164366F305
:102DA0009433EB60BDE8F081022BF0D12378002B47
:102DB000EDD054F8048CB8F1000FE8D004F1140001
:102DC000F7F7B2FB0023A4F1140739464046E3624B
:102DD000F5F798FCDBE720B1011F50F8040CF4F77D
:102DE0001DBA704700207047704710B5044608B1FF
:102DF000F8F7C2F82046BDE81040F8F7ADB8034632
:102E0000C068E0B15888D0B11B8803F44F42B2F5D6
:102E1000824F09D1DBB2272B2AD008D8172B0FD02D
:102E2000222B34D0122B16D06FF085007047302B38
:102E30002FD0413B012BF7D8FF2839D10020704714
:102E4000C028FBD0E128F9D0B0F5807F0CBF00206E
:102E50006FF08600704720F02003C02BEED020F0EA
:102E60008003B3F5807FE9D040F209239842EDE773
:102E7000E928E3D0EF28E1D040F21B139842DDD0DF
:102E800040F299139842D9D040F23B23EEE7E9286B
:102E9000F1E720F02003C02BD0D020F04003B3F5A1
:102EA000807FCBD0B0F5C07FC8D0B0F5007FCDE734
:102EB000B0F5E07FCAE73AB1002918BF002321210D
:102EC000D21A184400F0F9BE704741F20623984226
:102ED0001AD8B0F5905F09D241F2010398420CD0A4
:102EE000B0F5885F09D06FF0850070476923A0F5C1
:102EF000905080B2C340DB07F5D511F0070F0CBF2F
:102F000000206FF086007047B0F5105FEBD121F024
:102F10004003802B06D0B1F5807F0CBF00206FF0FE
:102F2000860070470020704770B5446A05460E461B
:102F30003CB90120F8F70AF8686228B12046AE6271
:102F400070BD6FF08A00FBE76FF08C00F8E7F8B512
:102F50001E460F4615460388C2B103F4E043B3F59D
:102F6000805F02D0B3F5005F10D1089BE9001960C3
:102F70000088FFF7AAFF044630B92A463946304692
:102F800000F08DFE079B1D602046F8BD6FF08504A4
:102F9000FAE710B50446406A10B1A16AFFF725FFB1
:102FA0000020C4E9090010BD38B50546FFF7F1FF60
:102FB0002B7F0446012B0ED0023B012B0ED82B6A2F
:102FC000012B18BF6FF096042C220021284600F038
:102FD00074FE204638BD2B6A002BF2E76FF0960492
:102FE000F2E710B50368044653B100F0F2F800238D
:102FF0002360A38823F4FF7323F00103A38010BD93
:103000001846FCE72DE9FF41054698460023039347
:103010002B68084617467BBBB8F1000F134603A97F
:1030200014BF4FF480624FF40062F8F7F3F80446DF
:1030300020BB039E384631882A1DF8F783F90446E1
:10304000E0B96B79314668F300036B71009728464D
:10305000D6E90923B8F1000F0BD0F8F707FE0446B4
:1030600060B90398F8F762FD0446204604B0BDE855
:10307000F081F8F71FFEF2E76FF088042846FFF7AB
:10308000B0FF0398F8F752FDEFE70123FFF7BABF4F
:1030900038B50468054664B112B90024204638BD2D
:1030A00000F080F804460028F7D02846FFF799FF83
:1030B000F4E76FF08804F1E72DE9F0411746026864
:1030C00005460E46984682B14279D2070DD502795F
:1030D0005AB1BA4216D800F06EF8044638B9A6B90B
:1030E0002846BDE8F041FFF77CBF6FF0880400235D
:1030F000C8F800702B7146B92846FFF772FF2046CA
:10310000BDE8F0816FF08904F1E721463A46304688
:10311000D8F80030FFF7CFFE2846FFF762FF002CFB
:1031200008BF0446EBE7037F022B06D1036A5A1C53
:1031300003D001330362002070476FF096007047A0
:1031400003466FF040420846591E914207D338B1FA
:1031500003F1404393428CBF0020012070470120BF
:103160007047034668B1017F8A1E012A0BD80329E4
:10317000026A03D1012A01D1FFF716BF1AB1013A41
:103180001A62002070476FF0960070470020704769
:10319000C0B2FF280CBF6FF0860000207047F8F720
:1031A00003BE70470368052B02D10830F9F754B904
:1031B0006FF08600704710B40468052C04D15DF8E8
:1031C000044B0830F9F762B96FF086005DF8044BE4
:1031D00070470368052B02D1083000F058B9002071
:1031E00070470020F8F738BF0020F8F76DBF0020C7
:1031F00000F0A1B8002070470A2840DCC31C22DA86
:1032000010F1400F47D010F13F0F2BDA10F1410FB2
:1032100044D010F1550F44D010F1490F08BF6FF0A2
:10322000840018BF6FF08600704709282AD8DFE8AD
:1032300000F00529290816293829292F6FF0980050
:10324000704700207047C31C0D2B1BD8DFE803F02C
:10325000072F1A1C1A1A1A1A1A1A1D1A1A1D6FF099
:103260008500704710F1210F1ED00BDB10F1200FED
:103270001DD010F1100F08BF6FF09400D1E7643833
:103280000928D2D96FF0860070476FF0940070471C
:103290006FF08C0070476FF0840070476FF089000A
:1032A00070476FF0930070476FF0880070476FF0C1
:1032B0009200704710B58B4294BFC4184418A042C6
:1032C00000D110BD00F8012BF9E700231A4682B0A7
:1032D00001908B4201D102B070470198C254013372
:1032E000F7E70368D90444BF43F4806303600368CD
:1032F0009A0444BF43F400630360704737B5054642
:1033000000216846F9F722FD044668B930222946B3
:103310006846F9F76DFD10F1520F044607D0431CC3
:10332000F4D0684600F098FB204603B030BD6846F4
:1033300000F092FBE4E70020704707B501A9F8F719
:10334000E7FF003818BF012003B05DF804FB38B573
:1033500043680446102B26D890F8183100F1200558
:103360003BB9284600F0C0FA18B1BDE83840FFF775
:1033700043BFA2680C34102A07D021462846C2F168
:10338000100200F023FA0028EFD12146284600F071
:103390004AFA0028E9D1284600F051FB03460028EC
:1033A000E3D1184638BD6FF08603FAE7F8F7C8BFD7
:1033B000F8F7C6BF2DE9F041044680680F469042F9
:1033C000154609D3201A1C3000F069FCA3685B1B6A
:1033D000A3600020BDE8F08194F8183143B904F1EE
:1033E000200000F081FA18B1BDE8F041FFF704BFFA
:1033F000A26832F0100309D0A01A39461C3000F040
:103400004EFCA3681F44ED1A0023A360A3686E1E40
:1034100026F00F069BBB102204F10C0104F12000E2
:1034200000F0D4F90028DFD1102284F81801A2603E
:103430004EB13246394604F1200000F0C7F90028A9
:10344000D2D184F8180104F12008404600F0A1FA16
:103450000028C9D1404600F0F2FA0028C4D110215A
:1034600004F10C00FFF731FFAA1BB2D0B91904F127
:103470000C0000F014FCA3685B1B3344A8E7002E8B
:10348000D7D194F81831002BDDD02A46EEE708B5E5
:103490004FF40A71FFF719FF002008BDCA0448BFA6
:1034A00041F480618B0448BF41F400618160704742
:1034B000C0F30253042B05D8012B07D80DD06FF0B1
:1034C00098007047052BFAD1032306E00B8844F2DD
:1034D00012118B420CBF0423022300F0300020287D
:1034E000136001D00020704702331360FAE713B570
:1034F0000C46F8F70DFFC31C0FD0013009D0042291
:103500004FF0FF3321460DEB0200019300F0DDFB8D
:1035100030B96FF08B0002B010BD6FF08400FAE795
:103520000020F8E730B589B0054618220C4601A8FE
:10353000002100F0C2FB012344EA052401A9FA207E
:1035400007940593F8F784FE002818BF6FF09200E7
:1035500009B030BDF7B5FA2001A9F8F7D9FE044645
:1035600010B1002003B0F0BD019D2F0AEDB2AC42B6
:1035700005D1FA20F8F7B2FE0028F2D008E0E619EB
:103580003046F8F7ABFE30B13046FFF7D6FE10B943
:103590006FF09200E6E70134E9E738B503780446B6
:1035A000033303F00303012B0FD86FF0210038BD64
:1035B00060782844F8F784FE48B901352378C3F3CE
:1035C00082039D42F4D30020F1E70025F6E70220B4
:1035D000EDE74368A3F11001914241D8012243F87D
:1035E0000C2C53F8042C42F0200243F8042C53F81E
:1035F000082C42F0005243F8082C836800F11402B2
:10360000A3F1100191422FD8012243F80C2C53F85A
:10361000042C42F0200243F8042C53F8082C42F00A
:10362000005243F8082CC36803F15402BFF35F8FC4
:103630004FF0A3431A60BFF35F8FC2680432BFF339
:103640005F8F1A61BFF35F8FBFF35F8F03225A63EF
:10365000BFF35F8FBFF35F8F9A63BFF35F8F7047D6
:10366000103242F80C2CB7E7103242F80C2CC9E7A4
:10367000BFF35F8F4FF0A343DA69BFF35F8FBFF3F0
:103680005F8F10215963BFF35F8FBFF35F8F0021FE
:103690005963BFF35F8FBFF35F8FD96BBFF35F8F4A
:1036A0004906F8D422B1BFF35F8FDA61BFF35F8FB1
:1036B000704708B5F9F7A4FC30B9BFF35F8F4FF03E
:1036C000A343986ABFF35F8FBFF35F8F4FF0A342AE
:1036D000D36BBFF35F8F10F0240F03F0230304D0EC
:1036E000FFF7C6FF6FF01F0008BD4FF0FF30002B43
:1036F000FAD1BFF35F8F1063BFF35F8F1846F3E714
:1037000010B59EB0024646F611031AA901A8F9F7B2
:10371000DDFA0023039A10211360039A01A8936035
:10372000039B1AAA10330393FFF753FFFFF7C1FF60
:10373000431C0446FAD001A87421FFF7C6FD2046B9
:103740001EB010BD10B50269044613690BB1506973
:10375000984704F11400BDE81040F9F7DDBB08B547
:10376000826803464AB902681169426A114204D06C
:10377000FFF7E8FF6FF0530008BD03F1140070215C
:1037800003F17802FFF725FF0020F5E773B5064641
:1037900001A8F9F79BFC044678B906F11400F9F783
:1037A00091FB0198FFF7ACFF044648B93269D36832
:1037B0001BB150699847054618B9204602B070BD44
:1037C00005463046FFF7BEFF2C46F6E710B5047DF0
:1037D00003462CB3B2F1807F04D3FFF7B3FF6FF041
:1037E0003F0010BD4468062C04D9FFF7ABFF6FF013
:1037F0004400F6E70AB90020F3E78069016099699F
:103800008A60186899698069C068C86099691031D0
:103810009961596801315960996811449960EAE7E2
:103820006FF02000DDE710B4037D002B57D08368D4
:10383000C3B9836900F124021A60036882691B68B6
:10384000013343F000539360046882692368A469DC
:103850000133E4681B0203F4F8532343D360836904
:1038600010338361036882681C68131923EA040318
:1038700084699B1A54F8042C42EA032244F8042C6D
:10388000826952F8084C234443F0005342F8083C44
:1038900003681A68C368134423EA0203C26911600B
:1038A000C269C1689160C26902F11001C161C16859
:1038B0008B420AD000211161C168C2695B1A43F0D2
:1038C00080439360C3691033C3610368DA68436A55
:1038D00023EA020343625DF8044BFFF740BF6FF039
:1038E00020005DF8044B704738B5037D0446002B7B
:1038F00049D103685B69002B48D0FFF747FF0546B5
:1039000000283ED1214651F8783B626A9B6904F158
:1039100014001B68F9F7DAF90123636023699A68D8
:103920009AB9A2691B6813602369A2695B6843F0B6
:10393000005393602268A36992699268DA60A36970
:103940001033A361636801336360236AA269C433DF
:1039500013602368A2695B6943F000539360226897
:10396000A36992695268DA60A36922681033A3617F
:103970006368013363601269636A134363620023FF
:10398000A360284638BD6FF02005FAE76FF04705C1
:10399000F7E738B5027D0346002A3CD0026881680B
:1039A00094688C4204D9FFF7CDFE6FF0530038BD08
:1039B0005468B1FBF4F504FB151424B1FFF7C2FE03
:1039C0006FF04500F3E7416AD06801435962D3E9DB
:1039D0000701C431526901601868D96940690F3222
:1039E0008860D96922F00F0201F11000D8611868CF
:1039F000406990420AD00C611868D9694069121A6E
:103A000042F080428A60DA691032DA611846BDE815
:103A10003840FFF7A4BE6FF02000C8E738B5037D3B
:103A200005464BB1FFF745FE431C044602D028462D
:103A3000FFF788FE204638BD6FF02004FAE710B586
:103A4000037D04462BB12046FFF7E8FF431CFAD064
:103A500010BD6FF02000FBE710B5037804461BB1E2
:103A6000F8F76CF900232370002010BD38B502254B
:103A7000036804469D6000F00CF818B1236803F554
:103A80008053DD6138BD03685A5070470368585849
:103A900070470369186800F4003070472DE9F04161
:103AA0000546F9F7F9FA0746012241F22801FFF726
:103AB000EAFF002241F228013846FFF7E4FF41F215
:103AC00004013846FFF7E2FFC406F8D410F02006E0
:103AD00002D00220BDE8F08141F22C013846FFF708
:103AE000D5FF0122044641F208013846FFF7CBFF1B
:103AF0008DB901224FF480513846FFF7C4FF41F2DF
:103B000004013846FFF7C2FF420700F023033BD40D
:103B1000002BF4D0DDE72B68C4F3036803BBE1049A
:103B200058BF6C68AB684BBF41F20C0641F21006FF
:103B3000C4F30354A8EB0404002BDAD0EB68002B89
:103B4000D7D0A34211DC0024EB689C42D1DAAB68E9
:103B5000314653F824203846FFF795FF0134F3E748
:103B60006B68002BDBD098450ADA0D20B2E72B6892
:103B700041F2100153F826203846FFF784FF013642
:103B80006B689E42F3DBCAE7F9F78AFA01463846CA
:103B9000F9F78AFA00209DE7C0F30B03482B4B602E
:103BA00028BF482310F4003F8B6008BF0023CB6080
:103BB00010F4803308BFC1E9013300F47003B3F59A
:103BC000700F14BF00238B6800284FF0010C4FF0DA
:103BD00008028B60B8BF0023C1E905C2B8BFC1E9C4
:103BE000053370470144814200D1704711F8013D0F
:103BF0001A440A70120AF6E710B501380A449142D5
:103C000000D110BD10F8013F11F8014B6340037063
:103C1000F5E7F3F77FBF4FF0FF324FF0FF33F3F7D5
:103C2000A9BEFEF7FCBE00F029B807B54FF0FF3380
:103C30004FF0FF32CDE90023002200F02DF803B051
:103C40005DF804FB00F024B800F01EB810B5C46E97
:103C5000826E4B68E40703EA02030BD59A420BD14C
:103C6000012380F870300B68436608601830F6F75F
:103C70005BFC01E0002BF3D1002010BD0023C0E964
:103C80000000C0E9023370474FF0FF32F9F774BA11
:103C90000A460021F9F770BA5200F9F7BFBA0A4490
:103CA000914200F1FF3300D1704710B511F8014B7C
:103CB000914203F8014FF9D110BD034602449342EB
:103CC00000D1704703F8011BF9E710B50139024430
:103CD000904201D1002005E0037811F8014FA34282
:103CE00001D0181B10BD0130F2E70346C9B21846D7
:103CF00013F8012B12B18A42F9D17047002918BF7D
:103D000000207047034670B51E4613F8014B44B1BE
:103D10004A1E01E0A54204D012F8015F002DF9D13E
:103D2000F2E7301A70BD10B50446013932B111F80E
:103D3000013F013A00F8013B002BF7D10021FFF7CA
:103D4000BCFF204610BD024610B501448A4213460E
:103D500003D01C780132002CF8D1181A10BD03468C
:103D600070B51E4613F8014B3CB14A1E01E0A54256
:103D7000F7D012F8015F002DF9D1301A70BD2DE98E
:103D8000F0470746884616464FF0000AC3F1370948
:103D90005FFA89F903F01F05384641462A46534623
:103DA000D8F766FCD4B23A464346092C84BF4C444B
:103DB000E4B2AA4204F1300473EB0A0307468846D2
:103DC00006F8014BE8D23046BDE8F0872DE9F04F08
:103DD00089B00618994604AB41EB010400931546DF
:103DE000D2E9002330462146DDF84CB000F0ACF8B3
:103DF00006AB00930746D5E90223884630462146A4
:103E000000F0A2F8DDE90463841951EB03064FF0DA
:103E10000002D5E9000128BF0122069BA9F1410A51
:103E2000D218079B43F10003381848EB0101B84250
:103E300071EB080134BF01200020E968CDE90623B9
:103E40000391A968CDF800A014EB010C039946EB8F
:103E5000010110EB0C0041F10001A04271EB060CD6
:103E600034BF4FF0010C4FF0000C1CEB020243F189
:103E7000000300F084F8129BC3E90001149B012B9E
:103E8000DDE9062329D1D5E90201D5E900C5201ACB
:103E900066EB0101674578EB050534BF0125002578
:103EA000401B61F10001844276EB010534BF01251E
:103EB0000025CDF800A0521B63F1000300F05FF86D
:103EC000DDE90623CBE9000120463146CDF800A00C
:103ED00000F055F809B0BDE8F08F17EB070E48EB7E
:103EE000080C201946EB0601BE457CEB080834BFE0
:103EF00001270027C71941F10008D5E900018645CF
:103F00007CEB010C38BF0120D5E9021528BF002049
:103F1000381A68F1000C401A6CEB050192185B41ED
:103F2000A74278EB060534BF01250025521943F15D
:103F30000003874278EB010834BF01250025521B9E
:103F4000A9F140050095B7E7F0B50F460446A0FB80
:103F50000201A7FB02524919A3FB0445A7FB037307
:103F600042F10002611845F10004D219059E43F1A7
:103F70000003121943F10003C6E90023F0BDF0B5B8
:103F8000059CC4F14007C4F1200602FA06F6A4F12C
:103F90002005BB4022FA05F53343C4F120062B432C
:103FA00001FA06F6A4F12005E04021FA05F53043B8
:103FB000BA402843E14010431943F0BDCB072DE937
:103FC000F34757EC106B55EC114B824638D4324610
:103FD0003B4620462946D8F7C1F8DAE91A2380463D
:103FE000894620462946D8F7B9F8DAE91823D7F7E1
:103FF000FFFE4246CDE900014B4620462946D8F750
:10400000ADF802460B46DDE90001D8F7A7F8DAE97A
:10401000162304460D4640464946D8F79FF83246D7
:104020003B46D7F7E5FE02460B4620462946D7F722
:10403000DFFED8F7CDFA00EE100A02B0BDE8F08737
:1040400022462B4620462946D8F788F8DAE90E237F
:1040500006460F4620462946D8F780F8DAE90C23B1
:10406000D7F7C6FEDAE9102380468946304639463E
:10407000D8F774F802460B4640464946D7F7B8FED3
:10408000DAE91423CDE9000120462946D8F766F87D
:10409000DAE91223D7F7ACFE3246804689463B4622
:1040A00020462946D8F75AF802460B46404649466C
:1040B000D8F754F802460B46DDE90001B7E72DE9D1
:1040C000F04357EC106B3B463446C3F30A55C3F339
:1040D0001303FE0F54EA030C40F2FF77067107D07A
:1040E000BD420CD146F0080606710020BDE8F08301
:1040F000002D63D0BD425ED146F00406F4E7002DEA
:1041000059D10125A5F2FF350029056059DB0C299D
:1041100059DC0126C1F10D05AD0005F1FF3EA5F109
:10412000210CC5F1210726FA07F706FA0CFC06FA5E
:104130000EF64CEA070CB7194CEB0C09D7F1000846
:1041400069EB490E013F49F1FF39274009EA0309AC
:10415000BE427CEB09090FDBC5F12009B5F1200750
:1041600003FA09F924FA05F545EA09055CBF43FAA3
:1041700007F73D43ED0703D5A619344643EB0C037F
:1041800004EA080403EA0E0300F112050D260846AE
:104190004FF0300EC2F1270204F00F01240944EA67
:1041A000037406F1FF3C1B116F1EB1B9B0420CDA6B
:1041B00066463D46F0E743F48013A3E72C462B46C2
:1041C000A2E70021E0E70D21DEE785F800E01CF121
:1041D000010166463D46DFD188E70929C8BF891835
:1041E0003031B042B8BF30462970F0E7D1E904322F
:1041F00093421EBF5A1C0A6118707047BAD0FD7FE7
:1042000001000000F56E01000000000051DD01001A
:10421000E44203009170020000000000C572020039
:104220000000000051E601001443030051E60100C4
:10423000FC42030051E601002C430300250D02005F
:1042400000000000351B0300000000008F11030078
:1042500044430300AF1103005C4303007DF50100FC
:104260007443030085E0010000000000E5FF010049
:104270000000000075760100000000005D480100AC
:10428000000000008567010000000000B903020083
:104290008C4303000913010000000000218202008A
:1042A00000000000EDEA0100BC43030071F70100CB
:1042B000D4430300FDE00100A44303004D77010057
:1042C00000000000C31A030000000000CD1A030024
:1042D0000000000025E20100EC4303007D700100B6
:1042E000000000003ECF0300B0770300FC4C030049
:1042F000100B0020B06B002000000000BFD10300B5
:104300002C780300BC4C03001A0B0020446C0020E6
:1043100000000000CBD1030044780300BC4C030034
:104320001C0B0020506C002000000000D6D10300C0
:104330005C780300BC4C03001E0B00205C6C00206A
:104340000000000065CF0300000000007C4C03006B
:10435000120B0020000000000000000074CF0300DA
:1043600000000000844C0300140B0020000000003B
:104370000000000083D50300F8780300184D030007
:10438000220B0020A86C0020A808002083DB03007B
:1043900000000000187A0300260B0020B86C0020F3
:1043A000000000007CCF0300000000008C4C0300E4
:1043B000160B0020000000000000000067D503007D
:1043C00074780300E04C0300200B0020AC070020B1
:1043D000000000005AD7030078790300F44C030072
:1043E000240B0020C8080020B80800208FD003004C
:1043F000D8770300A44C0300180B0020246C002085
:104400009C0700200000000015F7020000000000DB
:1044100015F702000000000015F702000000000080
:1044200015F702000000000015F702000000000070
:1044300015F702000000000015F702000000000060
:1044400015F702000000000015F702000000000050
:1044500015F702000000000015F702000000000040
:1044600015F702000000000015F702000000000030
:1044700015F702000000000015F702000000000020
:1044800015F702000000000015F702000000000010
:1044900015F702000000000015F702000000000000
:1044A00015F702000000000015F7020000000000F0
:1044B00015F702000000000015F7020000000000E0
:1044C00015F702000000000015F7020000000000D0
:1044D00015F702000000000015F7020000000000C0
:1044E00015F7020000000000110E0200000000009D
:1044F00015F702000000000015F7020000000000A0
:1045000015F702000000000015F70200000000008F
:1045100015F702000000000015F70200000000007F
:1045200015F702000000000015F70200000000006F
:1045300015F702000000000015F70200000000005F
:1045400015F702000000000015F70200000000004F
:1045500015F702000000000015F70200000000003F
:1045600015F702000000000015F70200000000002F
:1045700015F702000000000015F70200000000001F
:1045800015F702000000000015F70200000000000F
:1045900015F702000000000015F7020000000000FF
:1045A00015F702000000000015F7020000000000EF
:1045B00015F702000000000015F7020000000000DF
:1045C00015F702000000000015F7020000000000CF
:1045D00015F702000000000015F7020000000000BF
:1045E00015F702000000000015F7020000000000AF
:1045F00015F702000000000015F70200000000009F
:1046000015F702000000000015F70200000000008E
:1046100015F702000000000015F70200000000007E
:1046200015F702000000000015F70200000000006E
:1046300015F702000000000015F70200000000005E
:1046400015F702000000000049CF02000000000042
:1046500015F7020081330200631B03000000000015
:1046600015F702000000000015F70200000000002E
:1046700015F702000000000015F70200000000001E
:1046800015F702000000000015F70200000000000E
:1046900015F702000000000015F7020000000000FE
:1046A00015F702000000000015F7020000000000EE
:1046B00015F702000000000015F7020000000000DE
:1046C00015F702000000000015F7020000000000CE
:1046D00015F702000000000015F7020000000000BE
:1046E00015F702000000000015F7020000000000AE
:1046F00015F702000000000015F70200000000009E
:1047000015F702000000000015F70200000000008D
:1047100015F702000000000015F70200000000007D
:1047200015F702000000000015F70200000000006D
:1047300015F702000000000015F70200000000005D
:1047400015F702000000000015F70200000000004D
:1047500015F702000000000015F70200000000003D
:1047600015F702000000000015F70200000000002D
:1047700015F702000000000015F70200000000001D
:1047800015F702000000000015F70200000000000D
:1047900015F702000000000015F7020000000000FD
:1047A00015F702000000000015F7020000000000ED
:1047B00015F702000000000015F7020000000000DD
:1047C00015F702000000000015F7020000000000CD
:1047D00015F702000000000015F7020000000000BD
:1047E00015F702000000000015F7020000000000AD
:1047F00015F702000000000015F70200000000009D
:1048000015F702000000000015F70200000000008C
:1048100015F702000000000015F70200000000007C
:1048200015F702000000000015F70200000000006C
:1048300015F702000000000015F70200000000005C
:1048400015F702000000000015F70200000000004C
:1048500015F702000000000015F70200000000003C
:1048600015F702000000000015F70200000000002C
:1048700015F702000000000015F70200000000001C
:1048800015F702000000000015F70200000000000C
:1048900015F702000000000015F7020000000000FC
:1048A00015F702000000000015F7020000000000EC
:1048B00015F702000000000015F7020000000000DC
:1048C00015F702000000000015F7020000000000CC
:1048D00015F702000000000015F7020000000000BC
:1048E00015F702000000000015F7020000000000AC
:1048F00015F702000000000015F70200000000009C
:1049000015F702000000000015F70200000000008B
:1049100015F702000000000015F70200000000007B
:1049200015F702000000000015F70200000000006B
:1049300015F702000000000015F70200000000005B
:1049400015F702000000000015F70200000000004B
:1049500015F702000000000015F70200000000003B
:1049600015F702000000000015F70200000000002B
:1049700015F702000000000015F70200000000001B
:1049800015F702000000000015F70200000000000B
:1049900015F702000000000015F7020000000000FB
:1049A00015F702000000000015F7020000000000EB
:1049B00015F702000000000015F7020000000000DB
:1049C00015F702000000000015F7020000000000CB
:1049D00015F702000000000015F7020000000000BB
:1049E00015F702000000000015F7020000000000AB
:1049F00015F702000000000015F70200000000009B
:104A000015F702000000000015F70200000000008A
:104A100015F702000000000015F70200000000007A
:104A200015F702000000000015F70200000000006A
:104A300015F7020074430300631703000000000031
:104A400015F702000000000015F70200000000004A
:104A500015F702000000000015F70200000000003A
:104A600015F702000000000015F70200000000002A
:104A700015F702000000000015F70200000000001A
:104A800015F702000000000015F70200000000000A
:104A900015F702000000000015F7020000000000FA
:104AA00015F702000000000015F7020000000000EA
:104AB00015F702000000000015F7020000000000DA
:104AC00015F702000000000015F7020000000000CA
:104AD00015F702000000000015F70200091E020091
:104AE000631B03000000000015F70200D52A020036
:104AF000631B03000000000015F702000000000027
:104B000015F702000000000015F702000000000089
:104B100015F702000000000015F702000000000079
:104B200015F7020001240200631B030000000000CF
:104B300015F702000000000015F702000000000059
:104B400015F702000000000015F702000000000049
:104B500015F702000000000015F702000000000039
:104B600015F702000000000015F702000000000029
:104B700015F702000000000015F702000000000019
:104B800015F702000000000015F702000000000009
:104B900015F702000000000015F7020000000000F9
:104BA00015F702000000000015F7020000000000E9
:104BB00015F702000000000015F7020000000000D9
:104BC00015F702000000000015F7020000000000C9
:104BD00015F702000000000015F7020000000000B9
:104BE00015F702000000000015F7020000000000A9
:104BF00015F702000000000015F702000000000099
:104C000015F702000000000015F702000000000088
:104C100015F702000000000015F702000000000078
:104C200015F702000000000015F70200411B030009
:104C3000631B03000000000015F7020000000000E5
:104C400015F702000000000015F702000000000048
:104C500015F702000000000015F702000000000038
:104C600015F702000000000015F70200191E0200EF
:104C7000631B03000000000015F7020093110300FE
:104C8000000000009B1103000000000025E101006E
:104C9000771203006F120300E5E00100D5E0010088
:104CA000EDE001009D140300CB13030045E2010079
:104CB0001DE201009512030089120300DDE70100E7
:104CC000CB150300D7150300EB150300F515030002
:104CD000FF150300F9E60100B1E501000000000046
:104CE000FDED01001316030029F301007DEB010027
:104CF0004DF10100ADFA01004D190300ADDD0100D9
:104D0000891103005D1103000000000079DC01003F
:104D100000000000000000007B170300FDF501000B
:104D20006D1703000500000099B2010000000000AB
:104D30000600000011DC010000000000040000007B
:104D400081B80100000000005D1A0100C5190100D2
:104D50000000000000000000000000000119010038
:104D60004D1601000000000050760300080000000E
:104D7000F0760300070000008859030009000000D6
:104D8000F69C030003000000D99803000300000014
:104D9000F79A030003000000ABC00300030000000B
:104DA00066CB030003000000E6B50300030000002B
:104DB00099C6030003000000EDB5030003000000E6
:104DC0009ECE030003000000CCBE030003000000E1
:104DD0001CC003000300000094C80300030000008F
:104DE000A0DB0300030000008EDB030003000000D3
:104DF000CBCE030003000000D2CE0300030000006E
:104E000076A103000300000057CF03000300000059
:104E1000A2FB0300030000005EA7030003000000E4
:104E200095CF030003000000BC9C030003000000BA
:104E30006FDD030003000000C2B4030003000000A4
:104E400071D5030003000000E59B03000300000090
:104E5000BCB403000300000000A403000300000032
:104E60009BA4030003000000C0A603000300000091
:104E700041970300030000002FDC03000300000043
:104E800046AE030003000000B8B0030003000000BA
:104E900053B103000300000005F10300030000000C
:104EA000D7A603000300000062B103000300000066
:104EB0009CD003000300000064D70300030000003F
:104EC000079E0300030000008ED5030003000000CE
:104ED000A0730300A0060020AFA60300010000009D
:104EE0000000000001000000A0000000F000000031
:104EF00000000000D1BD0300D6BD0300DABD0300F1
:104F0000DEBD0300E2BD0300E6BD0300EABD030011
:104F1000EEBD0300F2BD0300F6BD0300FABD0300C1
:104F2000FEBD030002BE030006BE03000ABE03006E
:104F300000A0105000820D50000405500500000034
:104F4000040000000100000073F4030000010000F1
:104F5000030402000000000048A3000014A00000A9
:104F600068A600003CA50000F401FA009600640069
:104F70004B0032001E0014000A0005000200010070
:104F80002526270102040102040301020303000095
:104F9000250D0F0F010204010204000000000000B3
:104FA000F0230000241300003CF000003CF000005F
:104FB0000000000048A3000014A0000068A6000044
:104FC0003CA500000000000048A3000014A0000061
:104FD00068A600003CA500000304020000000000D9
:104FE00048A3000014A0000068A600003CA5000033
:104FF00001020303F401FA00960064004B00320042
:105000001E0014000A00050002000100000000005C
:1050100048A3000014A0000068A600003CA5000002
:1050200000000000F0230000241300003CF000000A
:105030003CF00000F401FA00960064004B003200DE
:105040001E0014000A000500020001000102FFFF1B
:10505000FFFFFF030000000048A3000014A00000B1
:1050600068A600003CA500000F141E28323C5064C6
:10507000780001020303010100020700010204019C
:105080000001000001010000010001000001000119
:1050900000000000F401FA00960064004B003200AA
:1050A0001E0014000A000500020001000102080FA2
:1050B000141E28323C50647801000B0002000A00E4
:1050C000050009000A000800140007001E00060081
:1050D000320005004B00040064000300960002004B
:1050E000FA000100F40100000102030302030100C1
:1050F0000C0802170D010102090901010602091835
:105100001803010109090303050302012302022414
:105110000910040405050B0B040B2B1B1B151A1A95
:105120001C021D16130501490D150508061B0F026B
:10513000020801010000FEFEFEFEFEFEFEFEFEFE77
:10514000FEFEFEFEFEFEFE16FEFEFEFEFEFEFEFE67
:10515000FEFEFEFEFEFEFE26FEFEFEFEFE30FEFE15
:10516000FE32FEFE32FEFE35FEFEEAEA00000000E0
:1051700048A3000014A0000068A600003CA50000A1
:105180000000000048A3000014A0000068A6000072
:105190003CA500000001020201020400A201B003CC
:1051A000BE05EE024806A209C405F40B24120E0245
:1051B0001C045A03B4063006600C0102030300000D
:1051C000010203030000000048A3000014A0000037
:1051D00068A600003CA500000102040102030300D0
:1051E0000000000048A3000014A0000068A6000012
:1051F0003CA50000F401FA00960064004B00320068
:105200001E0014000A00050002000100000000005A
:10521000F0230000241300003CF000003CF00000EC
:105220000000000048A3000014A0000068A60000D1
:105230003CA500000000000048A3000014A00000EE
:1052400068A600003CA50000010203030000000066
:10525000F0230000241300003CF000003CF00000AC
:1052600001020400030000000000000048A3000049
:1052700014A0000068A600003CA50000000000008B
:10528000F0230000241300003CF000003CF000007C
:105290000000000048A3000014A0000068A6000061
:1052A0003CA50000F401FA00960064004B003200B7
:1052B0001E0014000A0005000200010000000000AA
:1052C00048A3000014A0000068A600003CA5000050
:1052D000F401FA00960064004B0032001E00140036
:1052E0000A0005000200010000000000F023000099
:1052F000241300003CF000003CF000000102030316
:1053000000010202010204000000000048A30000A6
:1053100014A0000068A600003CA5000000010302E4
:10532000081A00200200000BE3A3C3007C00002049
:105330000200000B741A00200200000C761A0020F4
:105340000200000B761A00200100000C781A0020E1
:105350000100000C01000000070000000000000038
:1053600000000000000000000406080A0C0E1012E5
:105370001416181C1E20222426282A2C2E303234E3
:1053800036383A3C3E40424446484A4C4E021A5057
:10539000000040060C036009340800000000000013
:1053A00048A3000014A0000068A600003CA500006F
:1053B000000000002800000018000000500100005C
:1053C0005001000000000000F02300002413000042
:1053D0003CF000003CF0000000000000F023000062
:1053E00024130000E8670000187900001C0C780501
:1053F000A4381437000000000000000100008063A2
:10540000000080630000000040060000400600002D
:105410004006000040060000000098086B03580298
:105420009C18000000000000F0230000241300007E
:105430003CF000003CF0000000010302010208FF04
:105440007F00200018000A800720029801AA80002F
:1054500000000028000000200102030402030404ED
:10546000010203040101010201010101020304021E
:10547000E4E1D8D2C6C9B4B19C93878D6C637872CD
:105480004E4B272D1B1E36390020602040608000C7
:105490000000000000000101010101010101010102
:1054A00001010202020202020303030304040505D0
:1054B0000606070708090A0B0C0D0E0F1011121330
:1054C0001415161718191A0010010000D200000058
:1054D00030010000D800000001000000E4000000DE
:1054E00002000000EA00000003000000EE000000DF
:1054F00004000000F000000005000000F2000000C1
:1055000006000000F400000007000000F6000000A4
:1055100008000000F700000009000000F80000008B
:105520000A000000F90000000B000000FA00000073
:105530000D000000FB0000000F000000FC00000058
:1055400011000000FD00000013000000FE0000003C
:1055500015000000FF00000018000000000000001F
:105560001B000000010000001F00000002000000FE
:1055700023000000030000002800000004000000D9
:105580002D000000050000003300000006000000B0
:1055900039000000070000003F0000000800000084
:1055A00008090A0608080102060000100200FA00B5
:1055B0000000000097120100A3120100A7120100D1
:1055C000AF120100B3120100000000000000000053
:1055D0000338FDD870470000000000000000000004
:1055E0000338FDD8704700000100000000000000F3
:1055F000050000000000000019000000000000008D
:105600007D000000000000007102000000000000AA
:10561000350C000000000000093D00000000000003
:105620002D31010000000000E1F505000000000040
:1056300065CD1D0000000000F9029500000000008B
:10564000DD0EE90200000000514A8D0E000000004E
:105650009573C24800000000E941CC6B01000000D6
:105660008D49FD1A07000000C16FF286230000007B
:10567000C52EBCA2B1000000D9E9AC2D7803000012
:105680003D9160E45811000031D6E275BC5600002F
:10569000F52E6E4DAEB10100C9EA26836778080089
:1056A000ED95C28F055A2A00A1EDCCCE1BC2D300C6
:1056B00025A4000A8BCA220400000000000000009C
:1056C00000000000000000100000000000000000CA
:1056D000B9340332B7F4AD1410DB1AB30892540E88
:1056E0000D307D951447BA1A66088F4D26ADC66DEC
:1056F000F598BF85E2B74511CA96853D92BD1DEB71
:10570000FCA11860DCEF52163C92AE220BB8C1B47B
:10571000839D2D5B0562DA1C304C7E8F4E8BB25B15
:1057200016F4529F8B56A512FBD4827643ED8AF075
:105730008FE7F9311565191850F19BD94A13EEB46A
:10574000284CF0A686C1251F035FC270CB9E491668
:10575000E642889C44EB2014B0650836AD6EA58502
:1057600085F0CA14E2FD031A0B899979D5B13D0978
:10577000D8DA973A35EBCF10AC363F5E73BB38CFF3
:105780003E6752FA44AFBA15010000000000000065
:105790000000000000000020345065C05FC9A65220
:1057A000BB13CBAEC440C21806C8DF7100D5A87CBD
:1057B000F56F0FDA58FC27136E4756357D242065A8
:1057C00002C7E768E48CA41DE9E60268D7CD396119
:1057D0007977FCC2405BEF16798CDE43FFA751F965
:1057E00091F3B278F5BDBE11E857E9D6E8BEE87B83
:1057F000B054AC8F848D751BEA23A499E9F9D38B3F
:10580000B7A3714061DA3E15CEE33ECB73F9480889
:105810008C97B427D51B7010A2BFEFB9EB8532155A
:105820004DB44DB49BBB6F1996B6076CF8E7EEAD5F
:1058300036D9B4F59135AE13222218AF4E6A684DB1
:1058400091DAAA3D4F40741E9FBD9EE006A1C0980C
:1058500057C2A7FDA40E90170E7D497173E3208FE8
:10586000B220D87605143B12853D7434811343B0C1
:10587000AD297A5F27F4351C000000000000F03FDE
:10588000000000000000F0BF000000000000F0BFBA
:10589000000000000000F03F83C8C96D305F644124
:1058A000182D4454FB21F93F000000000000F03F98
:1058B0001C620CFDFFFFDFBF198F06E15355A53FAA
:1058C0009D359AE887C056BFC3F87B024393F93EE3
:1058D00003A695595455C5BFC40B23057610813FC7
:1058E00024CF7437EB9429BF000000000000F03F84
:1058F000000000000000F0BF000000000000F0BF4A
:10590000000000000000F03F83C8C96D305F6441B3
:10591000182D4454FB21F93F000000000000F0BFA7
:105920001C620CFDFFFFDF3F198F06E15355A5BF39
:105930009D359AE887C0563FC3F87B024393F9BE72
:1059400003A695595455C5BFC40B23057610813F56
:1059500024CF7437EB9429BF07100000BA0A002047
:1059600019020000B80A002001010000CA0A002044
:105970000913000054950300144303000A000000BB
:105980002C43030009000000588F0300130E03008E
:1059900000000000FE0A002000000100548F0300F8
:1059A0009B0F03000000000088060020000001009B
:1059B000ED0A002000000000892101000000000025
:1059C00000000200508F03009B0F03000000000046
:1059D0008006002000000100DC0A0020000000001A
:1059E000ED22010000000000000002004C8F0300C7
:1059F000E50D030051CD01001C67002000000300ED
:105A0000488F03009B0F0300000000007806002071
:105A100000000100CB0A0020E9E9020000000000BC
:105A20000000000000000100448F0300E50D0300AA
:105A300051CD010054060020000003000000803F0B
:105A400036FF7F3FD7FC7F3FE5F87F3F5EF37F3F28
:105A500043EC7F3F94E37F3F51D97F3F79CD7F3F38
:105A60000EC07F3F0FB17F3F7CA07F3F568E7F3FB0
:105A70009C7A7F3F4E657F3F6D4E7F3FF9357F3F7C
:105A8000F21B7F3F59007F3F2CE37E3F6DC47E3F7A
:105A90001CA47E3F38827E3FC35E7E3FBC397E3F82
:105AA00024137E3FFAEA7D3F3FC17D3FF4957D3F61
:105AB00018697D3FAC3A7D3FB00A7D3F25D97C3FD8
:105AC0000AA67C3F60717C3F283B7C3F61037C3FA2
:105AD0000DCA7B3F2A8F7B3FBB527B3FBE147B3F6F
:105AE00036D57A3F21947A3F80517A3F540D7A3FE0
:105AF0009DC7793F5C80793F9137793F3CED783F96
:105B00005EA1783FF853783F0905783F93B4773F1B
:105B10009662773F110F773F07BA763F7763763FFC
:105B2000620B763FC9B1753FAC56753F0BFA743FB7
:105B3000E79B743F413C743F19DB733F7178733FBF
:105B40004714733F9EAE723F7647723FCFDE713F80
:105B5000AA74713F0809713FE99B703F4F2D703F58
:105B600039BD6F3FA84B6F3F9ED86E3F1A646E3FA2
:105B70001EEE6D3FAA766D3FBFFD6C3F5E836C3FAE
:105B800088076C3F3D8A6B3F7E0B6B3F4B8B6A3FB8
:105B9000A7096A3F9086693F0902693F127C683F06
:105BA000ACF4673FD86B673F96E1663FE755663FC9
:105BB000CDC8653F483A653F59AA643F0119643F23
:105BC0004186633F19F2623F8B5C623F98C5613F3B
:105BD000402D613F8493603F66F85F3FE65B5F3F27
:105BE00005BE5E3FC51E5E3F267E5D3F29DC5C3FF5
:105BF000D0385C3F1A945B3F0AEE5A3FA0465A3FAA
:105C0000DE9D593FC4F3583F5348583F8C9B573F44
:105C100072ED563F033E563F438D553F31DB543FB7
:105C2000CF27543F1F73533F20BD523FD405523FEF
:105C30003D4D513F5B93503F30D84F3FBD1B4F3FD1
:105C4000025E4E3F029F4D3FBDDE4C3F351D4C3F37
:105C50006A5A4B3F5E964A3F12D1493F880A493FF4
:105C6000C042483FBC79473F7CAF463F03E4453FD5
:105C70005217453F6949443F4A7A433FF7A9423F9B
:105C800070D8413FB805413FCE31403FB55C3F3F02
:105C90006D863E3FF9AE3D3F59D63C3F8FFC3B3FC2
:105CA0009D213B3F82453A3F4268393FDC89383F7E
:105CB00054AA373FA9C9363FDEE7353FF304353FE5
:105CC000EB20343FC63B333F8655323F2C6E313F8D
:105CD000BB85303F329C2F3F94B12E3FE3C52D3F13
:105CE0001FD92C3F4AEB2B3F65FC2A3F730C2A3F00
:105CF000741B293F6A29283F5636273F3A42263FE0
:105D0000184D253FF156243FC65F233F9967223F38
:105D10006C6E213F4074203F16791F3FF17C1E3F7F
:105D2000D17F1D3FB9811C3FA9821B3FA4821A3F2E
:105D3000AB81193FC07F183FE47C173F1879163FAD
:105D40005F74153FBA6E143F2A68133FB260123F6A
:105D50005358113F0E4F103FE5440F3FDA390E3FC5
:105D6000EE2D0D3F24210C3F7C130B3FF8040A3F1E
:105D70009BF5083F65E5073F59D4063F77C2053FCD
:105D8000C3AF043F3D9C033FE787023FC372013F1F
:105D9000D35C003F2F8CFE3E275DFC3E902CFA3EEC
:105DA0006FFAF73EC5C6F53E9891F33EEA5AF13ECA
:105DB000BF22EF3E1AE9EC3EFFADEA3E7171E83ECC
:105DC0007533E63E0DF4E33E3DB3E13E0871DF3E40
:105DD000732DDD3E80E8DA3E34A2D83E925AD63E9C
:105DE0009D11D43E59C7D13ECA7BCF3EF32ECD3E46
:105DF000D9E0CA3E7E91C83EE640C63E15EFC33E9E
:105E00000F9CC13ED747BF3E71F2BC3EE19BBA3EFC
:105E10002A44B83E4FEBB53E5691B33E4136B13EB3
:105E200015DAAE3ED47CAC3E821EAA3E25BFA73E0C
:105E3000BE5EA53E52FDA23EE59AA03E7A379E3E4A
:105E400015D39B3EBA6D993E6D07973E31A0943EA7
:105E50000B38923EFECE8F3E0E658D3E3EFA8A3E58
:105E6000938E883E1022863EBAB4833E9346813E8E
:105E700042AF7D3ECCCF783ECDEE733E4D0C6F3EB3
:105E800054286A3EE942653E135C603EDC735B3E2B
:105E90004A8A563E659F513E35B34C3EC2C5473E89
:105EA00013D7423E31E73D3E23F6383EF103343E00
:105EB000A2102F3E3F1C2A3ED026253E5B30203EBE
:105EC000EA381B3E8340163E3047113EF74C0C3EED
:105ED000E051073EF455023E73B2FA3D72B7F03D11
:105EE000F6BAE63D0DBDDC3DC8BDD23D36BDC83D70
:105EF00067BBBE3D6AB8B43D51B4AA3D2AAFA03DD0
:105F000005A9963DF2A18C3D019A823D8322713D07
:105F1000880F5D3D30FB483D9AE5343DE7CE203D9E
:105F200035B70C3D4C3DF13CB00AC93CD6D6A03C3F
:105F3000FE43713CD2D8203C51D9A03B32318D2454
:105F400051D9A0BBD2D820BCFE4371BCD6D6A0BCD0
:105F5000B00AC9BC4C3DF1BC35B70CBDE7CE20BD85
:105F60009AE534BD30FB48BD880F5DBD832271BD0D
:105F7000019A82BDF2A18CBD05A996BD2AAFA0BD34
:105F800051B4AABD6AB8B4BD67BBBEBD36BDC8BDFD
:105F9000C8BDD2BD0DBDDCBDF6BAE6BD72B7F0BD61
:105FA00073B2FABDF45502BEE05107BEF74C0CBE09
:105FB000304711BE834016BEEA381BBE5B3020BEA0
:105FC000D02625BE3F1C2ABEA2102FBEF10334BE30
:105FD00023F638BE31E73DBE13D742BEC2C547BE29
:105FE00035B34CBE659F51BE4A8A56BEDC735BBE5C
:105FF000135C60BEE94265BE54286ABE4D0C6FBE9C
:10600000CDEE73BECCCF78BE42AF7DBE934681BE8F
:10601000BAB483BE102286BE938E88BE3EFA8ABE74
:106020000E658DBEFECE8FBE0B3892BE31A094BEE3
:106030006D0797BEBA6D99BE15D39BBE7A379EBECB
:10604000E59AA0BE52FDA2BEBE5EA5BE25BFA7BEFC
:10605000821EAABED47CACBE15DAAEBE4136B1BE3D
:106060005691B3BE4FEBB5BE2A44B8BEE19BBABE53
:1060700071F2BCBED747BFBE0F9CC1BE15EFC3BEF9
:10608000E640C6BE7E91C8BED9E0CABEF32ECDBEE4
:10609000CA7BCFBE59C7D1BE9D11D4BE925AD6BEBF
:1060A00034A2D8BE80E8DABE732DDDBE0871DFBE33
:1060B0003DB3E1BE0DF4E3BE7533E6BE7171E8BEDB
:1060C000FFADEABE1AE9ECBEBF22EFBEEA5AF1BE4E
:1060D0009891F3BEC5C6F5BE6FFAF7BE902CFABE16
:1060E000275DFCBE2F8CFEBED35C00BFC37201BF18
:1060F000E78702BF3D9C03BFC3AF04BF77C205BFA4
:1061000059D406BF65E507BF9BF508BFF8040ABF71
:106110007C130BBF24210CBFEE2D0DBFDA390EBF4F
:10612000E5440FBF0E4F10BF535811BFB26012BFEE
:106130002A6813BFBA6E14BF5F7415BF187916BFF3
:10614000E47C17BFC07F18BFAB8119BFA4821ABF00
:10615000A9821BBFB9811CBFD17F1DBFF17C1EBFAF
:1061600016791FBF407420BF6C6E21BF996722BF94
:10617000C65F23BFF15624BF184D25BF3A4226BF44
:10618000563627BF6A2928BF741B29BF730C2ABF44
:1061900065FC2ABF4AEB2BBF1FD92CBFE3C52DBF1F
:1061A00094B12EBF329C2FBFBB8530BF2C6E31BF48
:1061B000865532BFC63B33BFEB2034BFF30435BF37
:1061C000DEE735BFA9C936BF54AA37BFDC8938BF5F
:1061D000426839BF82453ABF9D213BBF8FFC3BBF20
:1061E00059D63CBFF9AE3DBF6D863EBFB55C3FBFE3
:1061F000CE3140BFB80541BF70D841BFF7A942BFFB
:106200004A7A43BF694944BF521745BF03E445BFBB
:106210007CAF46BFBC7947BFC04248BF880A49BF70
:1062200012D149BF5E964ABF6A5A4BBF351D4CBF5B
:10623000BDDE4CBF029F4DBF025E4EBFBD1B4FBFB8
:1062400030D84FBF5B9350BF3D4D51BFD40552BFB7
:1062500020BD52BF1F7353BFCF2754BF31DB54BF84
:10626000438D55BF033E56BF72ED56BF8C9B57BF43
:10627000534858BFC4F358BFDE9D59BFA0465ABF0C
:106280000AEE5ABF1A945BBFD0385CBF29DC5CBFF2
:10629000267E5DBFC51E5EBF05BE5EBFE65B5FBFFF
:1062A00066F85FBF849360BF402D61BF98C561BF32
:1062B0008B5C62BF19F262BF418663BF011964BF84
:1062C00059AA64BF483A65BFCDC865BFE75566BFE8
:1062D00096E166BFD86B67BFACF467BF127C68BF3E
:1062E000090269BF908669BFA7096ABF4B8B6ABF65
:1062F0007E0B6BBF3D8A6BBF88076CBF5E836CBF34
:10630000BFFD6CBFAA766DBF1EEE6DBF1A646EBF77
:106310009ED86EBFA84B6FBF39BD6FBF4F2D70BFEA
:10632000E99B70BF080971BFAA7471BFCFDE71BF4E
:10633000764772BF9EAE72BF471473BF717873BF4A
:1063400019DB73BF413C74BFE79B74BF0BFA74BF8A
:10635000AC5675BFC9B175BF620B76BF776376BFA8
:1063600007BA76BF110F77BF966277BF93B477BF36
:10637000090578BFF85378BF5EA178BF3CED78BFC0
:10638000913779BF5C8079BF9DC779BF540D7ABFC3
:1063900080517ABF21947ABF36D57ABFBE147BBFB5
:1063A000BB527BBF2A8F7BBF0DCA7BBF61037CBF03
:1063B000283B7CBF60717CBF0AA67CBF25D97CBF0F
:1063C000B00A7DBFAC3A7DBF18697DBFF4957DBF33
:1063D0003FC17DBFFAEA7DBF24137EBFBC397EBFBB
:1063E000C35E7EBF38827EBF1CA47EBF6DC47EBFED
:1063F0002CE37EBF59007FBFF21B7FBFF9357FBF03
:106400006D4E7FBF4E657FBF9C7A7FBF568E7FBF2C
:106410007CA07FBF0FB17FBF0EC07FBF79CD7FBF94
:1064200051D97FBF94E37FBF43EC7FBF5EF37FBF53
:10643000E5F87FBFD7FC7FBF36FF7FBF000080BF7E
:1064400036FF7FBFD7FC7FBFE5F87FBF5EF37FBF1E
:1064500043EC7FBF94E37FBF51D97FBF79CD7FBF2E
:106460000EC07FBF0FB17FBF7CA07FBF568E7FBFA6
:106470009C7A7FBF4E657FBF6D4E7FBFF9357FBF72
:10648000F21B7FBF59007FBF2CE37EBF6DC47EBF70
:106490001CA47EBF38827EBFC35E7EBFBC397EBF78
:1064A00024137EBFFAEA7DBF3FC17DBFF4957DBF57
:1064B00018697DBFAC3A7DBFB00A7DBF25D97CBFCE
:1064C0000AA67CBF60717CBF283B7CBF61037CBF98
:1064D0000DCA7BBF2A8F7BBFBB527BBFBE147BBF65
:1064E00036D57ABF21947ABF80517ABF540D7ABFD6
:1064F0009DC779BF5C8079BF913779BF3CED78BF8C
:106500005EA178BFF85378BF090578BF93B477BF11
:10651000966277BF110F77BF07BA76BF776376BFF2
:10652000620B76BFC9B175BFAC5675BF0BFA74BFAD
:10653000E79B74BF413C74BF19DB73BF717873BFB5
:10654000471473BF9EAE72BF764772BFCFDE71BF76
:10655000AA7471BF080971BFE99B70BF4F2D70BF4E
:1065600039BD6FBFA84B6FBF9ED86EBF1A646EBF98
:106570001EEE6DBFAA766DBFBFFD6CBF5E836CBFA4
:1065800088076CBF3D8A6BBF7E0B6BBF4B8B6ABFAE
:10659000A7096ABF908669BF090269BF127C68BFFC
:1065A000ACF467BFD86B67BF96E166BFE75566BFBF
:1065B000CDC865BF483A65BF59AA64BF011964BF19
:1065C000418663BF19F262BF8B5C62BF98C561BF31
:1065D000402D61BF849360BF66F85FBFE65B5FBF1D
:1065E00005BE5EBFC51E5EBF267E5DBF29DC5CBFEB
:1065F000D0385CBF1A945BBF0AEE5ABFA0465ABFA0
:10660000DE9D59BFC4F358BF534858BF8C9B57BF3A
:1066100072ED56BF033E56BF438D55BF31DB54BFAD
:10662000CF2754BF1F7353BF20BD52BFD40552BFE5
:106630003D4D51BF5B9350BF30D84FBFBD1B4FBFC7
:10664000025E4EBF029F4DBFBDDE4CBF351D4CBF2D
:106650006A5A4BBF5E964ABF12D149BF880A49BFEA
:10666000C04248BFBC7947BF7CAF46BF03E445BFCB
:10667000521745BF694944BF4A7A43BFF7A942BF91
:1066800070D841BFB80541BFCE3140BFB55C3FBFF8
:106690006D863EBFF9AE3DBF59D63CBF8FFC3BBFB8
:1066A0009D213BBF82453ABF426839BFDC8938BF74
:1066B00054AA37BFA9C936BFDEE735BFF30435BFDB
:1066C000EB2034BFC63B33BF865532BF2C6E31BF83
:1066D000BB8530BF329C2FBF94B12EBFE3C52DBF09
:1066E0001FD92CBF4AEB2BBF65FC2ABF730C2ABFF6
:1066F000741B29BF6A2928BF563627BF3A4226BFD6
:10670000184D25BFF15624BFC65F23BF996722BF2E
:106710006C6E21BF407420BF16791FBFF17C1EBF75
:10672000D17F1DBFB9811CBFA9821BBFA4821ABF24
:10673000AB8119BFC07F18BFE47C17BF187916BFA3
:106740005F7415BFBA6E14BF2A6813BFB26012BF60
:10675000535811BF0E4F10BFE5440FBFDA390EBFBB
:10676000EE2D0DBF24210CBF7C130BBFF8040ABF14
:106770009BF508BF65E507BF59D406BF77C205BFC3
:10678000C3AF04BF3D9C03BFE78702BFC37201BF15
:10679000D35C00BF2F8CFEBE275DFCBE902CFABEE2
:1067A0006FFAF7BEC5C6F5BE9891F3BEEA5AF1BEC0
:1067B000BF22EFBE1AE9ECBEFFADEABE7171E8BEC2
:1067C0007533E6BE0DF4E3BE3DB3E1BE0871DFBE36
:1067D000732DDDBE80E8DABE34A2D8BE925AD6BE92
:1067E0009D11D4BE59C7D1BECA7BCFBEF32ECDBE3C
:1067F000D9E0CABE7E91C8BEE640C6BE15EFC3BE94
:106800000F9CC1BED747BFBE71F2BCBEE19BBABEF2
:106810002A44B8BE4FEBB5BE5691B3BE4136B1BEA9
:1068200015DAAEBED47CACBE821EAABE25BFA7BE02
:10683000BE5EA5BE52FDA2BEE59AA0BE7A379EBE40
:1068400015D39BBEBA6D99BE6D0797BE31A094BE9D
:106850000B3892BEFECE8FBE0E658DBE3EFA8ABE4E
:10686000938E88BE102286BEBAB483BE934681BE84
:1068700042AF7DBECCCF78BECDEE73BE4D0C6FBEA9
:1068800054286ABEE94265BE135C60BEDC735BBE21
:106890004A8A56BE659F51BE35B34CBEC2C547BE7F
:1068A00013D742BE31E73DBE23F638BEF10334BEF6
:1068B000A2102FBE3F1C2ABED02625BE5B3020BEB4
:1068C000EA381BBE834016BE304711BEF74C0CBEE3
:1068D000E05107BEF45502BE73B2FABD72B7F0BD07
:1068E000F6BAE6BD0DBDDCBDC8BDD2BD36BDC8BD66
:1068F00067BBBEBD6AB8B4BD51B4AABD2AAFA0BDC6
:1069000005A996BDF2A18CBD019A82BD832271BDFD
:10691000880F5DBD30FB48BD9AE534BDE7CE20BD94
:1069200035B70CBD4C3DF1BCB00AC9BCD6D6A0BC35
:10693000FE4371BCD2D820BC51D9A0BBCAC953A553
:1069400051D9A03BD2D8203CFE43713CD6D6A03CC6
:10695000B00AC93C4C3DF13C35B70C3DE7CE203D7B
:106960009AE5343D30FB483D880F5D3D8322713D03
:10697000019A823DF2A18C3D05A9963D2AAFA03D2A
:1069800051B4AA3D6AB8B43D67BBBE3D36BDC83DF3
:10699000C8BDD23D0DBDDC3DF6BAE63D72B7F03D57
:1069A00073B2FA3DF455023EE051073EF74C0C3EFF
:1069B0003047113E8340163EEA381B3E5B30203E96
:1069C000D026253E3F1C2A3EA2102F3EF103343E26
:1069D00023F6383E31E73D3E13D7423EC2C5473E1F
:1069E00035B34C3E659F513E4A8A563EDC735B3E52
:1069F000135C603EE942653E54286A3E4D0C6F3E92
:106A0000CDEE733ECCCF783E42AF7D3E9346813E85
:106A1000BAB4833E1022863E938E883E3EFA8A3E6A
:106A20000E658D3EFECE8F3E0B38923E31A0943ED9
:106A30006D07973EBA6D993E15D39B3E7A379E3EC1
:106A4000E59AA03E52FDA23EBE5EA53E25BFA73EF2
:106A5000821EAA3ED47CAC3E15DAAE3E4136B13E33
:106A60005691B33E4FEBB53E2A44B83EE19BBA3E49
:106A700071F2BC3ED747BF3E0F9CC13E15EFC33EEF
:106A8000E640C63E7E91C83ED9E0CA3EF32ECD3EDA
:106A9000CA7BCF3E59C7D13E9D11D43E925AD63EB5
:106AA00034A2D83E80E8DA3E732DDD3E0871DF3E29
:106AB0003DB3E13E0DF4E33E7533E63E7171E83ED1
:106AC000FFADEA3E1AE9EC3EBF22EF3EEA5AF13E44
:106AD0009891F33EC5C6F53E6FFAF73E902CFA3E0C
:106AE000275DFC3E2F8CFE3ED35C003FC372013F0E
:106AF000E787023F3D9C033FC3AF043F77C2053F9A
:106B000059D4063F65E5073F9BF5083FF8040A3F67
:106B10007C130B3F24210C3FEE2D0D3FDA390E3F45
:106B2000E5440F3F0E4F103F5358113FB260123FE4
:106B30002A68133FBA6E143F5F74153F1879163FE9
:106B4000E47C173FC07F183FAB81193FA4821A3FF6
:106B5000A9821B3FB9811C3FD17F1D3FF17C1E3FA5
:106B600016791F3F4074203F6C6E213F9967223F8A
:106B7000C65F233FF156243F184D253F3A42263F3A
:106B80005636273F6A29283F741B293F730C2A3F3A
:106B900065FC2A3F4AEB2B3F1FD92C3FE3C52D3F15
:106BA00094B12E3F329C2F3FBB85303F2C6E313F3E
:106BB0008655323FC63B333FEB20343FF304353F2D
:106BC000DEE7353FA9C9363F54AA373FDC89383F55
:106BD0004268393F82453A3F9D213B3F8FFC3B3F16
:106BE00059D63C3FF9AE3D3F6D863E3FB55C3F3FD9
:106BF000CE31403FB805413F70D8413FF7A9423FF1
:106C00004A7A433F6949443F5217453F03E4453FB1
:106C10007CAF463FBC79473FC042483F880A493F66
:106C200012D1493F5E964A3F6A5A4B3F351D4C3F51
:106C3000BDDE4C3F029F4D3F025E4E3FBD1B4F3FAE
:106C400030D84F3F5B93503F3D4D513FD405523FAD
:106C500020BD523F1F73533FCF27543F31DB543F7A
:106C6000438D553F033E563F72ED563F8C9B573F39
:106C70005348583FC4F3583FDE9D593FA0465A3F02
:106C80000AEE5A3F1A945B3FD0385C3F29DC5C3FE8
:106C9000267E5D3FC51E5E3F05BE5E3FE65B5F3FF5
:106CA00066F85F3F8493603F402D613F98C5613F28
:106CB0008B5C623F19F2623F4186633F0119643F7A
:106CC00059AA643F483A653FCDC8653FE755663FDE
:106CD00096E1663FD86B673FACF4673F127C683F34
:106CE0000902693F9086693FA7096A3F4B8B6A3F5B
:106CF0007E0B6B3F3D8A6B3F88076C3F5E836C3F2A
:106D0000BFFD6C3FAA766D3F1EEE6D3F1A646E3F6D
:106D10009ED86E3FA84B6F3F39BD6F3F4F2D703FE0
:106D2000E99B703F0809713FAA74713FCFDE713F44
:106D30007647723F9EAE723F4714733F7178733F40
:106D400019DB733F413C743FE79B743F0BFA743F80
:106D5000AC56753FC9B1753F620B763F7763763F9E
:106D600007BA763F110F773F9662773F93B4773F2C
:106D70000905783FF853783F5EA1783F3CED783FB6
:106D80009137793F5C80793F9DC7793F540D7A3FB9
:106D900080517A3F21947A3F36D57A3FBE147B3FAB
:106DA000BB527B3F2A8F7B3F0DCA7B3F61037C3FF9
:106DB000283B7C3F60717C3F0AA67C3F25D97C3F05
:106DC000B00A7D3FAC3A7D3F18697D3FF4957D3F29
:106DD0003FC17D3FFAEA7D3F24137E3FBC397E3FB1
:106DE000C35E7E3F38827E3F1CA47E3F6DC47E3FE3
:106DF0002CE37E3F59007F3FF21B7F3FF9357F3FF9
:106E00006D4E7F3F4E657F3F9C7A7F3F568E7F3F22
:106E10007CA07F3F0FB17F3F0EC07F3F79CD7F3F8A
:106E200051D97F3F94E37F3F43EC7F3F5EF37F3F49
:106E3000E5F87F3FD7FC7F3F36FF7F3F51D9A03B2E
:106E4000FE43713CB00AC93C35B70C3D9AE5343D70
:106E5000880F5D3D019A823D05A9963D51B4AA3D3A
:106E600067BBBE3DC8BDD23DF6BAE63D73B2FA3D42
:106E7000E051073E3047113EEA381B3ED026253E02
:106E8000A2102F3E23F6383E13D7423E35B34C3E78
:106E90004A8A563E135C603E54286A3ECDEE733EED
:106EA00042AF7D3EBAB4833E938E883E0E658D3EE2
:106EB0000B38923E6D07973E15D39B3EE59AA03E58
:106EC000BE5EA53E821EAA3E15DAAE3E5691B33E88
:106ED0002A44B83E71F2BC3E0F9CC13EE640C63E1D
:106EE000D9E0CA3ECA7BCF3E9D11D43E34A2D83EE3
:106EF000732DDD3E3DB3E13E7533E63EFFADEA3E28
:106F0000BF22EF3E9891F33E6FFAF73E275DFC3EBD
:106F1000D35C003FE787023FC3AF043F59D4063F2D
:106F20009BF5083F7C130B3FEE2D0D3FE5440F3FD3
:106F30005358113F2A68133F5F74153FE47C173F95
:106F4000AB81193FA9821B3FD17F1D3F16791F3F9F
:106F50006C6E213FC65F233F184D253F5636273FB5
:106F6000741B293F65FC2A3F1FD92C3F94B12E3F4B
:106F7000BB85303F8655323FEB20343FDEE7353F5F
:106F800054AA373F4268393F9D213B3F59D63C3F89
:106F90006D863E3FCE31403F70D8413F4A7A433FF5
:106FA0005217453F7CAF463FC042483F12D1493F50
:106FB0006A5A4B3FBDDE4C3F025E4E3F30D84F3FDA
:106FC0003D4D513F20BD523FCF27543F438D553F4C
:106FD00072ED563F5348583FDE9D593F0AEE5A3FE7
:106FE000D0385C3F267E5D3F05BE5E3F66F85F3F62
:106FF000402D613F8B5C623F4186633F59AA643FED
:10700000CDC8653F96E1663FACF4673F0902693F32
:10701000A7096A3F7E0B6B3F88076C3FBFFD6C3F43
:107020001EEE6D3F9ED86E3F39BD6F3FE99B703FAE
:10703000AA74713F7647723F4714733F19DB733F61
:10704000E79B743FAC56753F620B763F07BA763FBD
:107050009662773F0905783F5EA1783F9137793F87
:107060009DC7793F80517A3F36D57A3FBB527B3FEF
:107070000DCA7B3F283B7C3F0AA67C3FB00A7D3F80
:1070800018697D3F3FC17D3F24137E3FC35E7E3F35
:107090001CA47E3F2CE37E3FF21B7F3F6D4E7F3F63
:1070A0009C7A7F3F7CA07F3F0EC07F3F51D97F3FBE
:1070B00043EC7F3FE5F87F3F36FF7F3F36FF7F3F62
:1070C000E5F87F3F43EC7F3F51D97F3F0EC07F3FC4
:1070D0007CA07F3F9C7A7F3F6D4E7F3FF21B7F3FBE
:1070E0002CE37E3F1CA47E3FC35E7E3F24137E3F85
:1070F0003FC17D3F18697D3FB00A7D3F0AA67C3FB6
:10710000283B7C3F0DCA7B3FBB527B3F36D57A3F45
:1071100080517A3F9DC7793F9137793F5EA1783F93
:107120000905783F9662773F07BA763F620B763F54
:10713000AC56753FE79B743F19DB733F4714733FB1
:107140007647723FAA74713FE99B703F39BD6F3F2C
:107150009ED86E3F1EEE6D3FBFFD6C3F88076C3FB3
:107160007E0B6B3FA7096A3F0902693FACF4673F9A
:1071700096E1663FCDC8653F59AA643F4186633FAB
:107180008B5C623F402D613F66F85F3F05BE5E3F0E
:10719000267E5D3FD0385C3F0AEE5A3FDE9D593F68
:1071A0005348583F72ED563F438D553FCF27543FCC
:1071B00020BD523F3D4D513F30D84F3F025E4E3FC4
:1071C000BDDE4C3F6A5A4B3F12D1493FC042483F57
:1071D0007CAF463F5217453F4A7A433F70D8413F04
:1071E000CE31403F6D863E3F59D63C3F9D213B3FCF
:1071F0004268393F54AA373FDEE7353FEB20343F42
:107200008655323FBB85303F94B12E3F1FD92C3F6E
:1072100065FC2A3F741B293F5636273F184D253FF2
:10722000C65F233F6C6E213F16791F3FD17F1D3F04
:10723000A9821B3FAB81193FE47C173F5F74153F68
:107240002A68133F5358113FE5440F3FEE2D0D3F81
:107250007C130B3F9BF5083F59D4063FC3AF043F57
:10726000E787023FD35C003F275DFC3E6FFAF73EA5
:107270009891F33EBF22EF3EFFADEA3E7533E63E06
:107280003DB3E13E732DDD3E34A2D83E9D11D43E88
:10729000CA7BCF3ED9E0CA3EE640C63E0F9CC13E07
:1072A00071F2BC3E2A44B83E5691B33E15DAAE3E6A
:1072B000821EAA3EBE5EA53EE59AA03E15D39B3E29
:1072C0006D07973E0B38923E0E658D3E938E883E3D
:1072D000BAB4833E42AF7D3ECDEE733E54286A3E43
:1072E000135C603E4A8A563E35B34C3E13D7423E4D
:1072F00023F6383EA2102F3ED026253EEA381B3E0C
:107300003047113EE051073E73B2FA3DF6BAE63D12
:10731000C8BDD23D67BBBE3D51B4AA3D05A9963D4F
:10732000019A823D880F5D3D9AE5343D35B70C3DAD
:10733000B00AC93CFE43713C51D9A03B80230020D8
:1073400000040000DFF3020089F3020002000000E5
:1073500045F50200000000000000000000000000F1
:107360000000000037A603003FA603000000000055
:10737000000000000000000047A603004BA6030029
:107380004FA6030053A6030090730300B0670020CC
:10739000F9550100D0670020D6BB00200100000095
:1073A000C5F50200BBF50200A55501001D56010000
:1073B00000000000AFF50200000000000200000025
:1073C000000000000000000000F01500A4430300CE
:1073D0000100000000F0150000600000A44303005D
:1073E0004000002000000000060001000200000034
:1073F000F473030000000000F3AF0300020000007C
:10740000E04F160000000020FBAF03002100000049
:10741000E0EF0220AC060020A1680100000000009F
:10742000C9F70200ED700100BFF80200F3F8020096
:1074300027F902005DF9020083F90200B3F90200A6
:10744000DFF902009971010011FA020001720100D6
:10745000A57201003972010073FA0200A7FA020056
:10746000E9FA020073FB02001DFB0200187403001E
:1074700078740300FB010000E8B6012018740300D3
:10748000887403002E00000098D8012018740300AF
:10749000987403000201000078D901200EBE030099
:1074A0002CBE030047BE030057BE030064BE0300AA
:1074B0006DBE030074BE03007BBE030082BE0300EA
:1074C0008ABE030064BE030092BE0300A4BE030094
:1074D000B9BE03000E0300000D9301000F0400006D
:1074E000D99201001A010000F179010005040000A1
:1074F000097A010013010000A5810100FF010000CD
:10750000CD7E01003E010000AD7E010005040000BB
:10751000557A010010010000997A01000112000063
:107520005D9201000A1E000023FE02000309000014
:1075300089800100040B0000557C0100060A000050
:10754000DD860100070A0000F97A01000C05000041
:107550009D8301001874030060750300470000005C
:1075600098DA012018C6030025C6030045C60300AB
:1075700039C6030050C6030067C6030077C6030080
:1075800029C903008BC60300187403009475030017
:107590000000000060DB012018740300A4750300E4
:1075A000FB01000088DB0120A1020300A30203000D
:1075B00000000000000000000000000045B60100CF
:1075C00000000000000000000000000000000000BB
:1075D00002020100EF0A03000404010059C6010081
:1075E0000606010099C501000804010085C40100D8
:1075F0000A020100D70A03000C040100BF0A0300BD
:107600000E04010059C3010020040100BDC20100A5
:1076100010040100CDC1010012020100730A030031
:10762000160401007D04030018010100BB070300DC
:107630001E0004003F0B030052020000990A0300E1
:10764000187403004C760300FD010000B8FD012012
:107650008E900300130E0300000000008A900300C8
:1076600000000100869003009B0F03000000000053
:1076700058070020000001007E9003000000000079
:107680000000000000000000000000007A900300ED
:10769000E50D030051CD010060070020000003004C
:1076A000769003009B0F03000000000050070020AD
:1076B000000001006E9003004B0E030065CC01003A
:1076C00000000000000003006A9003009B0F03000D
:1076D0000000000048070020000001006290030045
:1076E000E1D10100000000000000000000000100E6
:1076F000BA900300130E030000000000B6900300D0
:1077000000000100B29003009B0F03000000000086
:107710009407002000000100AA9003007B0E0300E4
:10772000000000000000000000000100A69003001F
:107730009B0F0300000000008C07002000000100E8
:107740009E900300A50E0300000000000000000052
:10775000000001009A9003009B0F0300000000004E
:1077600084070020000001009290030029CE010050
:107770000000000000000000000001000000000008
:1077800000000000000000000000000000000000F9
:10779000B110030000000000000000000000000025
:1077A000000000003DDC010029DD010000000000B8
:1077B000C5DE0100E9DD01004BCF030077110300B6
:1077C0007D11030051CF03001000000001FF0000F5
:1077D0006501000000100000D443030000127A008D
:1077E000000100002C430300050001000000000020
:1077F000000080008000000000000100C228170087
:107800000000010000000100020000000100000073
:1078100000FF000000A0105000820D500004055031
:107820007F000000FFFF0100FF0700001F000000B5
:1078300000A01050000000000000000000C0105028
:1078400001000000FFFF000000820D50000000005A
:107850000100000000A00D5000000000FF07000024
:1078600000040550000000000200000000000000BD
:107870000000000059EC010000D00D500000000095
:10788000FFFFFFFFFFFFFFFFFFFFFFFFFFFFFFFF08
:10789000FFFFFFFF070000000101000000000020C3
:1078A00000010100AC7803000100000000D00D5081
:1078B000B878030002000000D47803000300000041
:1078C000C8780300030100002C80000D2B80000FFE
:1078D0002D8000122C18000D2B18000F2D180012EF
:1078E00000A0105000820D50000405507F000000E1
:1078F000FFFF0100FF07000000600C5000000000C7
:10790000000000002479030000C201000000D6013D
:107910000000000000000040000000007ABC0020D1
:1079200079BC002000600C50307903000200000098
:1079300050790300040000004079030004010000B6
:10794000248000002580000126800002278000039B
:10795000240000002600000225060001270600037F
:1079600000A0105000820D50000405507F00000060
:10797000FFFF0100FF07000000A00450000000000E
:107980000048E801000000000000000000000000C6
:10799000FFFFFFFF0000FF000000000000000000EC
:1079A000FFFFFFFF01000001010000006518030058
:1079B000FFFF0000C4790300FFFFFFFF000000008D
:1079C0000000000000A00450D07903000200000075
:1079D000EC79030003000000E079030003010000DC
:1079E00041800004428000054480000641000004FC
:1079F00042000005440000062C430300050001007E
:107A000000A0105000820D50000405507F000000BF
:107A1000FFFF0100FF0700009D0202009319030011
:107A2000C119030000A0105000820D500004055041
:107A30007F000000FFFF0100FF07000000A01050C2
:107A400000820D50000405507F000000FFFF010080
:107A5000FF07000000A0105000820D5000040550E8
:107A60007F000000FFFF0100FF0700000000000092
:107A70006410B71DC8206E3BAC30D9269041DC762F
:107A8000F4516B6B5861B24D3C7105502083B8EDD9
:107A900044930FF0E8A3D6D68CB361CBB0C2649BFD
:107AA000D4D2D38678E20AA01CF2BDBD6DF00300EB
:107AB0007BF003008FF003009EF00300AAF00300A8
:107AC00004420300044203006C4203007C420300B2
:107AD000E4420300E442030000388A408F409440AF
:107AE000A140A640AC401548CB40AE40A340003872
:107AF000003800380038CE40ED409D4149415641A4
:107B0000324137413C414141B941BE41D7410E422A
:107B1000FA418D411B42804162426A42774274437E
:107B20006E4366437F432E482446003800380038B1
:107B30000038AF48D548F34863457D4585439D45AA
:107B4000A845BB45E345ED45CF45FC4515468C466C
:107B50006E4695468E460038003800382842003878
:107B60000038003800380038003800380038003855
:107B7000003800380038003819491949194919499D
:107B80001949194919491949194919490038003839
:107B90000038003800380038003800380038003825
:107BA0000038003800380038003800380038003815
:107BB0000038003800380038003800380038003805
:107BC00000380038003800380038003800380038F5
:107BD00000380038003800388C090038FFFFFF00FB
:107BE0000000000010270081878A001A7B627AA6B5
:107BF00078797A8D00307B627AA778797A8D003037
:107C000078207B6279217A220C10865082A28081B2
:107C100082A28287828D001A0030722095407AAC51
:107C2000797B003078247B627AA884797A8D003061
:107C30007224A7407B2479257A26856286A87284DF
:107C4000868D11A68584116286A78586842086216B
:107C5000862286509A5086A6867286A88685868D4C
:107C60008462868D781086A67270001A00307ABB06
:107C70007879003000830030001C001C001C001CC0
:107C8000001B7C22001D1310D040001A001C001C99
:107C9000001C001B7C22001D001B7C22001D1310F9
:107CA000DA40001A000C016A3427001A006E10270F
:107CB000001A7B62782479257A260C1086500E10E3
:107CC00022590E101A59848FC50811B885850410E1
:107CD000295911A284871AA211111120071890A204
:107CE000801A9020001919A272871AA61970001B19
:107CF0007C201AA21A8013100B410E101D5904107B
:107D0000335986A21A72868D001A0030870811B87E
:107D1000858211A284871AA211111120031890A242
:107D2000801A9020001915A281871AA21515152016
:107D3000031890A2801A902000190741865005244C
:107D400008250426F5408650042406250526F5401E
:107D500086500C2406250B26F54086500B2408255A
:107D60001A26F55000AB0C1A00300DA702720AACAF
:107D7000060D0EA703720BAC060E02620CA872036E
:107D80000C8D00307DBB0203048F05A6707003626A
:107D90008650042072210E229A500070108A0E2400
:107DA0000B250E26F35002728650042072210D22FC
:107DB0009A5002721027108A0D240A250D26F350BE
:107DC00005A70D0E05200C2105229A50007005BB59
:107DD000030505A60E0500300262865004207221BC
:107DE0000D229A500070108A0D240A250D26F3509A
:107DF00000300DA70D0E05A67070027286500C2083
:107E00000D2105229A50007005BB030505A60E053D
:107E1000003002620DA7027203620EA7037201BB5B
:107E20000D0E00BB02030D200E21802282AC80814A
:107E3000812082213910A941006201A80180018DB1
:107E4000012408250626B150003003240625082603
:107E50008650F340032405250A268650F35002621B
:107E600086500A2072210A229A50381000390620C2
:107E70000A210B229A500BA60B0C0BA80B050B8D9D
:107E800038100039003002620A8E0A8F0B8E0B8F79
:107E9000072787500EA8720B0C200E210D229A5036
:107EA0000A200E210E229A500062865003240D25CE
:107EB0001A2608210E221A510262008107271A2071
:107EC00072211A229A5000AB0A1A003086500DBB5C
:107ED00008060DA6040D032406250E26F3500E20D9
:107EE00007210E229A500EA7050E0E8D0E240D2589
:107EF0000B26F34086500A2408250D26F350022055
:107F00000D210E229A500E240C250B26F34086508C
:107F100007200A210D229A5003240C250E26F35027
:107F200005A60D0E058D0030865001A700720AB916
:107F3000010006240A250426F55077A7047238109C
:107F40000030011877A70401381000300420042104
:107F500004229A5077A704723810003C001977A7C2
:107F600004013910003C0030A0A27210685380A2B6
:107F7000811090A291100210965308105B541410B7
:107F8000FB5439108134001A000C865033A20410BF
:107F900002102D440810D74414105B455852262077
:107FA000782148522621001C7A20CC4258522620A3
:107FB000782148521D2079214A52262026211D224F
:107FC000001E7A20CC425852782479257D527A209E
:107FD000CC42112084214852112010107A590E10E1
:107FE000364901218526006886AC86012EA6707070
:107FF000C1522E2236102C2235A78682006CC8086A
:1080000011B83581EA5026201121001C26200210CB
:108010001254112126220718B120021015540810FD
:10802000C7541410515580210019E35226202621EF
:10803000D0501122BC520068C152006C232036106F
:1080400026201B220318001E802100192621001A59
:10805000001B0B102320001F001A2CBA73742CBABB
:108060002C2C2CA72C742DA7018677A72D2C001A59
:10807000A122DC5202108D53081054541410F654EF
:1080800080A2807290A29072808D908D001A003034
:1080900082A2821082A2827282A81082001A2C20F0
:1080A00013211622071880A2818280219020B222FB
:1080B00000193222DC5229A2322828A2323131A200
:1080C000292525A2293030A2312222A2312F2FA228
:1080D000301F1FA2302E2EA22F1C1CA22F2D2DA22E
:1080E0002E1919A22E2C2CA22D1616A22D132FA656
:1080F000117030A6127031A6137013A62C701120C7
:108100001121081802108D53081054541410F654FD
:10811000A020B121001926A62F7027A6307028A60E
:108120003170001A1120842148521D2082214852AA
:108130008A0811B88583142011211122001C05180A
:108140008024B1208421001E001920201D211D2221
:10815000001C05188024B1208421001E0019E35260
:10816000262026211922001EDA501122BC52192283
:108170002620BC5277A22872F810821077A78501BA
:1081800077108620CC4285A6850183A6830183A62D
:10819000830113A272101DA619701EA61A701FA6C5
:1081A00013702C43585278210810E044818F918F2E
:1081B000001A003077A701003810013A001A003089
:1081C000585204216853021039540810F0543810E2
:1081D000053A001A00305852262078214A52001AD7
:1081E00000305852151075536E53262002214A5202
:1081F00000302DA2A1A12EA2A12D80A2812D90A29E
:10820000912E001A2FA205102EA280802CA280335E
:108210002EA22E802DA290902EA62E2C2EA62F2E92
:108220002CA72D2E2CA22C722C8D001A30A69191E9
:108230002CA681812DA230911A10E24331A2A1A176
:108240001810C5432EA2818131A231312CA22C2DD0
:1082500031A231332FBA2E742EA62F3131A62C2CF9
:10826000D1432EA681312FA781312CA22C2D2EA2F5
:108270002E2F31A62C2C2EBA2E742DA22D2D2FA2EE
:108280002E2E2DA62D2D80A72F3131A72C80A0A218
:1082900030A12FA22E3190A72F2D001A2EA281815E
:1082A0002CA22C2DCD4331A67092ED4331A77092B4
:1082B000ED4330A2A1A12FA231A131A230822FA281
:1082C0002F3031A731812FA72F9130A23131A0A2B9
:1082D00031A12CA2813030A231302EA62C2C31A21B
:1082E0002F2F2EA6302E80A7312E2CA72C802EA229
:1082F000913031A22F2C90A7312E001AB0A2A0A04D
:10830000001A2EA670921B442EA770921B442DA219
:10831000A2B231A2A1A12CA281B22FA2A13131A27D
:1083200082312DA2912D2FA22E2F2EA2A1A22C217F
:10833000F543AAC3E7D3EAE32CA6047477A72C007D
:10834000381477A604707814001A2DA205102EA6F2
:1083500033332FA62D2D2EA22E2E2FA62F2D2EA25B
:108360002E332FA22F2F30A62F2F2EA62E2F2FA643
:108370002E3077A22F72001A90A77090908D001A5D
:108380002DA2A1A180A281A190A2912D001A2FA2BD
:1083900005102EA280802CA280332EA22E802CA22B
:1083A0002C802DA2909030A280902EA62E2C2DA64F
:1083B0002D302EA62F2E2CA72D2E001A2CA281A1F7
:1083C0002DA281812EA62D912DA22D2DA0A22C2C87
:1083D0002CA22C2E2EA22E2E181085442FA2A033B4
:1083E00087442FBAA0042EA62E2C80A62E2F2CA6B2
:1083F000A02C2DA22DA02CA22C8090A62C2D001AF2
:10840000702398448223984431A683922FA282A19C
:1084100030A2A1A130A2313031A2818132A22F2F0E
:1084200029A6313231A63191A0A229A131A22F3142
:108430002EA6812F32A630322FA6913032A2813261
:108440002FA22F2E2CA2812F2DA2299180A632316E
:108450002CA62C2D32A62FA031A22C2929A23280A5
:1084600090A63129001A30A2A1A12DA2A2A22CA26D
:1084700081A22FA282A12DA2912D30A292302EA2F4
:10848000A1A22C21A04472C494D496E4006877A7DA
:1084900072043714006C001A2DA272872CA22D8151
:1084A00077A7812C391081362CA22D9177A7912C9A
:1084B00039109136001A003077A60570001A90A680
:1084C0008090001A80A281A190A291A1001A31A2ED
:1084D00072102CA280802DA290902EA62C2D2FA25F
:1084E0002C2D2FA2332F2FA62F312EA72E2F2E8DDE
:1084F000001A2CA6819130A281812DA291912EA2E9
:10850000A1A12CA22C2C2EA62E2E2FA6302D2DA7CD
:10851000302D2CA72C2F2EA72F2E90A22D2F80A2EE
:108520002C2EA0A22E2F001A2EA670822E452EA72A
:1085300070822E452FA2A1922EA2A12E30A281914F
:1085400031A22E2F32A6912E2EA7812E2CA6812F5E
:108550002FA6912F32A22C322CA22E2F2EA63031F4
:108560002FA7303130A72C2F31A7322E80A22E30EA
:1085700090A22F31A0A23031001A2CA2A2812DA2EC
:10858000A2912FA2A1922EA2A1822C2132450DC52B
:1085900028D52BE5001A80A77080808D001A5852CC
:1085A000022407257D522620CC52E65087502620F3
:1085B00072210A229A503810003906200A210B2213
:1085C0009A500BA60C0B0BA80B070B8D381000391B
:1085D0000030E65087500A8E0A8F0B8E0B8F0DA845
:1085E000720B0C200D2135229A500A202B229A5012
:1085F000EA50585208222B230224352526262653DA
:10860000E6500081262072212C229A5000AB0A2CC1
:108610000030E6502BA872062B8DEA5058520224E7
:108620002B257D520820CC42000C006435A60A0C94
:10863000E65087503520722135229A500BA7073516
:1086400006200B210B229A50381000390030000C04
:10865000006435A60A0CE65087500B8F3520722136
:1086600035229A50EA50585208220B23022435250D
:108670000D2626530030585226200B2148521D202B
:1086800006214A52262026211D22001E1D200821D7
:108690004A52262026211D22001E0D20CC42E650E3
:1086A00087500B200C210A229A5082A70882828DC3
:1086B0000030585208220C2378240A2526262653F7
:1086C00000682620062100AB818000AB919000302D
:1086D00058520620021050540810F35414105F55DD
:1086E00006240B257D521D2008214A5226202621D2
:1086F0001D22001E1120CC5211240A257D520D206E
:10870000CC42E65087500A200D212B229A50EA5085
:10871000CF550BA62B700D240B257D520820CC4283
:108720008650000800B8797917A70173179E179E25
:108730000BA2781017A217100C200E2280A60B7027
:1087400090A2721082A6907092A6707068460E2257
:108750007AA882927A8D00300E210C2211A6819186
:1087600012A7819113A2111114A2121215A68292BE
:1087700016A7829215A2151216A2111611A713148C
:1087800081A2131412A2171114A6151615A71516F7
:1087900082A2141416A2151513A6131292A2160B78
:1087A00091A2111312103B46001B0A1040460C21E7
:1087B0000E22424606217A5608217C5636A2060B26
:1087C00036A236870AA608360A8D0030E650875052
:1087D00091A2918736A2768736A2913681A28187AF
:1087E00081A6368181A28172818D91A67070001A56
:1087F00002248F46062408217A56EA501410C447F2
:10880000F34606217A560A8FEA501410C9471C47CE
:1088100035A2811034A2911031A2353536A23434FC
:1088200033A2041035A2313634A2721033A233358C
:1088300031A7363136A6343331A73136318D391070
:108840008134001A31A2911036A2041031A23131C4
:1088500033A2721036A2363131A7313336A6363301
:1088600033A2363633A2333634A2333335A234360C
:1088700035A2353134A2313335A23572358D33A767
:10888000007333A73374339E339E339E35243325D0
:108890003526F55035A2351034A2343533A23434A0
:1088A00033A2333633A63331338D7220381005208E
:1088B00081A23480818D7D1081A70081001A000C77
:1088C0008650D00811B8080132A2041032A6323204
:1088D00084210C20A5570C212D2088571120AE573C
:1088E000071880222D21C0205D578021AE57001926
:1088F0000C210C2088C75DD768E7D050112217578C
:108900000A20B9570030001B0C200B102D2068479F
:10891000000C86500821B6569C5632A2041032A68E
:108920003232920811B80A0602210C20A5570C21F8
:108930002D2088571120AE57031880222D21C020EA
:108940005D578021AE57001908212120A55721210C
:108950002D2088572120AE57031880222D21C020BA
:108960005D578021AE5700190C2121220C205D5744
:1089700088C75DD768E7DA501122175721221757A9
:108980000C20B95777A680703E10003900AB0B90D1
:10899000003031A6918136A7918131A2318236A271
:1089A000369233A670B2734731A6918136A7918172
:1089B00031A2319236A2368233A770B2734734A205
:1089C000A1A233A2B13335A6313631A7313636A74D
:1089D000343333A6343380A2313690A23533A0A28B
:1089E0003633B0A23531001A31A6918136A7918174
:1089F00034A2313133A2313631A2A1B136A2A1A1C4
:108A000031A6313136A6363636A7363334A734315F
:108A100080A23136A0A2363390A23334B0A23134D2
:108A2000001A80A2811090A29110A0A27210B0A290
:108A30008090001A31A6918190A7918180A6317013
:108A4000A0A6A1A1B0A2B132001A35A2721035A819
:108A500035A180A2813590A29135808D908D001A2C
:108A6000082558527D520A20CC4258520821DB5723
:108A700008205F550822062302240A2526262653AD
:108A800077A626703E100B3900AB0B270030918F74
:108A90002CA291872DA272872CA22C2C2EA72C2DD4
:108AA0002CA22C332CA72C2D2DA22E2E2FA22E2C17
:108AB0002DA22D2F2FA22F2F2FA22D2F2FA22F72BD
:108AC0002F8D30A70074309E309E2F2430252F2606
:108AD000F5502FA22F872DA22F2D2FA22D2D2FA2A3
:108AE0002F2C2FA72F2E2F8D3910913481A22D726C
:108AF000818D7C1081A7008177A781003710913488
:108B0000001A000C7B62865078231BA67D721B9E88
:108B1000341043481B9E83241B257A26F5507A2067
:108B20007A211B229A501BA71B831B8D3910003DF5
:108B3000001A00305852782078211C229A501CA626
:108B40001C041C209A501CA61C051C8D1C231958A3
:108B500077A67A703D1000307AA7007A00301DA702
:108B60007D721EA61D701E9E83241E257A26F5503A
:108B7000381000301EA77A723910003D1FA28310F2
:108B80001DB91D0020A6757021A2721022A62121F8
:108B900022239E5824A6287025A67570A85823A7BE
:108BA0002821238D39106B4822A622215C481DA75D
:108BB0001D721D9E1F239E5826A21F2827A226280D
:108BC00028A72721288D381099482AA6727029A233
:108BD000272728A72921288D3810874829A2292945
:108BE0002AA62A727D481EA7202A28A6247025A618
:108BF0001E70A8582BA6287024A22B2B20A62A7002
:108C000026A22B2627A2272474487AA226727A8DC0
:108C1000001A003023A28372238D23241D252326CE
:108C2000F55028A22310001A25A725723810001A23
:108C300028A22828A84806100038585202240725E0
:108C40007D522620CC5200680AA60C800AAC0A018C
:108C5000381000392AA67206E6502BA8722A2AACD0
:108C60002B0187500A2006212B229A502BA7072B75
:108C70002BAC2B012A202B210B229A5038100039C3
:108C8000003006100038E65087500A8E0A8F0B8E8F
:108C90000B8F2AA60A0B2AAC2A0138100039EA5099
:108CA000585208222A2302240B2523262653E65055
:108CB0002AA60C232AAC2A0100AB0A2A003006108F
:108CC00000385852E65087502AAC0D0F2AA62A0FBA
:108CD0002A2007212A229A502AA6062A2AAC2A01EB
:108CE0002BAC0A0F2BA62B0F2B202A212B229A50BC
:108CF0002BBB2B0C2ABB2A0CEA50585208222A23E1
:108D00000A242B250D2626530030003885A9010F93
:108D1000001A11BA010F85A78511001A007001A66B
:108D20007070007001A77D72001A007009A6707043
:108D3000007009BB7D0F7D2109620081001A8162EC
:108D40000081001A0F210F260068868EC15236104E
:108D50008636006C021050590310875211A62670F7
:108D600012A6277013A62870E65036A8850F368DF8
:108D700001213626EA508742900811B8868615D41C
:108D800018E4112012541D201121001C125411212D
:108D90001D220318C120001E12548021001926A68E
:108DA000117027A6127028A6137026202621001CF9
:108DB000001C001C001B7C22001D262113106B4987
:108DC0001122BC522621E7D3EAE3001A00680F8E75
:108DD000006C2CA20F10875902108759A0A2A02C5A
:108DE00015108959001A80A2802C90A2902C001A8C
:108DF000FA1ED65F0001000000020000001400000F
:108E000000280000004000000100000002000000F7
:108E10000F00000010000000100000002000000003
:108E200010000000100000002C8E03001100000054
:108E300011280000110800000100000000000000DF
:108E400000000000000000000000000000000040E2
:108E5000955969595555545515555556040515419B
:108E60001054554045515544404550445055554582
:108E700000400040400444966555565545404554D1
:108E8000514115405591555555554051050100002A
:108E90005445545445550504001004101404400072
:108EA00000000140555515415404000044000100E4
:108EB00000000040410000445044455054005555C6
:108EC00054556551004000400100000100050100BB
:108ED0001154515154555505000000000000000088
:108EE00000000000A2000000F9A2000083F9A20027
:108EF0006E83F9A24E6E83F9444E6E8315444E6E16
:108F00002915444EFC29154427FC29155727FC290F
:108F1000D15727FCF5D1572734F5D157DD34F5D19A
:108F2000C0DD34F5DBC0DD3462DBC0DD9562DBC063
:108F3000999562DB3C999562433C999590433C99A5
:108F40004190433C00000229000003280000022950
:108F5000000003280000032800000028E8032C017B
:108F60000000320070035A0097045A0070035A0040
:108F70009704FA00000032000B025000100350006A
:108F8000160450002705640020062C010000320062
:108F9000DC03500027054001000032000B025A009C
:108FA00093025A0010035A001604FA0000001E0033
:108FB0000700080009000A000B000C000D000E005D
:108FC0001000110013001500170019001C001F00ED
:108FD0002200250029002D00320037003C0042000D
:108FE00049005000580061006B00760082008F003D
:108FF0009D00AD00BE00D100E600FD001701330169
:10900000510173019801C101EE0120025602920242
:10901000D4021C036C03C30324048E0402058305DD
:109020001006AB0656071208E008C309BD0AD00BAC
:10903000FF0C4C0EBA0F4C110713EE1406175419FF
:10904000DC1BA51EB6211525CA28DF2C5B314B364B
:10905000B93BB24144487E4F71572F60CE6962746C
:10906000FF7F00002A2B00002A2B000003280000AD
:10907000292B0000292B00000328000002290000F2
:10908000052A0000052A000003280000011800003E
:1090900000280000042A0000042A00000328000021
:1090A000012A0000012A000003280000002A000015
:1090B000002A0000032800000018000000282000FB
:1090C000000030000100400002006000030080004A
:1090D0000400C00005000001060080010700000236
:1090E0000800574553545F544F504449522F7A65F6
:1090F000706879722F696E636C7564652F7A65701C
:109100006879722F647269766572732F6770696F00
:109110002E6800286366672D3E706F72745F7069F9
:109120006E5F6D61736B202620286770696F5F70BA
:109130006F72745F70696E735F74292831554C20AB
:109140003C3C202870696E29292920213D2030557A
:1091500000415353455254494F4E204641494C20FB
:109160005B25735D20402025733A25640A0009556C
:109170006E737570706F727465642070696E0A002A
:109180005B257320507265737365645D20506C615C
:1091900079696E6720446961676E6F7374696320D3
:1091A0004D656C6F64792E2E2E0053573320284264
:1091B0007574746F6E31202F2050312E3039290094
:1091C0005357352028427574746F6E32202F20500B
:1091D000312E303829005357362028427574746F69
:1091E0006E33202F2050302E303429004C4520443F
:1091F000617461204C656E67746820557064617499
:1092000065643A205458206D61783D257520627957
:109210007465732C205258206D61783D257520624D
:1092200079746573007075626C69630072616E6455
:109230006F6D007075626C69632D69640072616E98
:10924000646F6D2D696400253032583A25303258EC
:109250003A253032583A253032583A253032583A89
:109260002530325820282573290028666C616773E1
:1092700020262028283155203C3C20323129207CD2
:1092800020283155203C3C20323229207C202831B6
:1092900055203C3C20323329207C20283155203C6D
:1092A0003C20323429207C20283155203C3C20327F
:1092B0003529207C20283155203C3C203236292974
:1092C00029203D3D20300009496E74657272757029
:1092D0007420666C61677320617265206E6F742004
:1092E000737570706F727465640A0028666C6167CC
:1092F00073202620282831203C3C203429207C2043
:109300002831203C3C203529292920213D202828AE
:1093100031203C3C203429207C202831203C3C203A
:10932000352929000950756C6C20557020616E64D8
:109330002050756C6C20446F776E2073686F756C6D
:1093400064206E6F7420626520656E61626C656476
:109350002073696D756C74616E656F75736C790AD5
:1093600000212828666C616773202620283155204B
:109370003C3C2031362929202626202128666C6194
:109380006773202620283155203C3C20313729297D
:109390002026262028666C6167732026202831202D
:1093A0003C3C20312929290009496E7075742063DD
:1093B000616E6E6F7420626520656E61626C6564BB
:1093C00020666F7220274F70656E20447261696E4F
:1093D000272C20274F70656E20536F7572636527A9
:1093E000206D6F64657320776974686F7574204FA2
:1093F00075747075740A0028666C61677320262086
:109400002831203C3C2031292920213D2030207C5E
:109410007C2028666C6167732026202831203C3C24
:1094200020322929203D3D20300028666C61677379
:1094300020262028283155203C3C20313829207C0A
:1094400020283155203C3C203139292929203D3D17
:109450002030207C7C2028666C61677320262028C1
:109460003155203C3C203137292920213D20300036
:10947000094F7574707574206E6565647320746F20
:1094800020626520656E61626C656420746F206285
:109490006520696E697469616C697A6564206C6FB6
:1094A00077206F7220686967680A0028666C6167B8
:1094B0007320262028283155203C3C203138292093
:1094C0007C20283155203C3C203139292929202174
:1094D0003D2028283155203C3C20313829207C2053
:1094E000283155203C3C203139292900094F757419
:1094F0007075742063616E6E6F7420626520696E92
:10950000697469616C697A6564206C6F7720616E3B
:109510006420686967680A004C4520504859205506
:109520007064617465643A2054583D25752C20524E
:10953000583D257500424C4520416476657274693A
:1095400073696E6720616374697665206173202793
:10955000257327006E524635344C31352D417564E4
:10956000696F2D53696E6B00446973636F6E6E652E
:10957000637465642066726F6D20257320287265A0
:1095800061736F6E203078253032782900436F6E1A
:109590006E656374696F6E206661696C656420280E
:1095A00065727220307825303278293A2025730090
:1095B000436F6E6E656374656420746F20706565BB
:1095C000723A202573003D3D3D3D3D3D3D3D3D3DD5
:1095D0003D3D3D3D3D3D3D3D3D3D3D3D3D3D3D3DBB
:1095E0003D3D3D3D3D3D3D3D3D3D3D3D3D3D3D3DAB
:1095F0003D3D3D3D3D3D3D3D0020203574682053BF
:10960000656E7365206E524635344C313520417598
:1096100064696F2052656365697665722026205300
:10962000747265616D6572202020200020205461D5
:10963000726765743A206E524635344C3135204499
:109640006576204D6F64756C65202B204D4158392F
:109650003833353741204932532020202020004222
:109660007574746F6E7320535733202850312E3029
:10967000392920616E6420535735202850312E300F
:10968000382920636F6E666967757265640042757C
:1096900074746F6E20535736202850302E30342982
:1096A00020636F6E6669677572656400466C6173EE
:1096B000682073746F7261676520726561647920D8
:1096C000666F7220617564696F20617373657420C1
:1096D00063616368696E67004661696C65642074E4
:1096E0006F20696E697469616C697A6520493253CB
:1096F00020696E746572666163653A202564004274
:109700006C7565746F6F746820696E69742066612A
:10971000696C656420286572722025642900426C9A
:109720007565746F6F746820696E697469616C69BE
:109730007A6564207375636365737366756C6C79A1
:10974000006D61696E00493253204665656465723B
:10975000207468726561642061637469766500696C
:1097600032735F7772697465206661696C65642025
:10977000282564292C20726573657474696E6720CE
:10978000444D412073746174650049325320444D47
:10979000412073747265616D2073746172746564C5
:1097A000006932735F747269676765722053544150
:1097B00052542072657475726E6564202564006968
:1097C00032735F636F6E6669677572652066616983
:1097D0006C65643A2025640049325320436F6E66FD
:1097E0006967757265643A20526174653D2575201C
:1097F000487A2C2043683D2575202853746572658E
:109800006F204D4158393833353741292C20426972
:1098100074733D2575004E554C4C004932532064FD
:109820006576696365202573206973206E6F7420E7
:1098300072656164792100493253206465766963F9
:109840006520257320666F756E6420616E642072DA
:1098500065616479004661696C656420746F20639A
:109860006F6E66696775726520493253206465665C
:1098700061756C7420666F726D61743A20256400A6
:109880006932735F66656564657200417564696F0E
:1098900020493253206F757470757420656E616253
:1098A0006C656400417564696F20493253206F759F
:1098B000747075742073746F70706564202873748D
:1098C0007265616D696E67206469676974616C2097
:1098D00073696C656E63652900617564696F5F69A2
:1098E0003273004C4333204465636F6465722069B2
:1098F0006E697469616C697A65643A2025752048DF
:109900007A202831302E306D73206672616D657358
:109910002C2025642073616D706C65732900646967
:109920007361626C6564005374617473206E6F744C
:10993000696669636174696F6E202573004C4333F7
:10994000205061636B6574206C6F737320282575DC
:10995000206672616D657329212052756E6E696E85
:109960006720504C432E2E2E006C63335F6465637A
:109970006F6465206661696C65643A202564004106
:109980007564696F20436F6E74726F6C20436F6DE6
:109990006D616E642072656365697665643A203036
:1099A000782530325820286C656E3D257529005089
:1099B0006C61796261636B20737461727465642099
:1099C000627920636C69656E7400506C61796261C4
:1099D000636B2073746F7070656420627920636CB0
:1099E00069656E7400506C61796261636B207061AF
:1099F0007573656420627920636C69656E740050CC
:109A00006C61796261636B20726573756D6564204A
:109A1000627920636C69656E7400436F6E66696776
:109A20002072656365697665643A20526174653DAC
:109A300025752C2043683D25752C20426974733DA3
:109A400025752C20436F6465633D25752C204D6F73
:109A500064653D257500566F6C756D652073657482
:109A600020746F202575252500556E6B6E6F776EFF
:109A700020636F6E74726F6C20636F6D6D616E64C6
:109A80003A2030782530325800417564696F205390
:109A9000747265616D204741545420536572766934
:109AA0006365207265676973746572656400436CF1
:109AB00069656E7420636F6E6E656374656420748F
:109AC0006F20417564696F20536572766963650024
:109AD000436C69656E7420646973636F6E6E656351
:109AE0007465642066726F6D20417564696F2053E0
:109AF00065727669636500617564696F5F7374721E
:109B000065616D5F737663004A6974746572206283
:109B1000756666657220696E697469616C697A65DB
:109B200064202843617061636974793A2025642058
:109B3000627974657329004A69747465722062756C
:109B400066666572207265736574005061636B654B
:109B500074206C6F7373206465746563746564212D
:109B60002045787065637465642073657120257580
:109B70002C20676F7420257520284C6F73743A2051
:109B8000257529004A697474657220627566666578
:109B900072206F766572666C6F77212044726F70E9
:109BA0007065642025752062797465730050726554
:109BB000627566666572207468726573686F6C643E
:109BC0002072656163686564202825752062797458
:109BD0006573292E20506C61796261636B20726518
:109BE00061647921006A69747465725F62756600E8
:109BF00045787465726E616C2F496E7465726E6122
:109C00006C20666C6173682073746F726167652085
:109C10006E6F74207265616479206F72206E6F744C
:109C200020666F756E642E20466C617368206361D8
:109C30006368696E672064697361626C65642E0095
:109C4000466C6173682073746F7261676520696E1A
:109C5000697469616C697A65643A2025730041739F
:109C6000736574202575206E6F742076616C69644D
:109C7000206F7220656D70747920286D616769634B
:109C80003D3078253038582900506C6179696E670D
:109C900020666C617368206173736574202575207C
:109CA0002873697A653D25752062797465732C2067
:109CB000726174653D257520487A2900666C617370
:109CC000685F73746F7261676500417564696F20C6
:109CD00044535020696E697469616C697A65642EB9
:109CE0002044656661756C7420766F6C756D653A9D
:109CF000202575252500617564696F5F64737000A8
:109D0000546F6E652073796E746820776F726B651F
:109D100072207468726561642072656164790050B4
:109D20006C6179696E67205374617274757020423A
:109D30006F6F742054756E65206F6E204D415839D9
:109D40003833353741204932532E2E2E005B427571
:109D500074746F6E20325D20506C6179696E67207B
:109D60004D6172696F20436F696E204368696D654C
:109D7000202842352D3E4536292E2E2E005B427579
:109D800074746F6E20325D20506C6179696E67204B
:109D9000566963746F72792046616E6661726520E0
:109DA0002843352D3E4736292E2E2E005B427574F2
:109DB000746F6E20325D20506C6179696E6720533C
:109DC00063692D466920416C657274204368696D32
:109DD000652E2E2E005B427574746F6E20325D20EE
:109DE000506C6179696E67203130303020487A20BC
:109DF0005075726520546573742053696E652054E4
:109E00006F6E652E2E2E00746F6E655F73796E74A3
:109E10006800546F6E652073796E74686573697A33
:109E2000657220696E697469616C697A656400FFA6
:109E3000FFFFFF02040608FFFFFFFF020406080001
:109E4000020406080C10161C24303E50647C94A0BA
:109E5000574553545F544F504449522F7A657068A8
:109E600079722F6C69622F686561702F6865617007
:109E70002E63006368756E6B5F7573656428682C6C
:109E80002063290009756E657870656374656420C8
:109E9000686561702073746174652028646F7562F1
:109EA0006C652D667265653F2920666F72206D6551
:109EB0006D6F72792061742025700A006C6566747C
:109EC0005F6368756E6B28682C2072696768745FC1
:109ED0006368756E6B28682C20632929203D3D201E
:109EE000630009636F7272757074656420686561E0
:109EF0007020626F756E6473202862756666657285
:109F0000206F766572666C6F773F2920666F7220CE
:109F10006D656D6F72792061742025700A0028616B
:109F20006C69676E20262028616C69676E202D2081
:109F3000312929203D3D20300009616C69676E2080
:109F40006D757374206265206120706F7765722073
:109F50006F6620320A006279746573203E2068655E
:109F600061705F666F6F7465725F62797465732884
:109F70006279746573290009686561702073697A74
:109F80006520697320746F6F20736D616C6C0A00BB
:109F9000686561705F737A203E206368756E6B73CD
:109FA0007A2873697A656F66287374727563742092
:109FB0007A5F686561702929006368756E6B305F30
:109FC00073697A65202B206D696E5F6368756E6BAF
:109FD0005F73697A65286829203C3D206865617057
:109FE0005F737A00574553545F544F504449522F82
:109FF0007A65706879722F6C69622F6F732F636254
:10A000007072696E74665F7061636B616765642E00
:10A01000630009537472696E6720776974682074ED
:10A020006F6F206D616E7920617267756D656E74FA
:10A03000730A00097374725F7074725F706F735B80
:10A040005D20746F6F20736D616C6C0A0009756E12
:10A0500065787065637465642073697A6520257519
:10A060000A0009746F6F206D616E7920666F726DE2
:10A07000617420617267730A00696E5F7061636B5F
:10A080006167656420213D202828766F6964202A55
:10A090002930290028756E7369676E65642920630D
:10A0A000686172202A207573656420666F722025AE
:10A0B000257020617267756D656E742E2049742756
:10A0C00073207265636F6D6D656E64656420746F77
:10A0D000206361737420697420746F20766F6964E3
:10A0E000202A2062656361757365206974206D6143
:10A0F00079206361757365206D6973626568617647
:10A10000696F7220696E206365727461696E206385
:10A110006F6E66696775726174696F6E732E205316
:10A120007472696E673A2225732220617267756DB9
:10A13000656E743A256400736370795F636E742092
:10A140003C2073697A656F66286370795F737472F7
:10A150005F706F7329006B6565705F636E74203C80
:10A160002073697A656F66286B6565705F737472BA
:10A170005F706F73290063627072696E74665F70DE
:10A1800061636B61676500574553545F544F50449A
:10A1900049522F7A65706879722F6C69622F6F73DC
:10A1A0002F6D7073635F706275662E6300657272E7
:10A1B000203D3D203000574553545F544F50444993
:10A1C000522F7A65706879722F696E636C75646559
:10A1D0002F7A65706879722F7370696E6C6F636B1C
:10A1E0002E68007A5F7370696E5F6C6F636B5F7669
:10A1F000616C6964286C290009496E76616C696438
:10A20000207370696E6C6F636B2025700A007A5F33
:10A210007370696E5F756E6C6F636B5F76616C698E
:10A2200064286C2900094E6F74206D792073706961
:10A230006E6C6F636B2025700A00574553545F5452
:10A240004F504449522F7A65706879722F6C696259
:10A250002F7574696C732F6F6E6F66662E63007353
:10A2600074617465203D3D20305500217379735F22
:10A27000736C6973745F69735F656D707479282698
:10A280006D67722D3E636C69656E7473290074721C
:10A29000616E73697420213D202828766F696420DF
:10A2A0002A293029007374617465203D3D202831CE
:10A2B000554C203C3C2028312929006D67722D3EE9
:10A2C00072656673203D3D203000737461746520B3
:10A2D0003D3D202831554C203C3C20283029290088
:10A2E0006D67722D3E72656673203E2030005745C3
:10A2F00053545F544F504449522F7A6570687972B5
:10A300002F6C69622F7574696C732F6E6F74696638
:10A31000792E6300574553545F544F504449522F90
:10A320007A65706879722F6C69622F7574696C73C5
:10A330002F72696E675F6275666665722E63006C68
:10A340006F6767696E6700574553545F544F5044B9
:10A3500049522F7A65706879722F737562737973B9
:10A360002F6C6F6767696E672F6C6F675F636F72C3
:10A37000652E63006C6F675F6261636B656E645F1F
:10A38000636F756E745F6765742829203C202828E8
:10A390003332202F20335529202D202831202B2007
:10A3A000302929006261636B656E64203C3D205F4B
:10A3B0006C6F675F6261636B656E645F6C69737419
:10A3C0005F656E640009756E6578706563746564B9
:10A3D000206C69737420656E64206C6F63617469AE
:10A3E0006F6E0A006C6F675F6261636B656E645FBE
:10A3F000636F756E745F6765742829203E20300096
:10A400006C6F6700574553545F544F504449522F67
:10A410007A65706879722F7375627379732F6C6FB8
:10A420006767696E672F6C6F675F6D676D742E630A
:10A43000006C696E6B203C3D205F6C6F675F6C69E0
:10A440006E6B5F6C6973745F656E6400574553543F
:10A450005F544F504449522F7A65706879722F6962
:10A460006E636C7564652F7A65706879722F6C6F96
:10A470006767696E672F6C6F675F6261636B656E9C
:10A48000642E68006261636B656E6420213D202844
:10A4900028766F6964202A293029006C6F675F6D08
:10A4A000676D74004D65737361676520282225739D
:10A4B00022292064726F7070656420626563617523
:10A4C00073652069742065786365656473207369BA
:10A4D0007A65206C696D69746174696F6E202825D6
:10A4E000752900574553545F544F504449522F7AB1
:10A4F00065706879722F7375627379732F6C6F67EB
:10A5000067696E672F6C6F675F6D73672E6300708E
:10A510006C656E203E3D2030004D6573736167654C
:10A520002064726F70706564206265636175736525
:10A5300020697420657863656564732073697A6542
:10A54000206C696D69746174696F6E2028257529A6
:10A55000000D0A00574553545F544F504449522F41
:10A560007A65706879722F7375627379732F6C6F67
:10A570006767696E672F6C6F675F6F75747075744E
:10A580002E63006F75745F6374782D3E636F6E7415
:10A59000726F6C5F626C6F636B2D3E6F6666736586
:10A5A00074203C3D206F75745F6374782D3E736931
:10A5B0007A65001B5B306D006C6576656C203C3DF8
:10A5C000203400257320005B2530386C755D200039
:10A5D0005B253032753A253032753A253032752E8A
:10A5E000253033752C253033755D200025732F0001
:10A5F0003C25733E200025733A2000657272203E90
:10A600003D2030002530327820007C00256300207A
:10A610006D657373616765732064726F70706564D4
:10A62000202D2D2D0D0A1B5B306D001B5B313B3344
:10A63000316D2D2D2D20001B5B313B33316D001B07
:10A640005B313B33336D006572720077726E006967
:10A650006E660064626700574553545F544F504420
:10A6600049522F7A65706879722F737562737973A6
:10A670002F6C6F6767696E672F6261636B656E64CD
:10A68000732F6C6F675F6261636B656E645F75618A
:10A6900072742E63006465766963655F69735F72C7
:10A6A0006561647928756172745F64657629006CF0
:10A6B0006F675F6261636B656E645F756172740082
:10A6C0006C6F675F756172740073757370656E642B
:10A6D0006564006F666600706D5F646576696365CA
:10A6E00000000101030100030153697A65206F66D0
:10A6F00020434F4E4649475F464C4153485F4649C9
:10A700004C4C5F4255464645525F53495A45004EB0
:10A7100065676174697665206F6666736574206E1F
:10A720006F7420616C6C6F7765640A00496E636FAB
:10A7300072726563742073697A65206F72206F6628
:10A740006673657420616C69676E6D656E742C202C
:10A75000657870656374656420257A780A00666C94
:10A76000617368002A2A2A20426F6F74696E67201D
:10A770006E524620436F6E6E6563742053444B20C7
:10A7800076332E302E302D336266633436353738CB
:10A79000653432202A2A2A0A002A2A2A2055736977
:10A7A0006E67205A6570687972204F532076342E78
:10A7B000302E39392D6130653534356362343337A5
:10A7C00061202A2A2A0A0072302F61313A20203073
:10A7D0007825303878202072312F61323A202030AD
:10A7E0007825303878202072322F61333A2020309B
:10A7F00078253038780072332F61343A2020307851
:10A8000025303878207231322F69703A2020307824
:10A8100025303878207231342F6C723A202030780D
:10A82000253038780020787073723A2020307825EF
:10A8300030387800735B2532645D3A20203078250B
:10A840003038782020735B2532645D3A20203078E0
:10A85000253038782020735B2532645D3A20203023
:10A8600078253038782020735B2532645D3A2020CB
:10A870003078253038780066707363723A20203063
:10A880007825303878004661756C74696E67206988
:10A890006E737472756374696F6E2061646472653F
:10A8A000737320287231352F7063293A2030782550
:10A8B00030387800556E68616E646C65642049526A
:10A8C000516E3A202564002A2A2A2A2A204D505502
:10A8D000204641554C54202A2A2A2A2A0020205357
:10A8E0007461636B696E67206572726F7220286392
:10A8F0006F6E746578742061726561206D69676838
:10A9000074206265206E6F742076616C6964290022
:10A910002020556E737461636B696E672065727277
:10A920006F7200202044617461204163636573731A
:10A930002056696F6C6174696F6E0020204D4D4622
:10A94000415220416464726573733A2030782578EF
:10A95000002020496E737472756374696F6E2041B4
:10A9600063636573732056696F6C6174696F6E0001
:10A970002020466C6F6174696E672D706F696E740C
:10A98000206C617A792073746174652070726573CC
:10A990006572766174696F6E206572726F720057AE
:10A9A0004553545F544F504449522F7A657068792B
:10A9B000722F617263682F61726D2F636F72652FE2
:10A9C000636F727465785F6D2F6661756C742E634A
:10A9D00000212828285343425F54797065202A2992
:10A9E00020282830784530303045303030554C29DB
:10A9F000202B20307830443030554C2920292D3EF2
:10AA0000434653522026202831554C203C3C2028D8
:10AA10003055202B203455292929000953746163AE
:10AA20006B696E67206F72204461746120416363BB
:10AA30006573732056696F6C6174696F6E206572FF
:10AA4000726F7220776974686F75742073746163B4
:10AA50006B2067756172642C20757365722D6D6F44
:10AA60006465206F72206E756C6C2D706F696E74EA
:10AA7000657220646574656374696F6E0A0A002AE2
:10AA80002A2A2A2A205553414745204641554C54ED
:10AA9000202A2A2A2A2A0020204469766973696FAD
:10AAA0006E206279207A65726F002020556E616C8D
:10AAB00069676E6564206D656D6F7279206163638F
:10AAC000657373002020537461636B206F76657229
:10AAD000666C6F772028636F6E746578742061727E
:10AAE0006561206E6F742076616C69642900202096
:10AAF0004E6F20636F70726F636573736F7220693E
:10AB00006E737472756374696F6E73002020496C84
:10AB10006C6567616C206C6F6164206F66204558BE
:10AB2000435F52455455524E20696E746F20504316
:10AB3000002020496C6C6567616C20757365206F1F
:10AB4000662074686520455053520020204174747B
:10AB5000656D707420746F20657865637574652009
:10AB6000756E646566696E656420696E737472756E
:10AB70006374696F6E002A2A2A2A2A2042555320BC
:10AB80004641554C54202A2A2A2A2A002020537450
:10AB900061636B696E67206572726F72002020506E
:10ABA00072656369736520646174612062757320E6
:10ABB0006572726F720020204246415220416464E7
:10ABC000726573733A2030782578002020496D70C3
:10ABD00072656369736520646174612062757320B6
:10ABE0006572726F72002020496E7374727563749F
:10ABF000696F6E20627573206572726F72005265A4
:10AC000073657276656420457863657074696F6EEC
:10AC100020280053707572696F757320696E7465B2
:10AC20007272757074202849525120005350534558
:10AC30004C20696E20746872656164206D6F646574
:10AC400020646F6573206E6F7420696E6469636140
:10AC50007465205053500065736620213D202828DC
:10AC6000766F6964202A29302900094553462063FC
:10AC70006F756C64206E6F742062652072657472EB
:10AC80006965766564207375636365737366756C57
:10AC90006C792E205368616C6C206E65766572202D
:10ACA0006F636375722E0A002A2A2A2A2A204841D5
:10ACB0005244204641554C54202A2A2A2A2A002050
:10ACC00020427573206661756C74206F6E20766506
:10ACD00063746F72207461626C65207265616400D8
:10ACE00020204465627567206576656E74002020BB
:10ACF0004661756C7420657363616C6174696F6E15
:10AD000020287365652062656C6F77290041524386
:10AD1000485F4558434550542077697468207265F0
:10AD200061736F6E2025780A00094661756C742086
:10AD3000657363616C6174696F6E20776974686FA5
:10AD400075742046535220696E666F0A0009486187
:10AD500072644661756C7420776974686F757420CD
:10AD60004846535220696E666F205368616C6C20B0
:10AD70006E65766572206F636375720A002A2A2AEF
:10AD80002A2A204465627567206D6F6E69746F7240
:10AD900020657863657074696F6E202A2A2A2A2AD2
:10ADA000002A2A2A2A2A20257320256429202A2AD3
:10ADB0002A2A2A00574553545F544F504449522F72
:10ADC0007A65706879722F617263682F61726D2F76
:10ADD000636F72652F636F727465785F6D2F697230
:10ADE000715F6D616E6167652E63007072696F20BF
:10ADF0003C3D20282831554C203C3C202833292933
:10AE0000202D2031290009696E76616C69642070FB
:10AE100072696F7269747920256420666F722025CB
:10AE20006420697271212076616C756573206D757F
:10AE30007374206265206C657373207468616E2082
:10AE4000256C750A0A006D7075004661696C656451
:10AE500020746F20616C6C6F63617465206E657720
:10AE6000204D505520726567696F6E2025750A0068
:10AE7000506172746974696F6E2025753A20736130
:10AE80006E69747920636865636B206661696C65BF
:10AE9000642E00496E76616C696420756E6465721B
:10AEA0006C79696E6720726567696F6E20696E6480
:10AEB000657820257500574553545F544F504449D9
:10AEC000522F7A65706879722F617263682F617290
:10AED0006D2F636F72652F6D70752F61726D5F6D71
:10AEE00070752E630009436F6E6669677572696ECF
:10AEF0006720257520737461746963204D50552057
:10AF0000726567696F6E73206661696C65640A0AB1
:10AF100000094D61726B696E67202575206172654D
:10AF2000617320666F722064796E616D696320724F
:10AF30006567696F6E73206661696C65640A0A00F3
:10AF4000095265717565737420746F20636F6E6646
:10AF500069677572653A20257520726567696F6E3D
:10AF6000732028737570706F727465643A2025754C
:10AF7000290A0A002128726567696F6E5B69647827
:10AF80005D2E64745F617474722026202831554CE4
:10AF9000203C3C202830292929000952414D5F4E90
:10AFA0004F434143484520776974682044545F4DBE
:10AFB000454D5F434143484541424C4520617474CF
:10AFC0007269627574650A0A00094661696C656494
:10AFD00020746F20616C6C6F63617465204D5055F7
:10AFE00020726567696F6E732066726F6D204454BE
:10AFF0000A0A00464C4153485F30005352414D5FAE
:10B0000030006578697400574553545F544F50447D
:10B0100049522F7A65706879722F6C69622F6C695A
:10B0200062632F636F6D6D6F6E2F736F75726365E3
:10B030002F7374646C69622F6D616C6C6F632E6327
:10B04000006C6F636B5F726574203D3D203000576C
:10B050004553545F544F504449522F7A6570687974
:10B06000722F6C69622F6E65745F6275662F6275F0
:10B07000662E63006275662D3E666C616773203DC7
:10B080003D203055006275662D3E66726167732003
:10B090003D3D202828766F6964202A2930290072D6
:10B0A00065715F73697A65203C3D2073697A65003C
:10B0B000090A0066726167006E65745F62756600FA
:10B0C000574553545F544F504449522F7A65706826
:10B0D00079722F6C69622F6E65745F6275662F627C
:10B0E00075665F73696D706C652E63006275662DA1
:10B0F0003E6C656E203D3D203055006275662D3EEC
:10B100006C656E203E3D206C656E006E65745F62FE
:10B1100075665F73696D706C655F68656164726F99
:10B120006F6D2862756629203E3D206C656E006E4D
:10B1300065745F6275665F73696D706C655F74617D
:10B14000696C726F6F6D2862756629203E3D206CB8
:10B15000656E006E65745F6275665F73696D706CB5
:10B160006500736F6300257320756E6D6F756E7467
:10B170006564004C6974746C65465320766572731F
:10B18000696F6E2025752E25752C206469736B20E0
:10B1900076657273696F6E2025752E257500436183
:10B1A0006E277420696E6974206C6974746C6566AE
:10B1B00073206261636B656E642C207265766965CD
:10B1C0007720636F6E6669677320616E6420666CBA
:10B1D000616773203078253038780063616E27749A
:10B1E000206F70656E20666C6173682061726561A6
:10B1F0002025640063616E27742067657420666C87
:10B20000617368206465766963653A202573005729
:10B210004553545F544F504449522F7A65706879B2
:10B22000722F7375627379732F66732F6C697474E0
:10B230006C6566735F66732E6300465320617420ED
:10B2400025733A3078257820697320257520307869
:10B2500025782D6279746520626C6F636B7320773B
:10B26000697468202575206379636C65007061726C
:10B27000746974696F6E2073697A65733A207264B9
:10B28000202575203B207072202575203B206361AE
:10B29000202575203B206C612025750028626C6F8D
:10B2A000636B5F73697A6520252070726F675F73C7
:10B2B000697A6529203D3D2030000965726173651A
:10B2C0002073697A65206D757374206265206D75D1
:10B2D0006C7469706C65206F662077726974652084
:10B2E00073697A650A0028626C6F636B5F73697AB1
:10B2F0006520252063616368655F73697A6529202D
:10B300003D3D2030000963616368652073697A659B
:10B3100020696E636F6D70617469626C6520776916
:10B32000746820626C6F636B2073697A650A002809
:10B33000282873747275637420666C6173685F612A
:10B34000726561202A2966732D3E6261636B656EAA
:10B3500064292D3E66615F73697A65202520626CE1
:10B360006F636B5F73697A6529203D3D203000096A
:10B37000706172746974696F6E2073697A65206D8B
:10B38000757374206265206D756C7469706C6520CE
:10B390006F6620626C6F636B2073697A650A006365
:10B3A000616E2774206D6F756E7420284C46532093
:10B3B0002564293B20666F726D617474696E670045
:10B3C00063616E206E6F7420666F726D617420729F
:10B3D0006561642D6F6E6C792073797374656D008F
:10B3E00072656D6F756E7420616674657220666F2C
:10B3F000726D6174206661696C656420284C4653E7
:10B4000020256429002573206D6F756E74656400B6
:10B41000D9FBFBFBFBFBFBFBFBFBFBFBFBFBFBFB9E
:10B42000FBFBFBFBFBFBFBFBFBFBFBFBFBFBFBFB6C
:10B43000FBFBFBFBFBFBFBFBFBFBFBFBFBFBFBFB5C
:10B44000FBFBFBFBFBFBFBFBFBFBFBFBFBFBE4E579
:10B45000FBFBFBFBEAEBECFBFBEFFBFBACFBF4FBCE
:10B46000FBF7FBFBFBFBFBFBFEF2FBFBFBFBFBFB36
:10B47000FBFBFBFBFBFBFBFBFBFBFBFBFBFBFBFB1C
:10B48000FBFBFBFBFBFBFBFBFBFBFBFBFBFBFBFB0C
:10B49000FBFBFBFBFBFBA6FBFBFBFBFBFBFBFBFB51
:10B4A000FBE4E5FBFBFBFBEAEBECFBFBEFFBFBFB55
:10B4B000FBF4FBFBF7FBFBFBFBFBFBFE6C69747413
:10B4C0006C6566730000FFFFFFFFFFFF00000000D8
:10B4D000000000FFFFFFFFFFFF0000000000003042
:10B4E000313233343536373839616263646566002A
:10B4F0004254204C572057510002FB349B5F800080
:10B5000000800010000000000000574553545F54B5
:10B510004F504449522F7A65706879722F73756263
:10B520007379732F626C7565746F6F74682F686FB1
:10B5300073742F6275662E630074797065203D3DCB
:10B540002042545F4255465F455654207C7C20740F
:10B55000797065203D3D2042545F4255465F41432E
:10B560004C5F494E207C7C2074797065203D3D20E5
:10B5700042545F4255465F49534F5F494E00094967
:10B580006E76616C69642062756666657220747996
:10B590007065207265717565737465640A006D6508
:10B5A00074612D3E706172656E7400766965770016
:10B5B0006E65745F6275665F68656164726F6F6DFA
:10B5C00028706172656E7429203E203000216274FB
:10B5D0005F6275665F6861735F7669657728706121
:10B5E00072656E74290062745F6275660062745FD2
:10B5F000646174610044617461206275666665729D
:10B60000206F766572666C6F7720286C696E6B2090
:10B6100074797065203078253032782900556E6154
:10B62000626C6520746F206C6F6F6B207570206387
:10B630006F6E6E20776974682068616E646C652037
:10B640002575004861726477617265206572726F5A
:10B65000722C20686172647761726520636F646523
:10B660003A20256400436F756C64206E6F742073FC
:10B6700075626D69742072785F776F726B3A2025FE
:10B680006400556E61626C6520746F206C6F6F6B27
:10B69000757020636F6E6E20666F722068616E64D5
:10B6A0006C65202575006D61785F74785F6F6374D9
:10B6B00065747320657863656564732074686520BC
:10B6C00076616C69642072616E6765202575006D16
:10B6D00061785F72785F6F637465747320657863F7
:10B6E00065656473207468652076616C6964207296
:10B6F000616E6765202575006D61785F74785F7491
:10B70000696D65206578636565647320746865207C
:10B7100076616C69642072616E6765202575006DC5
:10B7200061785F72785F74696D65206578636565BF
:10B730006473207468652076616C69642072616E40
:10B74000676520257500556E61626C6520746F20F9
:10B75000616C6C6F6361746520627566666572000A
:10B76000556E68616E646C6564206576656E7420E4
:10B77000307825303278206C656E2025753A20258A
:10B7800073004E6F2070656E64696E67207065721D
:10B790006970686572616C20636F6E6E6563746951
:10B7A0006F6E00556E6578706563746564207374A0
:10B7B00061747573203078253032782025730054F9
:10B7C0006F6F20736D616C6C202825752062797411
:10B7D000657329206576656E74203078253032785F
:10B7E00000496E76616C6964204843492041434CAE
:10B7F000207061636B65742073697A6520282575F4
:10B80000290041434C2064617461206C656E67744B
:10B8100068206D69736D6174636820282575202127
:10B820003D2025752900556E61626C6520746F207E
:10B8300066696E6420636F6E6E20666F7220686149
:10B840006E646C6520257500496E76616C696420B4
:10B85000484349206576656E742073697A652028AF
:10B8600025752900574553545F544F504449522F72
:10B870007A65706879722F7375627379732F626C51
:10B880007565746F6F74682F686F73742F68636960
:10B890005F636F72652E630062745F6863695F65E2
:10B8A00076745F6765745F666C616773286864723D
:10B8B0002D3E657674292026202831554C203C3CAD
:10B8C000202831292900556E6B6E6F776E206275C6
:10B8D00066207479706520257500556E68616E6408
:10B8E0006C65642076656E646F722D737065636934
:10B8F000666963206576656E74203078253032780D
:10B90000206C656E2025753A202573004E6F2063EC
:10B910006F6D6D616E642073656E7420666F72204A
:10B92000636D6420636F6D706C657465203078257D
:10B93000303478004F70436F6465203078253034A0
:10B940007820636F6D706C6574656420696E7374C4
:10B95000656164206F662065787065637465642036
:10B96000307825303478002162756600696E746520
:10B970007276616C206578636565647320746865B0
:10B980002076616C69642072616E6765203078256D
:10B99000303478006C6174656E6379206578636516
:10B9A000656473207468652076616C6964207261D7
:10B9B0006E67652030782530347800737570765F57
:10B9C00074696D656F75742065786365656473204F
:10B9D0007468652076616C69642072616E676520A9
:10B9E00030782530347800657674206E756D5F6828
:10B9F000616E646C657320283D25752920746F6F16
:10BA0000206C6172676520282575203E20257529E8
:10BA1000004E6F20636F6E6E656374696F6E206693
:10BA20006F722068616E646C6520257500706163BB
:10BA30006B65747320636F756E74206D69736D61CF
:10BA40007463680061746F6D69635F67657428264D
:10BA5000636F6E6E2D3E696E5F6C6C2900756E6B48
:10BA60006E6F776E006576745F666C616773202613
:10BA7000202831554C203C3C202830292900496E93
:10BA800076616C6964206275662074797065202522
:10BA900075005B305D004964656E74697479257367
:10BAA0003A202573004964656E746974795B256476
:10BAB0005D3A202573004843493A207665727369E0
:10BAC0006F6E202573202830782530327829207237
:10BAD00065766973696F6E203078253034782C2054
:10BAE0006D616E756661637475726572203078255C
:10BAF000303478004C4D503A2076657273696F6E21
:10BB000020257320283078253032782920737562FB
:10BB10007665722030782530347800556E61626C1D
:10BB20006520746F2073656E6420746F2064726981
:10BB300076657220286572722025642900556E632F
:10BB40006C65617265642070656E64696E672073F0
:10BB5000656E745F636D6400737563636573730012
:10BB600009636F6D6D616E64206F70636F64652033
:10BB70003078253034782074696D656F75740A00EB
:10BB800009436F6E74726F6C6C657220756E7265AE
:10BB900073706F6E736976652C20636F6D6D616E67
:10BBA00064206F70636F64652030782530347820AE
:10BBB00074696D656F757420776974682065727239
:10BBC0002025640A006F70636F646520307825302B
:10BBD000347820737461747573203078253032782E
:10BBE000202573004661696C656420746F2072655E
:10BBF000616420444C45206D61782064617461204B
:10BC00006C656E004E6F6E2D4C45206361706162F5
:10BC10006C6520636F6E74726F6C6C657220646506
:10BC2000746563746564210041434C2042522F4582
:10BC300044522062756666657273206E6F74206967
:10BC40006E697469616C697A65640056656E646FCB
:10BC5000722048434920657874656E73696F6E730E
:10BC6000206E6F7420617661696C61626C6500485A
:10BC70005720506C6174666F726D3A2025732028CE
:10BC80003078253034782900485720566172696130
:10BC90006E743A20257320283078253034782900B6
:10BCA0004669726D776172653A2025732028307875
:10BCB00025303278292056657273696F6E2025759C
:10BCC0002E2575204275696C6420257500466169D2
:10BCD0006C656420746F2072656164207375707088
:10BCE0006F727465642076656E646F7220636F6D29
:10BCF0006D616E6473004661696C656420746F20C9
:10BD00007265616420737570706F727465642076FB
:10BD1000656E646F72206665617475726573004844
:10BD2000434920647269766572206973206E6F746E
:10BD300020726561647900425420525820575100A6
:10BD400048434920647269766572206F70656E2081
:10BD50006661696C65642028256429006576742D08
:10BD60003E737461747573203D3D2030783030002F
:10BD70004E6F2070656E64696E6720636F6E6E2013
:10BD8000666F72207065657220257300556E657848
:10BD900070656374656420484F53545F4E554D5F22
:10BDA000434F4D504C455445445F5041434B4554DF
:10BDB000532C207374617475732030782530327879
:10BDC0002025730091FBFBF3F4FBFBFBFBEA010274
:10BDD00004312E306200312E3100312E3200322EED
:10BDE0003000322E3100332E3000342E3000342E0D
:10BDF0003100342E3200352E3000352E3100352EF4
:10BE00003200352E3300352E3400362E3000537478
:10BE1000616E6461726420426C7565746F6F7468E2
:10BE200020636F6E74726F6C6C65720056656E6421
:10BE30006F7220737065636966696320636F6E74E7
:10BE4000726F6C6C6572004669726D776172652005
:10BE50006C6F616465720052657363756520696D0E
:10BE6000616765007265736572766564006E52463F
:10BE7000353178006E5246353278006E5246353391
:10BE800078006E524635344878006E524635344C50
:10BE90007800496E74656C20436F72706F726174C4
:10BEA000696F6E004E6F726469632053656D6963DC
:10BEB0006F6E647563746F72004E58502053656DD9
:10BEC00069636F6E647563746F72730062745F6828
:10BED00063695F636F726500636D64206469736199
:10BEE0006C6C6F776564004F6E6C792072616E6464
:10BEF0006F6D20737461746963206964656E746921
:10BF00007479206164647265737320737570706FE7
:10BF10007274656400496E76616C696420696E7044
:10BF2000757420706172616D65746572730046612D
:10BF3000696C656420746F2072656164207075623D
:10BF40006C69632061646472657373005265616437
:10BF5000205374617469632041646472657373650E
:10BF60007320636F6D6D616E64206E6F74206176F7
:10BF700061696C61626C65004661696C656420741E
:10BF80006F207265616420737461746963206164F9
:10BF900064726573736573004E6F207374617469A6
:10BFA00063206164647265737365732073746F7268
:10BFB000656420696E20636F6E74726F6C6C65725D
:10BFC0000043616E27742073657420626F7468206B
:10BFD0004944454E544954592026204E5250410060
:10BFE000556E61626C6520746F207365742069649E
:10BFF000656E746974792061646472657373005549
:10C000006E61626C6520746F207365742072616E5E
:10C01000646F6D20616464726573730062745F693C
:10C020006400546F6F206269672061647665727482
:10C030006973696E672064617461004661696C654B
:10C040006420746F20737461727420616476657209
:10C050007469736572004661696C656420746F2051
:10C0600073746F70206164766572746973696E674A
:10C070003A20256400436F6E74726F6C6C65722099
:10C0800063616E6E6F7420726573756D6520636F8A
:10C090006E6E65637461626C65206164766572744E
:10C0A0006973696E6720282564290062745F616482
:10C0B0007600574553545F544F504449522F7A6588
:10C0C000706879722F7375627379732F626C7565FE
:10C0D000746F6F74682F686F73742F636F6E6E2E3A
:10C0E00063006362203C3D205F62745F636F6E6E2D
:10C0F0005F63625F6C6973745F656E640021627474
:10C100005F6275665F6861735F76696577286F75D2
:10C110007473696465290074780069735F61636C86
:10C120005F636F6E6E28636F6E6E29004661696C87
:10C13000656420726561642072656D6F7465206648
:10C1400065617475726573202825642900466169EC
:10C150006C6564204C452053657420504859202854
:10C16000256429004661696C656420746F207365DD
:10C17000742064617461206C656E20282564290038
:10C180006B5F63757272656E745F676574282920D2
:10C190003D3D206B5F776F726B5F71756575655F95
:10C1A0007468726561645F6765742874785F6E6F28
:10C1B000746966795F776F726B71756575655F67B6
:10C1C00065742829290009636F756C646E277420D3
:10C1D0007375626D69742028657272202564290A5E
:10C1E00000556E6578706563746564206669727366
:10C1F00074204C32434150206672616D6500556E6B
:10C200006578706563746564204C324341502063E7
:10C210006F6E74696E756174696F6E004E6F742015
:10C22000656E6F75676820627566666572207370EB
:10C2300061636520666F72204C3243415020646117
:10C24000746100556E657870656374656420414360
:10C250004C20666C6167732028307825303278294D
:10C260000041434C206C656E206D69736D61746391
:10C270006820282575203E20257529006275662DC9
:10C280003E726566203D3D203100096275662D3E97
:10C290007265662025640A00746D7020213D20635C
:10C2A0006F6E6E007072657620213D2026636F6E82
:10C2B0006E2D3E5F636F6E6E5F726561647900091B
:10C2C000496E76616C696420636F6E6E6563746934
:10C2D0006F6E207265666572656E63650A006F6CCD
:10C2E00064203E20300009436F6E6E2072656665E3
:10C2F00072656E636520636F756E74657220697315
:10C3000020300A0028756E6B6E6F776E29006E6F95
:10C31000207472616E736974696F6E2025730049B1
:10C320006E76616C69642028257529206F6C642005
:10C33000737461746500636F6E6E20257020666192
:10C34000696C656420746F2065737461626C6973D5
:10C35000682E205246206E6F6973653F006E6F2015
:10C3600076616C6964202825752920737461746571
:10C37000207761732073657400696E636F6D7061FF
:10C380007469626C652068616E646C652025750057
:10C39000696E646578203E3D203020262620696E37
:10C3A000646578203C20282873697A655F742920A9
:10C3B000282828696E74292073697A656F66286356
:10C3C0006861725B31202D2032202A202128215FD4
:10C3D0005F6275696C74696E5F74797065735F63B1
:10C3E0006F6D70617469626C655F70285F5F7479EE
:10C3F00070656F665F5F2861636C5F636F6E6E73FD
:10C40000292C205F5F747970656F665F5F2826282E
:10C4100061636C5F636F6E6E73295B305D292929E0
:10C420005D29202D203129202B202873697A656F02
:10C43000662861636C5F636F6E6E7329202F2073B3
:10C44000697A656F66282861636C5F636F6E6E73CF
:10C45000295B305D292929290009496E76616C69BB
:10C46000642062745F636F6E6E20706F696E7465B6
:10C47000720A00216B5F69735F696E5F697372286E
:10C48000290054696D656F75742064697363617206
:10C490006465642E204E6F20626C6F636B696E67FB
:10C4A00020696E2073797377712E00556E61626C0E
:10C4B0006520746F20616C6C6F63617465206275B8
:10C4C000666665722077697468696E2074696D6547
:10C4D0006F75740009496E76616C696420636F6ED4
:10C4E0006E20747970652025750A00636F6E6E206A
:10C4F00025703A206E6F7420636F6E6E656374658D
:10C500006400094E6F20636F6E74726F6C6C65729D
:10C5100020627566730A00094E6F20545820636FBD
:10C520006E746578740A0030207C7C202862756601
:10C530002D3E726566203D3D20312900667261679F
:10C5400020213D202828766F6964202A293029007F
:10C5500009496E76616C696420636F6E6E65637401
:10C56000696F6E20747970652025750A00466174C4
:10C57000616C206572726F7220282564292E204418
:10C580006973636F6E6E656374696E6720257000F2
:10C59000466F756E642076616C696420636F6E6EA1
:10C5A000656374696F6E2028257029207769746827
:10C5B000206164647265737320257320696E202581
:10C5C00073207374617465200053656E64204C455C
:10C5D00020706172616D20757064617465206661A0
:10C5E000696C656420286572722025642900536592
:10C5F0006E64206175746F204C4520706172616DAE
:10C6000020757064617465206661696C65642028BA
:10C610006572722025642900646973636F6E6E65AC
:10C620006374656400646973636F6E6E6563742D13
:10C63000636F6D706C657465007363616E2D626508
:10C64000666F72652D696E6974696174696E6700E1
:10C65000696E6974696174696E672D66696C746569
:10C66000722D6C697374006164762D636F6E6E65F4
:10C67000637461626C65006164762D6469722D6318
:10C680006F6E6E65637461626C6500646973636F7D
:10C690006E6E656374696E670062745F636F6E6E61
:10C6A00000556E61626C6520746F20616C6C6F6305
:10C6B0006174652062756666657220666F72206FB0
:10C6C0007020307825303278004E6F2061766169B5
:10C6D0006C61626C65204C3243415020636F6E7414
:10C6E00065787420666F7220636F6E6E202570000F
:10C6F000574553545F544F504449522F7A657068E0
:10C7000079722F7375627379732F626C7565746FAC
:10C710006F74682F686F73742F6C326361702E634F
:10C720000073203D3D20266C655F6368616E2D3E81
:10C730005F7064755F7265616479006F6C64006638
:10C740006368616E203C3D205F62745F6C326361A0
:10C75000705F66697865645F6368616E5F6C69735A
:10C76000745F656E6400457870656374696E6720F8
:10C77000757020746F20256420726566732C2067A5
:10C780006F7420256400616C726561647920686152
:10C7900076652076696577206F6E202570006220AF
:10C7A0003D3D20706475004C32434150206C656EF5
:10C7B000677468206D69736D6174636820282575DE
:10C7C00020213D2025752900496E76616C69642021
:10C7D0006964656E742076616C756520696E204CA5
:10C7E000324341502050445500546F6F20736D61A7
:10C7F0006C6C204C4520636F6E6E20706172616DB1
:10C80000207273700052656A656374696E67207583
:10C810006E6B6E6F776E204C324341502050445502
:10C8200020636F64652030782530327800546F6F54
:10C8300020736D616C6C204C3243415020736967EA
:10C840006E616C696E672050445500546F6F2073A1
:10C850006D616C6C204C3243415020504455207225
:10C86000656365697665640049676E6F72696E67B6
:10C87000206461746120666F7220756E6B6E6F77D5
:10C880006E206368616E6E656C20494420307825A7
:10C890003034780062745F6C32636170004E6F20D8
:10C8A000617661696C61626C652041545420636FEC
:10C8B0006E7465787420666F7220636F6E6E2025CB
:10C8C00070004E6F20617661696C61626C65204119
:10C8D0005454206368616E6E656C20666F722063CD
:10C8E0006F6E6E20257000556E61626C6520746FEE
:10C8F0002063726561746520555549443A20736917
:10C900007A6520257500556E61626C6520746F2014
:10C9100063726561746520555549443A2073697A9C
:10C9200065202564004E6F7420636F6E6E656374BE
:10C93000656400556E61626C6520746F2066696E77
:10C940006420415454206368616E6E656C004154EC
:10C9500054206368616E6E656C206E6F7420636F27
:10C960006E6E656374656400574553545F544F5051
:10C970004449522F7A65706879722F7375627379A2
:10C98000732F626C7565746F6F74682F686F737442
:10C990002F6174742E63006E65745F6275665F70DC
:10C9A0006F6F6C5F676574286275662D3E706F6F80
:10C9B0006C5F696429203D3D20266174745F706F4F
:10C9C0006F6C006275662D3E6C656E203E3D207377
:10C9D000697A656F66287374727563742062745F18
:10C9E0006174745F68647229004572726F7220739B
:10C9F00069676E696E6720646174610052616E20C0
:10CA00006F7574206F662054582062756666657273
:10CA100073206F7220636F6E74657874732E006379
:10CA200068616E007265712D3E66756E63002163EC
:10CA300068616E2D3E72657100476F742065727279
:10CA40002025642C206E6F742063616C6C696E67A6
:10CA5000204154542063620009556E6B6E6F776EEF
:10CA6000206F702074797065203078253032580A34
:10CA700000415454204D54552065786365656465C4
:10CA8000642C206D61782025752C2077616E74658B
:10CA90006420257A7500546F6F20736D616C6C2073
:10CAA000415454205044552072656365697665642D
:10CAB00000556E68616E646C656420415454206357
:10CAC0006F64652030782530327800496E76616C6D
:10CAD0006964206C656E20257520666F7220636F17
:10CAE000646520307825303278004E6F20415454F0
:10CAF000206368616E6E656C20666F72204D5455C0
:10CB000020257A75004E6F2070656E64696E67200F
:10CB100041545420726571756573740041545420FA
:10CB200054696D656F757420666F722064657669EF
:10CB300063652025732E20446973636F6E6E656391
:10CB400074696E672E2E2E00446973636F6E6E6576
:10CB50006374696E67206661696C6564202865721C
:10CB600072202564290062745F61747400434D4132
:10CB70004320757064617465206661696C6564202A
:10CB8000256400756E61626C6520746F2073617638
:10CB9000652053433A206E6F20636667206C65669C
:10CBA0007400574553545F544F504449522F7A658F
:10CBB000706879722F7375627379732F626C756503
:10CBC000746F6F74682F686F73742F676174742E3D
:10CBD00063004E6F20737061636520746F207374FF
:10CBE0006F726520436C69656E7420537570706F49
:10CBF00072746564204665617475726573004E6F6A
:10CC000020737061636520746F2073746F72652088
:10CC1000434343206366670076616C75655F6C65AE
:10CC20006E206F662025752070726F76696465646A
:10CC300020666F72204E554C4C2076616C756500F5
:10CC400009696E76616C696420706172616D6574EA
:10CC50006572730A0A007374617469635F73766343
:10CC6000203C3D205F62745F676174745F7365721E
:10CC7000766963655F7374617469635F6C6973740B
:10CC80005F656E6400556E61626C6520746F20692B
:10CC90006D706F727420746865206B657920666FA3
:10CCA000722041455320434D414320256400434DAC
:10CCB0004143206F7065726174696F6E20696E699F
:10CCC00074206661696C656420256400434D4143AE
:10CCD0002066696E697368206661696C65642025E9
:10CCE000640009696E76616C696420706172616DBF
:10CCF000657465720A0A0061747472005265616439
:10CD0000206D6574686F64206E6F742073657400A5
:10CD10004661696C656420746F207265616420618E
:10CD2000747472696275746520257020286572724A
:10CD300020257A642900496E76616C6964207265E9
:10CD40006164206C656E6774683A20257A64000916
:10CD50004E6F206D6F7265206174747269627574B4
:10CD600065730A0A004C696E6B206973206E6F74DC
:10CD700020656E63727970746564004465766963DA
:10CD800065206973206E6F742073756273637269B6
:10CD900062656420746F2063686172616374657298
:10CDA0006973746963004E6F2062756666657220F0
:10CDB000617661696C61626C6520746F2073656E69
:10CDC0006420696E6469636174696F6E007061727A
:10CDD000616D7300706172616D732D3E6174747268
:10CDE000207C7C20706172616D732D3E7575696465
:10CDF000002161746F6D69635F746573745F62694C
:10CE0000742873632D3E666C6167732C2053435FF7
:10CE1000494E4449434154455F50454E44494E476D
:10CE2000290009496E64696361746520616C7265EB
:10CE30006164792070656E64696E670A00434343DC
:10CE4000202570206E6F74207772697461626C6542
:10CE500000534320726573746F726520696E646954
:10CE6000636174696F6E206661696C6564004E6F02
:10CE70002062756666657220617661696C61626CBC
:10CE80006520746F2073656E64206E6F74696669C7
:10CE9000636174696F6E0062742F63636300627410
:10CEA0005F67617474004E6F20617661696C6162C6
:10CEB0006C6520534D5020636F6E746578742066E6
:10CEC0006F7220636F6E6E2025700062745F736DE9
:10CED000700063616368655F6E72667800574553E2
:10CEE000545F544F504449522F7A65706879722FBD
:10CEF000647269766572732F636C6F636B5F636FC7
:10CF00006E74726F6C2F636C6F636B5F636F6E74A4
:10CF1000726F6C5F6E72662E630074797065203C70
:10CF200020434C4F434B5F434F4E54524F4C5F4E48
:10CF300052465F545950455F434F554E5400636C01
:10CF40006F636B40313065303030006866636C6B06
:10CF5000006C66636C6B00636C6F636B5F636F6E1A
:10CF600074726F6C00656E74726F70795F62745F5B
:10CF7000686369007073612D726E67007272616D13
:10CF80002D636F6E74726F6C6C6572403530303427
:10CF90006230303000666C6173685F6E72665F721B
:10CFA00072616D004661696C656420746F206578FC
:10CFB000697420445044202825642900576169740D
:10CFC000696E6720756E74696C20666C6173682089
:10CFD0006973207265616479004661696C656420DB
:10CFE000746F207761697420756E74696C20666C4B
:10CFF00061736820697320726561647920282564F3
:10D0000029004A4544454320494420726561642013
:10D010006661696C65643A202564004465766963DD
:10D02000652069642025303278202530327820252B
:10D0300030327820646F6573206E6F74206D617478
:10D04000636820636F6E666967202530327820251B
:10D05000303278202530327800425020636C656190
:10D0600072206661696C65643A2025640A00556E19
:10D0700061626C6520746F20656E74657220342D5A
:10D0800062797465206D6F64653A2025640A006DCD
:10D090007832357236343335664030007370695FEC
:10D0A0006E6F7200D810200C0000000057455354DA
:10D0B0005F544F504449522F7A65706879722F69D6
:10D0C0006E636C7564652F7A65706879722F64720F
:10D0D00069766572732F6770696F2F6770696F5F0C
:10D0E0007574696C732E680063616C6C6261636B4C
:10D0F00000094E6F2063616C6C6261636B210A00F2
:10D1000063616C6C6261636B2D3E68616E646C651B
:10D110007200094E6F2063616C6C6261636B206802
:10D12000616E646C6572210A00574553545F544F19
:10D13000504449522F6D6F64756C65732F68616C34
:10D140002F6E6F726469632F6E7266782F68616CE0
:10D150002F6E72665F6770696F2E68006E72665F11
:10D160006770696F5F70696E5F70726573656E740A
:10D170005F636865636B282A705F70696E2900576A
:10D180004553545F544F504449522F7A6570687923
:10D19000722F647269766572732F6770696F2F677B
:10D1A00070696F5F6E7266782E6300657272203DE3
:10D1B0003D204E5246585F535543434553530067F5
:10D1C00070696F40313061303030006770696F4096
:10D1D0006438323030006770696F40353034303039
:10D1E000004661696C656420746F20616C6C6F63CC
:10D1F000617465206E657874205258206275666689
:10D2000065723A202564004E6F205458206275667E
:10D2100066657220617661696C61626C6500466169
:10D22000696C656420746F20737461727420493274
:10D2300053207472616E736665723A2030782530BF
:10D24000387800574553545F544F504449522F7A11
:10D2500065706879722F647269766572732F6932AE
:10D26000732F6932735F6E7266782E630064727614
:10D270005F646174612D3E636C6B5F6D677220212A
:10D280003D202828766F6964202A293029004465CA
:10D2900076696365206973206E6F7420636F6E66B4
:10D2A0006967757265640043616E6E6F7420777292
:10D2B00069746520696E2073746174653A20256411
:10D2C0000054686973206465766963652063616EE4
:10D2D000206F6E6C7920777269746520626C6F6361
:10D2E0006B7320757020746F2025752062797465CA
:10D2F000730043616E6E6F7420726561637175694E
:10D300007265207175657565642062756666657203
:10D31000004E6578742062756666657273206E6F64
:10D320007420737570706C696564206F6E20746909
:10D330006D65004E6F20726F6F6D20696E205258C0
:10D340002071756575650043616E6E6F7420636F43
:10D350006E66696775726520696E207374617465A5
:10D360003A202564006932735F6366672D3E6D6500
:10D370006D5F736C616220213D202828766F69649F
:10D38000202A293029202626206932735F636667A8
:10D390002D3E626C6F636B5F73697A6520213D205F
:10D3A0003000546869732064657669636520636141
:10D3B0006E207472616E73666572206F6E6C792078
:10D3C00066756C6C2033322D62697420776F7264DD
:10D3D0007300556E737570706F7274656420776F2B
:10D3E00072642073697A653A20257500556E7375ED
:10D3F00070706F72746564206461746120666F720E
:10D400006D61743A2030782530327800556E73752E
:10D4100070706F727465642073747265616D2066DC
:10D420006F726D61743A2030782530327800556E15
:10D43000737570706F72746564206E756D6265725D
:10D44000206F66206368616E6E656C733A20257587
:10D4500000556E737570706F72746564206F7065BF
:10D46000726174696F6E206D6F64653A2030782543
:10D4700030327800493253204D434B20667265713B
:10D4800075656E63793A2025752C2061637475612A
:10D490006C2050434D20726174653A20257500550B
:10D4A0006E737570706F72746564206F7074696FDD
:10D4B0006E733A2030782530327800545820616EEF
:10D4C0006420525820636F6E666967757261746973
:10D4D0006F6E732061726520646966666572656E41
:10D4E0007400496E76616C6964207472696767655F
:10D4F000723A20256400496E617070726F707269B3
:10D500006174652074726967676572202825642FCD
:10D510002564292C206163746976652073747265B3
:10D52000616D2873293A202564004661696C656441
:10D5300020746F20696E697469616C697A6520492D
:10D5400032533A20307825303878004661696C656E
:10D550006420746F207265717565737420636C6FDD
:10D56000636B3A2025640069327340646430303064
:10D57000006932735F6E726678000001040502066E
:10D5800008090F7561727440633630303000756180
:10D5900072745F6E7266785F756172746500466161
:10D5A000696C656420746F20616C6C6F6361746575
:10D5B000204750494F5445206368616E6E656C206A
:10D5C000666F722057414B45004661696C65642067
:10D5D000746F20636F6E6669677572652057414B83
:10D5E000452070696E004353204750494F20706FAB
:10D5F00072742025732070696E2025642069732061
:10D600006E6F742072656164790055706461746531
:10D6100020657863656564732063757272656E74E6
:10D62000206275666665720048616C662D6475706F
:10D630006C6578206E6F7420737570706F7274658E
:10D640006400536C617665206D6F6465206973209A
:10D650006E6F7420737570706F72746564206F6E76
:10D66000202573004C6F6F706261636B206D6F6477
:10D6700065206973206E6F7420737570706F72749B
:10D68000656400576F72642073697A6573206F74E4
:10D69000686572207468616E203820626974732036
:10D6A000617265206E6F7420737570706F7274652F
:10D6B00064004672657175656E63696573206C6F91
:10D6C000776572207468616E20313235206B487A3C
:10D6D00020617265206E6F7420737570706F727444
:10D6E0006564004661696C656420746F20696E69C9
:10D6F0007469616C697A65206E72667820647269FB
:10D700007665723A20253038780057616974696E01
:10D710006720666F722057414B452061636B6E6FC7
:10D72000776C6564676D656E742074696D656420DF
:10D730006F75740054696D656F75742077616974D5
:10D74000696E6720666F72207472616E73666572AF
:10D7500020636F6D706C657465007370694034612F
:10D76000303030007370695F6E7266785F73706915
:10D770006D00574553545F544F504449522F7A65BA
:10D78000706879722F647269766572732F74696D2F
:10D7900065722F6E72665F677274635F74696D6520
:10D7A000722E63002828282831554C203C3C202824
:10D7B000302929207C202831554C203C3C20283120
:10D7C0002929207C202831554C203C3C2028322916
:10D7D00029207C202831554C203C3C202833292905
:10D7E000207C202831554C203C3C202834292920FD
:10D7F0007C202831554C203C3C2028352929207C90
:10D80000202831554C203C3C2028362929207C20DA
:10D810002831554C203C3C2028372929207C2028C1
:10D8200031554C203C3C2028382929207C202831A7
:10D83000554C203C3C2028392929207C2028315572
:10D840004C203C3C202831302929207C202831558F
:10D850004C203C3C202831312929292026207E28B3
:10D860002831554C203C3C2028332929207C202875
:10D8700031554C203C3C2028342929207C2028315B
:10D88000554C203C3C2028372929207C2028315524
:10D890004C203C3C2028382929207C202831554C1C
:10D8A000203C3C2028392929207C202831554C2037
:10D8B0003C3C202831302929207C202831554C201F
:10D8C0003C3C20283131292929292026202831557E
:10D8D0004C203C3C20286368616E2929292026269B
:10D8E0002028286368616E2920213D207379737494
:10D8F000656D5F636C6F636B5F6368616E6E656CB3
:10D900005F646174612E6368616E6E656C29005797
:10D910004553545F544F504449522F6E72662F73D3
:10D9200075627379732F626C7565746F6F74682F8D
:10D93000636F6E74726F6C6C65722F6863695F647D
:10D9400072697665722E630009536F66744465765A
:10D9500069636520436F6E74726F6C6C65722041F1
:10D9600053534552543A2025732C2025640A0A004B
:10D97000574553545F544F504449522F7A6570684D
:10D9800079722F696E636C7564652F7A657068793A
:10D99000722F647269766572732F656E74726F7020
:10D9A000792E68006170692D3E6765745F656E74DD
:10D9B000726F707920213D202828766F6964202AB3
:10D9C000293029000943616C6C6261636B20706FC0
:10D9D000696E7465722073686F756C64206E6F7405
:10D9E000206265204E554C4C0A000954686520653C
:10D9F0006E74726F707920736F75726365207265D3
:10DA00007475726E656420616E206572726F72202B
:10DA1000696E206120626C6F636B696E6720636161
:10DA20006C6C0A00574553545F544F504449522F71
:10DA30006E72662F696E636C7564652F6D70736CA2
:10DA40002F6D70736C5F776F726B2E6800096B5F60
:10DA5000776F726B5F7375626D69745F746F5F71FE
:10DA6000756575652829206661696C65642E0A00F4
:10DA7000536F667444657669636520436F6E747294
:10DA80006F6C6C6572206275696C64207265766972
:10DA900073696F6E3A2000456E74726F70792073EF
:10DAA0006F7572636520646576696365206E6F7457
:10DAB000207265616479004661696C656420746FE9
:10DAC0002072656769737465722072616E64207379
:10DAD0006F75726365202825642900416C6C6F6343
:10DAE00061746564206D656D6F727920746F6F204D
:10DAF0006C6F773A202575203C20257500457665AA
:10DB00006E742062756666657220746F6F20736D27
:10DB1000616C6C2E202575203E20257500556E65A4
:10DB200078706563746564206D73675F7479706580
:10DB30003A2025752E20546869732069662D656C1E
:10DB40007365206E656564732061206E6577206261
:10DB500072616E636800556E6B6E6F776E206572D2
:10DB6000726F72207768656E2070726F6365737371
:10DB7000696E6720686369206D65737361676520EE
:10DB800025640062745F6863695F73646300627434
:10DB90005F7364635F6863695F647269766572006E
:10DBA00062745F7364635F63727970746F0057456A
:10DBB00053545F544F504449522F6E72662F737501
:10DBC000627379732F6D70736C2F696E69742F6D2A
:10DBD00070736C5F696E69742E6300094D50534C0D
:10DBE000204153534552543A2025732C2025640A72
:10DBF0000A00657272636F6465203D3D2030000944
:10DC00006B5F776F726B5F7363686564756C655F7C
:10DC1000666F725F71756575652829206661696C2C
:10DC200065642E0A004D50534C20576F726B006D87
:10DC300070736C5F696E697400574553545F544F3D
:10DC4000504449522F6E72662F6472697665727302
:10DC50002F6D70736C2F636C6F636B5F636F6E748B
:10DC6000726F6C2F6E7266785F636C6F636B5F6D43
:10DC700070736C2E6300094E6F7420737570706F33
:10DC8000727465640A00574553545F544F504449B9
:10DC9000522F6E72662F647269766572732F6D7083
:10DCA000736C2F666C6173685F73796E632F666C3B
:10DCB0006173685F73796E635F6D70736C2E630060
:10DCC00073657373696F6E5F6964203D3D205F63A8
:10DCD0006F6E746578742E73657373696F6E5F69A8
:10DCE0006400096D70736C5F74696D65736C6F743B
:10DCF0005F72657175657374206661696C65643AFD
:10DD00002025640A0009756E657870656374656422
:10DD1000207369676E616C3A2025750A006D707317
:10DD20006C5F74696D65736C6F745F736573736931
:10DD30006F6E5F6F70656E206661696C65643A2016
:10DD40002564006B5F73656D5F636F756E745F67ED
:10DD5000657428265F636F6E746578742E74696DC0
:10DD6000656F75745F73656D29203D3D20300066D9
:10DD70006C6173685F73796E635F6D70736C00576D
:10DD80004553545F544F504449522F6D6F64756C26
:10DD900065732F68616C2F6E6F726469632F6E728A
:10DDA00066782F68616C2F6E72665F6770696F743A
:10DDB000652E6800696E646578203C203800574500
:10DDC00053545F544F504449522F6D6F64756C65C6
:10DDD000732F68616C2F6E6F726469632F6E726649
:10DDE000782F647269766572732F7372632F6E7207
:10DDF00066785F6770696F74652E63006E7266790E
:10DE00005F6770696F5F70696E5F70726573656E72
:10DE1000745F636865636B2870696E290070696E52
:10DE20005F69735F696E70757428705F696E737473
:10DE3000616E63652C2070696E290070696E5F6881
:10DE400061735F7472696767657228705F696E736A
:10DE500074616E63652C2070696E2900705F636861
:10DE6000616E6E656C00696E745F656E61626C6593
:10DE700000000718232323232323232323232323DF
:10DE800023000102574553545F544F504449522FC9
:10DE90006D6F64756C65732F68616C2F6E6F726443
:10DEA00069632F6E7266782F68616C2F6E72665F81
:10DEB000677274632E680076616C7565203C3D2046
:10DEC0002828307846464646554C203C3C20283091
:10DED000554C2929203E3E202830554C29290076D2
:10DEE000616C7565203C3D20282830784646554CAD
:10DEF000203C3C202830554C2929203E3E2028300B
:10DF0000554C29290063635F6368616E6E656C2000
:10DF10003C20283132554C2900574553545F544F0B
:10DF2000504449522F6D6F64756C65732F68616C36
:10DF30002F6E6F726469632F6E7266782F647269D8
:10DF4000766572732F7372632F6E7266785F677275
:10DF500074632E6300705F6368616E5F64617461F7
:10DF6000006D5F63622E7374617465203D3D204EC9
:10DF70005246585F4452565F53544154455F494E90
:10DF8000495449414C495A454400705F636F756E6E
:10DF900074657200705F6D61696E5F63635F636873
:10DFA000616E6E656C006D5F63622E6368616E6E9C
:10DFB000656C5F646174615B305D2E6368616E6E79
:10DFC000656C203D3D2030006D5F63622E7374618F
:10DFD000746520213D204E5246585F4452565F538F
:10DFE000544154455F554E494E495449414C495A54
:10DFF00045440063635F68203C3D202830784646F6
:10E00000464646554C203C3C202830554C2929009A
:10E01000574553545F544F504449522F6D6F6475A8
:10E020006C65732F68616C2F6E6F726469632F6EFD
:10E030007266782F647269766572732F7372632FBC
:10E040006E7266785F6932732E6300705F636F6E05
:10E0500066696700705F696E697469616C5F62759B
:10E06000666665727320213D202828766F696420DA
:10E070002A29302900705F696E697469616C5F627A
:10E080007566666572732D3E705F72785F62756645
:10E0900066657220213D202828766F6964202A2930
:10E0A0003029207C7C20705F696E697469616C5FC7
:10E0B000627566666572732D3E705F74785F627517
:10E0C0006666657220213D202828766F6964202AC3
:10E0D0002930290028705F696E697469616C5F621C
:10E0E0007566666572732D3E705F72785F627566E5
:10E0F000666572203D3D202828766F6964202A29B4
:10E10000302929207C7C20286E7266785F69735FD5
:10E11000696E5F72616D28705F696E697469616CA8
:10E120005F627566666572732D3E705F72785F62BE
:10E13000756666657229202626206E7266785F698C
:10E14000735F776F72645F616C69676E6564287076
:10E150005F696E697469616C5F627566666572732A
:10E160002D3E705F72785F62756666657229290060
:10E1700028705F696E697469616C5F627566666557
:10E1800072732D3E705F74785F627566666572208B
:10E190003D3D202828766F6964202A2930292920CE
:10E1A0007C7C20286E7266785F69735F696E5F722F
:10E1B000616D28705F696E697469616C5F62756614
:10E1C000666572732D3E705F74785F627566666512
:10E1D0007229202626206E7266785F69735F776FDA
:10E1E00072645F616C69676E656428705F696E69EF
:10E1F0007469616C5F627566666572732D3E705FEF
:10E2000074785F627566666572292900705F696E51
:10E21000697469616C5F627566666572732D3E62D2
:10E2200075666665725F73697A6520213D203000EE
:10E23000705F63622D3E7374617465203D3D204EB6
:10E240005246585F4452565F53544154455F504FB5
:10E2500057455245445F4F4E00705F627566666574
:10E2600072730028705F627566666572732D3E700A
:10E270005F72785F627566666572203D3D20282872
:10E28000766F6964202A29302929207C7C20286E19
:10E290007266785F69735F696E5F72616D28705F27
:10E2A000627566666572732D3E705F72785F627527
:10E2B0006666657229202626206E7266785F69730D
:10E2C0005F776F72645F616C69676E656428705F09
:10E2D000627566666572732D3E705F72785F6275F7
:10E2E0006666657229290028705F627566666572C8
:10E2F000732D3E705F74785F627566666572203D4F
:10E300003D202828766F6964202A29302929207C1D
:10E310007C20286E7266785F69735F696E5F7261D8
:10E320006D28705F627566666572732D3E705F74EE
:10E33000785F62756666657229202626206E726691
:10E34000785F69735F776F72645F616C69676E6530
:10E350006428705F627566666572732D3E705F74C7
:10E36000785F627566666572292900705F627566FE
:10E37000666572732D3E6275666665725F73697A53
:10E380006520213D203000705F627566666572739E
:10E390002D3E705F74785F62756666657220213D00
:10E3A000202828766F6964202A29302900705F624E
:10E3B0007566666572732D3E705F72785F62756612
:10E3C00066657220213D202828766F6964202A29FD
:10E3D000302900705F63622D3E7374617465202183
:10E3E0003D204E5246585F4452565F535441544567
:10E3F0005F554E494E495449414C495A454400578E
:10E400004553545F544F504449522F6D6F64756C9F
:10E4100065732F68616C2F6E6F726469632F6E7203
:10E4200066782F68616C2F6E72665F7272616D63C1
:10E430002E6800705F636F6E6669672D3E77726944
:10E4400074655F627566665F73697A65203C3D201E
:10E450002830783230554C2900574553545F544F7B
:10E46000504449522F6D6F64756C65732F68616CF1
:10E470002F6E6F726469632F6E7266782F68616C9D
:10E480002F6E72665F7370696D2E680070726573AF
:10E4900063616C6572203E3D20282028705F7265A4
:10E4A00067203D3D2028284E52465F5350494D5F1E
:10E4B000547970652A292030783530303441303035
:10E4C00030554C2929203F20283429203A20283053
:10E4D000783032554C2929007072657363616C6520
:10E4E00072203C3D20282028705F726567203D3DEA
:10E4F0002028284E52465F5350494D5F547970652D
:10E500002A292030783530303441303030554C298C
:10E5100029203F202831323629203A2028307837E8
:10E5200045554C2929002828287072657363616C51
:10E530006572292025203229203D3D2030290057B1
:10E540004553545F544F504449522F6D6F64756C5E
:10E5500065732F68616C2F6E6F726469632F6E72C2
:10E5600066782F647269766572732F7372632F6E8B
:10E570007266785F7370696D2E6300705F78666590
:10E58000725F646573632D3E705F74785F62756659
:10E5900066657220213D202828766F6964202A292B
:10E5A0003029207C7C20705F786665725F646573BB
:10E5B000632D3E74785F6C656E677468203D3D2006
:10E5C0003000705F786665725F646573632D3E70BE
:10E5D0005F72785F62756666657220213D2028282B
:10E5E000766F6964202A293029207C7C20705F782E
:10E5F0006665725F646573632D3E72785F6C656EED
:10E60000677468203D3D2030002828705F7866657B
:10E61000725F646573632D3E72785F6C656E6774BC
:10E6200068203C202831554C203C3C2028656173F3
:10E6300079646D615F737570706F72745F62697415
:10E64000735B705F696E7374616E63652D3E647297
:10E65000765F696E73745F6964785D292929202665
:10E66000262028705F786665725F646573632D3E4F
:10E6700074785F6C656E677468203C202831554C57
:10E68000203C3C202865617379646D615F7375700F
:10E69000706F72745F626974735B705F696E7374BC
:10E6A000616E63652D3E6472765F696E73745F6937
:10E6B00064785D29292929002128666C6167732007
:10E6C00026202831554C203C3C20332929207C7CB5
:10E6D0002028705F63622D3E73735F70696E203D0A
:10E6E0003D20307846464646464646462900705FFD
:10E6F00063622D3E68616E646C65720057455354C9
:10E700005F544F504449522F6D6F64756C65732F81
:10E7100066732F6C6974746C6566732F6C66732EE8
:10E7200063006C66735F7461675F73697A65286CF8
:10E7300066732D3E6773746174652E74616729205A
:10E740003E203078303030207C7C206F72706861E1
:10E750006E73203E3D2030006C66735F7461675FAE
:10E7600073697A65286C66732D3E6773746174658E
:10E770002E74616729203C203078316666207C7CCD
:10E78000206F727068616E73203C3D203000216CF8
:10E7900066732D3E626C6F636B5F636F756E742082
:10E7A0007C7C20626C6F636B203C206C66732D3E1A
:10E7B000626C6F636B5F636F756E7400657272205D
:10E7C0003C3D2030007370203C20330025733A25F7
:10E7D000643A20436F727275707465642064697264
:10E7E0002070616972206174207B307825782C203C
:10E7F000307825787D0025733A25643A2043796383
:10E800006C6520646574656374656420696E20744A
:10E8100061696C206C6973740025733A25643A2031
:10E820004E6F206D6F726520667265652073706132
:10E8300063652030782578006C66732D3E636667CB
:10E840002D3E726561645F73697A6520213D2030D9
:10E85000006C66732D3E6366672D3E70726F675F56
:10E8600073697A6520213D2030006C66732D3E630C
:10E8700066672D3E63616368655F73697A65202111
:10E880003D2030006C66732D3E6366672D3E6361EC
:10E890006368655F73697A652025206C66732D3E19
:10E8A0006366672D3E726561645F73697A65203DBA
:10E8B0003D2030006C66732D3E6366672D3E6361BC
:10E8C0006368655F73697A652025206C66732D3EE9
:10E8D0006366672D3E70726F675F73697A65203D6E
:10E8E0003D2030006C66732D3E6366672D3E626C82
:10E8F0006F636B5F73697A652025206C66732D3EAC
:10E900006366672D3E63616368655F73697A65203E
:10E910003D3D2030006C66732D3E6366672D3E6280
:10E920006C6F636B5F73697A65203E3D20313238CE
:10E93000006C66732D3E6366672D3E626C6F636B81
:10E940005F6379636C657320213D2030006C6673D2
:10E950002D3E6366672D3E636F6D706163745F74F7
:10E960006872657368203D3D2030207C7C206C6699
:10E97000732D3E6366672D3E636F6D706163745FD8
:10E98000746872657368203E3D206C66732D3E632B
:10E9900066672D3E626C6F636B5F73697A652F32B9
:10E9A000006C66732D3E6366672D3E636F6D70610C
:10E9B00063745F746872657368203D3D20286C66DF
:10E9C000735F73697A655F74292D31207C7C206CBC
:10E9D00066732D3E6366672D3E636F6D7061637471
:10E9E0005F746872657368203C3D206C66732D3ED1
:10E9F0006366672D3E626C6F636B5F73697A650057
:10EA00006C66732D3E6366672D3E6C6F6F6B61683D
:10EA10006561645F73697A65203E2030006C6673BF
:10EA20002D3E6366672D3E6E616D655F6D6178207A
:10EA30003C3D20323535006C66732D3E6366672D94
:10EA40003E66696C655F6D6178203C3D20323134F3
:10EA500037343833363437006C66732D3E6366675F
:10EA60002D3E617474725F6D6178203C3D203130C1
:10EA70003232006C66732D3E6366672D3E6D6574A1
:10EA800061646174615F6D6178203C3D206C6673E8
:10EA90002D3E6366672D3E626C6F636B5F73697AB0
:10EAA00065006C66732D3E6366672D3E696E6C690A
:10EAB0006E655F6D6178203D3D20286C66735F73E5
:10EAC000697A655F74292D31207C7C206C66732DFA
:10EAD0003E6366672D3E696E6C696E655F6D617839
:10EAE000203C3D206C66732D3E6366672D3E63615E
:10EAF0006368655F73697A65006C66732D3E636653
:10EB0000672D3E696E6C696E655F6D6178203D3D75
:10EB100020286C66735F73697A655F74292D3120D4
:10EB20007C7C206C66732D3E6366672D3E696E6C3F
:10EB3000696E655F6D6178203C3D206C66732D3E8B
:10EB4000617474725F6D6178006C66732D3E6366EC
:10EB5000672D3E696E6C696E655F6D6178203D3D25
:10EB600020286C66735F73697A655F74292D312084
:10EB70007C7C206C66732D3E6366672D3E696E6CEF
:10EB8000696E655F6D6178203C3D2028286C667356
:10EB90002D3E6366672D3E6D657461646174615FCF
:10EBA0006D617829203F206C66732D3E6366672D6A
:10EBB0003E6D657461646174615F6D6178203A20B7
:10EBC0006C66732D3E6366672D3E626C6F636B5F90
:10EBD00073697A65292F38007063616368652D3E1B
:10EBE000626C6F636B203C206C66732D3E626C6FB1
:10EBF000636B5F636F756E7400626C6F636B203D57
:10EC00003D2028286C66735F626C6F636B5F7429AC
:10EC10002D3229207C7C20626C6F636B203C206C41
:10EC200066732D3E626C6F636B5F636F756E74000D
:10EC30006F6666202B2073697A65203C3D206C66E8
:10EC4000732D3E6366672D3E626C6F636B5F736905
:10EC50007A65007063616368652D3E626C6F636BFB
:10EC6000203D3D2028286C66735F626C6F636B5F8C
:10EC700074292D3129002866696C652D3E666C610A
:10EC800067732026204C46535F4F5F57524F4E4CC0
:10EC90005929203D3D204C46535F4F5F57524F4E00
:10ECA0004C5900636F6D6D69742E6F666620252068
:10ECB0006C66732D3E6366672D3E70726F675F737F
:10ECC000697A65203D3D20300025733A25643A205D
:10ECD0005375706572626C6F636B20307825782095
:10ECE000686173206265636F6D6520756E77726908
:10ECF0007461626C65006469722D3E636F756E7439
:10ED0000203E203000706469720025733A25643A11
:10ED100020556E61626C6520746F2073706C69742D
:10ED2000207B307825782C20307825787D0025735D
:10ED30003A25643A20556E61626C6520746F2065D7
:10ED40007870616E64207375706572626C6F636B4E
:10ED5000002128686173706172656E742026262018
:10ED6000657272203D3D204C46535F4552525F4EC6
:10ED70004F454E5429006C66735F7461675F747908
:10ED8000706533286C66732D3E676469736B2E74EF
:10ED9000616729203D3D204C46535F545950455FE3
:10EDA00044454C455445006366672D3E626C6F6375
:10EDB0006B5F636F756E7420213D20300025733AC0
:10EDC00025643A20496E76616C69642076657273B9
:10EDD000696F6E20762568752E25687520213D2087
:10EDE000762568752E2568750025733A25643A20C6
:10EDF000556E737570706F72746564206E616D65A9
:10EE00005F6D617820282575203E20257529002515
:10EE1000733A25643A20556E737570706F7274651D
:10EE2000642066696C655F6D617820282575203ED9
:10EE3000202575290025733A25643A20556E73758F
:10EE400070706F7274656420617474725F6D617844
:10EE500020282575203E202575290025733A256434
:10EE60003A20496E76616C696420626C6F636B2036
:10EE7000636F756E742028257520213D2025752926
:10EE80000025733A25643A20496E76616C696420E6
:10EE9000626C6F636B2073697A6520282575202169
:10EEA0003D2025752900216C66735F6D6C69737454
:10EEB0005F69736F70656E286C66732D3E6D6C694B
:10EEC00073742C2028737472756374206C66735F7E
:10EED0006D6C6973742A2966696C652900286669F6
:10EEE0006C652D3E666C6167732026204C46535F2F
:10EEF0004F5F52444F4E4C5929203D3D204C4653C4
:10EF00005F4F5F52444F4E4C5900216C66735F6DEA
:10EF10006C6973745F69736F70656E286C66732DAE
:10EF20003E6D6C6973742C20287374727563742041
:10EF30006C66735F6D6C6973742A29646972290049
:10EF4000574553545F544F504449522F7A65706867
:10EF500079722F6B65726E656C2F64657669636577
:10EF60002E6300646576203C3D205F6465766963AE
:10EF7000655F6C6973745F656E640048616C746989
:10EF80006E672073797374656D00556E6B6E6F7765
:10EF90006E206572726F72003E3E3E205A455048A8
:10EFA000595220464154414C204552524F5220253F
:10EFB000643A202573206F6E20435055202564004D
:10EFC0004661756C7420647572696E6720696E7431
:10EFD0006572727570742068616E646C696E670A20
:10EFE0000043757272656E74207468726561643A6C
:10EFF000202570202825732900574553545F544F0E
:10F00000504449522F7A65706879722F6B65726E21
:10F01000656C2F666174616C2E6300726561736F3D
:10F020006E20213D204B5F4552525F4B45524E456D
:10F030004C5F50414E49430009417474656D7074D2
:10F04000656420746F207265636F766572206672E6
:10F050006F6D2061206B65726E656C2070616E69EA
:10F060006320636F6E646974696F6E0A0043505564
:10F0700020657863657074696F6E00556E68616EA7
:10F08000646C656420696E74657272757074005387
:10F090007461636B206F766572666C6F77004B6589
:10F0A000726E656C206F6F7073004B65726E656C6D
:10F0B0002070616E696300574553545F544F50444C
:10F0C00049522F7A65706879722F6B65726E656C24
:10F0D0002F696E69742E63007468726561645F6481
:10F0E000617461203C3D205F5F7374617469635F8C
:10F0F0007468726561645F646174615F6C69737484
:10F100005F656E64006F7300574553545F544F50F2
:10F110004449522F7A65706879722F6B65726E65FB
:10F120006C2F6B686561702E630068656170203CB0
:10F130003D205F6B5F686561705F6C6973745F65CC
:10F140006E640021617263685F69735F696E5F69F5
:10F1500073722829207C7C20282874696D656F755E
:10F1600074292E7469636B73203D3D202828286B19
:10F170005F74696D656F75745F7429207B307D29BC
:10F18000292E7469636B732900574553545F544F9C
:10F19000504449522F7A65706879722F6B65726E90
:10F1A000656C2F6D656D5F736C61622E6300736CAF
:10F1B0006162203C3D205F6B5F6D656D5F736C61CC
:10F1C000625F6C6973745F656E640028736C616262
:10F1D0002D3E667265655F6C697374203D3D202825
:10F1E00028766F6964202A29302920262620736C0E
:10F1F00061622D3E696E666F2E6E756D5F7573650B
:10F2000064203D3D20736C61622D3E696E666F2EF9
:10F210006E756D5F626C6F636B7329207C7C2073ED
:10F220006C61625F7074725F69735F676F6F64288F
:10F23000736C61622C20736C61622D3E6672656531
:10F240005F6C697374290009736C616220636F726B
:10F2500072757074696F6E2064657465637465643B
:10F260000A0009496E76616C6964206D656D6F7284
:10F270007920706F696E7465722070726F76696440
:10F2800065640A00574553545F544F504449522F08
:10F290007A65706879722F6B65726E656C2F696E16
:10F2A000636C7564652F6B73636865642E680021F9
:10F2B000617263685F6972715F756E6C6F636B65B5
:10F2C00064286B657929007468726561642D3E62FB
:10F2D0006173652E70656E6465645F6F6E0057457F
:10F2E00053545F544F504449522F7A657068797275
:10F2F0002F6B65726E656C2F69646C652E63005FA1
:10F300006B65726E656C2E637075735B305D2E631A
:10F31000757272656E742D3E626173652E707269CE
:10F320006F203E3D203000574553545F544F5044AA
:10F3300049522F7A65706879722F6B65726E656CB1
:10F340002F6D73675F712E63006D7367712D3E774C
:10F35000726974655F707472203E3D206D736771D1
:10F360002D3E6275666665725F73746172742026E5
:10F3700026206D7367712D3E77726974655F7074B6
:10F3800072203C206D7367712D3E627566666572F2
:10F390005F656E6400574553545F544F5044495263
:10F3A0002F7A65706879722F6B65726E656C2F6D40
:10F3B000757465782E630021617263685F69735F9D
:10F3C000696E5F697372282900096D7574657865C7
:10F3D000732063616E6E6F7420626520757365645F
:10F3E00020696E7369646520495352730A006D7514
:10F3F0007465782D3E6C6F636B5F636F756E742000
:10F400003E20305500574553545F544F50444952A5
:10F410002F7A65706879722F6B65726E656C2F73C9
:10F42000656D2E63002828617263685F69735F6988
:10F430006E5F6973722829203D3D203029207C7C35
:10F4400020282874696D656F7574292E7469636B43
:10F4500073203D3D202828286B5F74696D656F75AA
:10F46000745F7429207B307D29292E7469636B7346
:10F47000292900737973776F726B71005745535464
:10F480005F544F504449522F7A65706879722F6BE0
:10F4900065726E656C2F776F726B2E6300776F727B
:10F4A0006B2D3E717565756520213D202828766F8E
:10F4B0006964202A29302900776F726B2D3E6861BC
:10F4C0006E646C657220213D202828766F69642067
:10F4D0002A2930290021666C61675F74657374287E
:10F4E00026776F726B2D3E666C6167732C204B5FC5
:10F4F000574F524B5F44454C415941424C455F4246
:10F500004954290073796E6320213D202828766FA5
:10F510006964202A29302900737461636B002166B5
:10F520006C61675F74657374282671756575652DE8
:10F530003E666C6167732C204B5F574F524B5F5197
:10F54000554555455F535441525445445F424954D3
:10F55000290064776F726B20213D202828766F691F
:10F5600064202A29302900574553545F544F504492
:10F5700049522F7A65706879722F6B65726E656C6F
:10F580002F7468726561642E6300282828287072C1
:10F59000696F2929203D3D203135202626207A5FBC
:10F5A00069735F69646C655F7468726561645F65E7
:10F5B0006E7472792828656E747279292929207CE5
:10F5C0007C202828283135202D203129203E3D203F
:10F5D00028282D313629292920262620282870720E
:10F5E000696F2929203E3D2028282D3136292920E0
:10F5F00026262028287072696F2929203C3D202862
:10F600003135202D20312929290009696E76616C58
:10F610006964207072696F72697479202825642981
:10F620003B20616C6C6F7765642072616E67653A30
:10F6300020256420746F2025640A000954687265CF
:10F64000616473206D6179206E6F74206265206340
:10F6500072656174656420696E20495352730A00B3
:10F66000574553545F544F504449522F7A65706840
:10F6700079722F6B65726E656C2F73636865642E8B
:10F680006300217A5F69735F69646C655F74687297
:10F690006561645F6F626A6563742874687265612E
:10F6A000642900574553545F544F504449522F7AB0
:10F6B00065706879722F6B65726E656C2F696E6309
:10F6C0006C7564652F6B7468726561642E68005F89
:10F6D0006B65726E656C2E637075735B305D2E6347
:10F6E000757272656E7420213D202828766F6964DA
:10F6F000202A2930290073697A656F66285F736351
:10F700006865645F7370696E6C6F636B29203D3D43
:10F710002030207C7C206C6F636B20213D20265F95
:10F7200073636865645F7370696E6C6F636B005FB1
:10F730006B65726E656C2E637075735B305D2E63E6
:10F74000757272656E742D3E626173652E736368A7
:10F7500065645F6C6F636B656420213D20315500EB
:10F760005F6B65726E656C2E637075735B305D2EBA
:10F7700063757272656E742D3E626173652E73637C
:10F780006865645F6C6F636B656420213D20305554
:10F79000000961626F7274696E6720657373656ECC
:10F7A0007469616C207468726561642025700A0058
:10F7B000217465726D696E617465000961626F72B2
:10F7C000746564205F63757272656E742062616334
:10F7D0006B2066726F6D20646561640A0057455343
:10F7E000545F544F504449522F7A65706879722F94
:10F7F0006B65726E656C2F74696D65736C69636996
:10F800006E672E6300282874696D656F75742920F2
:10F81000262620282875696E747074725F742920FA
:10F8200028736C6963655F74696D656F757473299E
:10F8300029203C3D20282875696E747074725F74AD
:10F8400029202874696D656F757429292026262062
:10F85000282875696E747074725F74292028746921
:10F860006D656F75742929203C20282875696E7490
:10F870007074725F742920282628736C6963655F31
:10F8800074696D656F757473295B282873697A656F
:10F890005F742920282828696E74292073697A6585
:10F8A0006F6628636861725B31202D2032202A2028
:10F8B0002128215F5F6275696C74696E5F7479706D
:10F8C00065735F636F6D70617469626C655F7028EA
:10F8D0005F5F747970656F665F5F28736C696365DD
:10F8E0005F74696D656F757473292C205F5F74791F
:10F8F00070656F665F5F282628736C6963655F7447
:10F90000696D656F757473295B305D2929295D29DF
:10F91000202D203129202B202873697A656F6628D5
:10F92000736C6963655F74696D656F7574732920A5
:10F930002F2073697A656F662828736C6963655F29
:10F9400074696D656F757473295B305D2929292988
:10F950005D29292026262028282875696E74707450
:10F96000725F7429202874696D656F757429292068
:10F970002D20282875696E747074725F7429202890
:10F98000736C6963655F74696D656F75747329293C
:10F990002920252073697A656F662828736C69634E
:10F9A000655F74696D656F757473295B305D2920BF
:10F9B0003D3D20302900574553545F544F50444932
:10F9C000522F7A65706879722F6B65726E656C2F35
:10F9D00074696D656F75742E6300217379735F644C
:10F9E0006E6F64655F69735F6C696E6B6564282612
:10F9F000746F2D3E6E6F64652900574553545F54F4
:10FA00004F504449522F7A65706879722F6B657236
:10FA10006E656C2F706F6C6C2E630009696E766179
:10FA20006C6964206576656E742074797065202831
:10FA300030782578290A0A006576656E742D3E7344
:10FA4000656D20213D202828766F6964202A2930A1
:10FA5000290009696E76616C69642073656D617057
:10FA6000686F72650A0A006576656E742D3E717561
:10FA700065756520213D202828766F6964202A2934
:10FA800030290009696E76616C696420717565754D
:10FA9000650A0A006576656E742D3E7369676E614E
:10FAA0006C20213D202828766F6964202A2930297E
:10FAB0000009696E76616C696420706F6C6C2073EC
:10FAC00069676E616C0A0A006576656E742D3E6D1D
:10FAD00073677120213D202828766F6964202A29C8
:10FAE00030290009696E76616C6964206D657373F5
:10FAF0006167652071756575650A0A0009696E762A
:10FB0000616C6964206576656E7420747970650A2D
:10FB10000A00574553545F544F504449522F7A6559
:10FB2000706879722F6B65726E656C2F6D656D7084
:10FB30006F6F6C2E6300616C69676E203D3D2030F5
:10FB4000207C7C20282875696E747074725F74291B
:10FB50006D656D20262028616C69676E202D20312F
:10FB60002929203D3D203000096D6973616C69676A
:10FB70006E6564206D656D6F7279206174202570EB
:10FB80002028616C69676E203D20257A75290A005E
:10FB9000141400001C2030401C2000001C203040A9
:10FBA000004063726163656E00574553545F544F64
:10FBB000504449522F6E72662F7375627379732F9A
:10FBC0006E72665F73656375726974792F737263A1
:10FBD0002F647269766572732F63726163656E2F2D
:10FBE00063726163656E7073612F7372632F6C69EA
:10FBF000625F6B6D752E63002828282875696E7406
:10FC00007074725F74296B6D755F7372632D3E64DF
:10FC100065737429202520313629203D3D20302967
:10FC2000000944455354206D6973616C69676E65C2
:10FC3000640A00574553545F544F504449522F6E45
:10FC400072662F7375627379732F6E72665F736558
:10FC50006375726974792F7372632F647269766544
:10FC600072732F63726163656E2F63726163656E79
:10FC70007073612F7372632F6D61632E6300282888
:10FC800028616C672920262028287073615F616CC9
:10FC9000676F726974686D5F7429203078376630D9
:10FCA00030303030302929203D3D202828707361C4
:10FCB0005F616C676F726974686D5F74292030785A
:10FCC0003033303030303030292900141400001C1B
:10FCD0002030401C2000001C20304000405745537D
:10FCE000545F544F504449522F6E72662F737562A1
:10FCF0007379732F6E72665F736563757269747959
:10FD00002F7372632F647269766572732F637261E9
:10FD100063656E2F63726163656E7073612F7372BA
:10FD2000632F6B65795F6D616E6167656D656E747C
:10FD30002E6300646174615F6C656E677468006B4C
:10FD400065795F627566666572006B65795F62757D
:10FD5000666665725F6C656E677468006B65795F77
:10FD60006269747300010302574553545F544F5046
:10FD70004449522F6E72662F7375627379732F6EBA
:10FD800072665F73656375726974792F7372632F1E
:10FD9000647269766572732F63726163656E2F7327
:10FDA0007873796D63727970742F7372632F706CCE
:10FDB0006174666F726D2F626172656D6574616CDE
:10FDC0002F696E74657272757074732E63000955B5
:10FDD0006E68616E646C656420696E7465727275BC
:10FDE00070742E200A00203042574553545F544F00
:10FDF000504449522F6E72662F7375627379732F58
:10FE00006E72665F73656375726974792F7372635E
:10FE10002F7574696C732F6E72665F73656375728C
:10FE20006974795F6D7574657865732E63005745E5
:10FE300053545F544F504449522F7A657068797219
:10FE40002F6B65726E656C2F6576656E74732E63AD
:10FE500000C7537DBC0612F7C0B33A3E288E561E2B
:10FE6000D7A0BE95B000FFFFFFFF1F00FFC1FBE85A
:10FE70004C90728BE7B3518963AB232300647261AA
:10FE8000676F6F6E2F6C6962732F7363686564753B
:10FE90006C696E672F7372632F72656D5F68616C3A
:10FEA0005F6576656E745F74696D65725F677274A5
:10FEB000632E63006E616E00286E756C6C29000005
:10FEC000FFFFFFFFFF1F00001F00000000000000F9
:10FED0007FFE0000E4070000DD500000000100008C
:10FEE000FFFFFFFF1FFF1B00BAABBABA10101010C4
:10FEF000A0354D00FF000000C40900000100000013
:10FF00000000000000500850000000000000000049
:10FF10000C00000000FF7F0000000000AAAAAAAAAF
:10FF2000555555550000000000000000000000007D
:10FF3000B11700005D1F00009D180000ED160000C5
:10FF400000000000000000000000000000000000B1
:10FF500000000000000000000000000000000000A1
:10FF60000000000000000000000000000000000091
:10FF7000653B000000000000B3E900000000000045
:10FF8000FBE9000000000000A13B000000000000B1
:10FF9000FFE9000000000000000000000000000079
:10FFA0000000000000000000000000000000000051
:10FFB0000000000000000000000000000000000041
:10FFC0000000000000000000000000000000000031
:10FFD0000000000000000000000000000000000021
:10FFE0000000000000000000000000000000000011
:10FFF0000000000000000000000000000000000001
:020000040004F6
:1000000000000000000000000000000000000000F0
:1000100000000000000000000000000000000000E0
:1000200000000000000000000000000000000000D0
:1000300000000000000000000000000000000000C0
:1000400000000000000000000000000000000000B0
:1000500000000000000000000000000000000000A0
:100060000000000000000000000000000000000090
:100070000000000000000000000000000000000080
:100080000000000000000000000000000000000070
:100090000000000000000000000000000000000060
:1000A0000000000000000000000000000000000050
:1000B0000000000000000000000000000000000040
:1000C0000000000000000000000000000000000030
:1000D0000000000000000000000000000000000020
:1000E0000000000000000000000000000000000010
:1000F0000000000000000000000000000000000000
:1001000000000000000000000000000000000000EF
:1001100000000000000000000000000000000000DF
:1001200000000000000000000000000000000000CF
:1001300000000000000000000000000000000000BF
:1001400000000000000000000000000000000000AF
:10015000000000000000000000000000000000009F
:10016000000000000000000000000000000000008F
:10017000000000000000000000000000000000007F
:10018000000000000000000000000000000000006F
:10019000000000000000000000000000000000005F
:1001A000000000000000000000000000000000004F
:1001B000000000000000000000000000000000003F
:1001C000000000000000000000000000000000002F
:1001D000000000000000000000000000000000001F
:1001E000000000000000000000000000000000000F
:1001F00000000000000000000000000000000000FF
:1002000000000000000000000000000000000000EE
:1002100000000000000000000000000000000000DE
:100220000000000000000000D1610000A163000098
:10023000F3020100ED0201000B050100215E000048
:10024000E9630000B4030020AC030020A8030020F1
:10025000000000000000000000000000000000009E
:10026000000000000000000000000000000000008E
:10027000000000000000000000000000000000007E
:10028000000000000000000000000000000000006E
:10029000000000000000000000000000000000005E
:1002A000000000000000000000000000000000004E
:1002B00000000000000000000000000040040020DA
:1002C0003F0A0100450A0100470A01006D0A0100CA
:1002D0004B0A0100770A0100510A0100830A01005C
:1002E000570A0100890A0100630A0100670A010038
:1002F000590A01005F0A0100730A01007D0A01002A
:10030000B455030001000101010300001E001E029C
:100310000000000000000000020060007E00E0011C
:1003200003000000000000000000000000000000CA
:1003300000000000000000000000000000000000BD
:1003400000000000000000000000000000000000AD
:10035000000000000000000000000000000000009D
:10036000000000000000000000000000000000008D
:10037000000000000000000000000000000000007D
:10038000000000000000000000000000000000006D
:10039000000000000000000000000000000000005D
:1003A000000000000000000000000000000000004D
:1003B000000000000000000000000000000000003D
:1003C000000000000000000000000000000000002D
:1003D000000000000000000000000000000000001D
:1003E000000000000000000000000000000000000D
:1003F000898F0100000000000000000000000000E4
:1004000000000000000000000000000000000000EC
:1004100000000000000000000000000000000000DC
:1004200000000000000000000000000000000000CC
:1004300000000000000000000000000000000000BC
:1004400000000000000000000000000000000000AC
:10045000000000000000000000000000000000009C
:10046000000000000000000000000000000000008C
:10047000000000000000000000000000000000007C
:10048000000000000000000000000000000000006C
:1004900000000000000000008C430300000000008A
:1004A00000000000D912010000000000000100005F
:1004B000000000000000000000000000000000003C
:1004C000000000000000000000000000000000002C
:1004D000803E00000000000000000000000000005E
:1004E00000000000000000000000000031210100B9
:1004F0000000000000000000CB0A002000001200F5
:10050000DC0A002000001800ED0A002000000C00AA
:1005100000800000FFFFFFFF95EF0200A9F302003B
:100520008873030000000000C07303000000000097
:10053000BFF702000000000000000000BC06002021
:10054000BC06002000000000000000000E000000BB
:1005500000000000F3FE02000000000000000000A8
:1005600000000000797D0100000000000000000094
:100570000000000061A80100000000000000000071
:100580000000000065A00100000000000000000065
:1005900010070020100700200000000000000000ED
:1005A00091B70100A9C70100000000000000000091
:1005B000000000008DBF0100B9090300EB08030033
:1005C00085B70100000000006690030000000200F3
:1005D0007290030000000A008290030000002000D7
:1005E000000000000000000000000000000000000B
:1005F000000000000000000000000000050F0300E4
:10060000000000009690030000000200A29003008A
:1006100000000200AE900300000002000000000095
:10062000000000005DE30100000000000000000089
:1006300000000000000000000000000000000000BA
:1006400000000000000000000000000000000000AA
:10065000000000000000000000000000000000009A
:10066000000000000000000000000000000000008A
:10067000000000000000000000000000000000007A
:10068000000000000000000000000000000000006A
:10069000000000000000000000000000000000005A
:1006A000000000000000000000000000000000004A
:1006B000000000000000000000000000000000003A
:1006C000000000000000000000000000000000002A
:1006D000000000000000000000000000000000001A
:1006E000000000000000000000000000000000000A
:1006F00000000000000000000000000000000000FA
:1007000000000000000000000000000000000000E9
:1007100000000000000000007878030000000000E6
:1007200001000000000000000001000000000000C7
:10073000BF170300000000000000000000000000E0
:10074000B3180300000000000000000000000000DB
:10075000F879030001000000D8080020D808002024
:100760000000000001000000E8080020E808002068
:10077000F0080020F0080020000000000100000048
:100780000009002000090020000000000000000017
:100790000000000000000000000000000000000059
:1007A000000000000000000000000000D44303002F
:1007B000000000000000000083BC00207BBC002083
:1007C0009DFF010000000000FF0000000090D0032A
:1007D0000000000000000000000000000000000019
:1007E0000000000000000000000000000000000009
:1007F00000000000000000000000000000000000F9
:1008000000000000000000000000000000000000E8
:1008100000000000000000000000000000000000D8
:10082000000000000000000008000000FF000000C1
:1008300000000000020000000000000000000000B6
:1008400000000000000000000000000000000000A8
:100850000000000000000000000000000000000098
:100860000000000000000000000000000000000088
:100870000000000000000000000000000000000078
:100880000000000000000000000000000000000068
:1008900000000000040000000F0000000000000045
:1008A00001000000000000000000000067000000E0
:1008B0000000000000000000000000000000000038
:1008C0000000000000000000000000000000000028
:1008D0000000000000000000000000000000000018
:1008E0000000000000000000000000000000000008
:1008F0000000000000000000000000007C0A002052
:100900007C0A0020E92D0300E52D0300BB3C030019
:1009100067742000740C00209C0C0020880C0020C0
:10092000800D0020700D0020B00C0020133C03004F
:10093000173C0300233C030010080000154C550031
:1009400027981E4F438B0100555F06020000154C8F
:10095000550027981E4F438B0400555F0200001579
:100960004C550027981E4F438B0300555F02000033
:10097000154C550027981E4F438B0200555F02000F
:1009800000154C550027981E4F438B0100555F649E
:100990000000000000000000000000000000000057
:1009A0000000000000000000000000000000000047
:1009B0000000000000000000000000000000000037
:1009C0000000000000000000000000000000000027
:1009D0000000000000000000000000000000000017
:1009E0000000000000000000000000000000000007
:1009F000700B0020700B0020000000000820022077
:100A000000000000010000003000000000000000B5
:100A1000900B0020900B00200000000090F20020BE
:100A20000000000001000000B8000000000000000D
:100A3000B00B0020B00B00200000000058B50120D2
:100A4000000000000400000064000000000000003E
:100A5000D00B0020D00B00200000000088A0012057
:100A600000000000080000008002000000000000FC
:100A7000F00B0020F00B00200000000088B40120E3
:100A8000000000000400000034000000000000002E
:100A9000100C0020100C0020000000003820022064
:100AA0000000000010000000100000000000000026
:100AB00000000000882001200080000000000000ED
:100AC000000000000000000000000000D8D8002056
:100AD0008001000000000000000000000000000095
:100AE000600C0020600C00200000000000000000EE
:100AF0000E000000740C0020740C002000000000A8
:100B0000000000000E000000880C0020880C00206F
:100B100000000000000000000E0000009C0C0020FF
:100B20009C0C002000000000000000000E000000EF
:100B3000B00C0020B00C00200000000000000000FD
:100B40000E000000C40C0020C40C002000000000B7
:100B5000000000000E000000D80C0020D80C00207F
:100B600000000000000000000E000000EC0C00205F
:100B7000EC0C002000000000000000000E0000004F
:100B8000000D0020000D002000000000000000000B
:100B90000E000000140D0020140D002000000000C5
:100BA000000000000E000000280D0020280D00208D
:100BB0000000000001000000380D0020380D00206A
:100BC000400D0020400D002000000000010000004A
:100BD000500D0020500D0020580D0020580D002011
:100BE00000000000FFFFFFFF680D0020680D0020DF
:100BF000700D0020700D00200000000000000000BB
:100C0000800D0020800D002000000000000000008A
:100C10000000000000000000000000009C0D00200B
:100C20009C0D0020A40D0020A40D00200000000059
:100C30000000000000000000B80D0020B80D0020EA
:100C4000C00D0020C00D00200000000010001000AA
:100C500010000000000000009875030038FB012020
:100C6000000000000000000000000000EC0D00206B
:100C7000EC0D0020F40D0020F40D00200000000019
:100C80001000100010000000A9BD01004076030014
:100C9000881D02200000000000000000000000008D
:100CA000200E0020200E0020280E0020280E0020FC
:100CB000000000000300030001000000000000002D
:100CC0007C74030024D90120000000000000000013
:100CD00000000000540E0020540E00205C0E002086
:100CE0005C0E002000000000010001001000000068
:100CF000199E01008875030060DB012000000000E0
:100D00000000000000000000880E0020880E002077
:100D1000900E0020900E0020000000000200020053
:100D200001000000000000005475030028DB0120D2
:100D3000000000000000000000000000BC0E0020C9
:100D4000BC0E0020C40E0020C40E002000000000D5
:100D50001000100006000000097801006C74030008
:100D600098D60120000000000000000000000000F4
:100D7000F00E0020F00E0020F80E0020F80E0020EB
:100D80000000000001000100010000000000000060
:0C0D90008C7403007CDA012015E015E0F3
:00000001FF
